CustomerID,CustomerName,Email,Segment,Age,RegionID,SignupDate
20001,Jack Wilson,jack.wilson1@example.com,Consumer,58,5,2025-04-12
20002,Ella Garcia,ella.garcia2@example.com,Consumer,26,4,2022-10-11
20003,Emma Martin,emma.martin3@example.com,Consumer,71,2,2022-11-10
20004,Grace Taylor,grace.taylor4@example.com,Consumer,50,2,2024-02-28
20005,Henry Jones,henry.jones5@example.com,Small Business,28,9,2022-01-24
20006,Jack Moore,jack.moore6@example.com,Consumer,39,5,2025-08-05
20007,Grace Williams,grace.williams7@example.com,Corporate,67,8,2022-01-07
20008,Lucas Wilson,lucas.wilson8@example.com,Corporate,61,3,2024-11-05
20009,Mason Martin,mason.martin9@example.com,Consumer,30,11,2024-11-05
20010,Harper Moore,harper.moore10@example.com,Corporate,54,3,2025-01-09
20011,Olivia Taylor,olivia.taylor11@example.com,Consumer,44,6,2024-09-27
20012,Mason Brown,mason.brown12@example.com,Small Business,26,1,2023-05-09
20013,Ava Thomas,ava.thomas13@example.com,Corporate,55,8,2022-05-22
20014,Mia Williams,mia.williams14@example.com,Corporate,31,11,2024-08-31
20015,Lucas Wilson,lucas.wilson15@example.com,Corporate,55,10,2024-05-16
20016,Noah Thomas,noah.thomas16@example.com,Corporate,62,5,2024-03-28
20017,Harper Davis,harper.davis17@example.com,Consumer,35,9,2024-07-13
20018,Ava Garcia,ava.garcia18@example.com,Consumer,58,1,2025-04-19
20019,Ethan Smith,ethan.smith19@example.com,Consumer,35,2,2025-12-20
20020,Ava Lee,ava.lee20@example.com,Consumer,36,1,2023-11-08
20021,Lucas Anderson,lucas.anderson21@example.com,Consumer,67,8,2023-03-15
20022,Chloe Taylor,chloe.taylor22@example.com,Small Business,72,8,2023-05-13
20023,Grace Brown,grace.brown23@example.com,Consumer,43,2,2022-07-18
20024,Grace Miller,grace.miller24@example.com,Consumer,62,8,2022-04-21
20025,Sophia Smith,sophia.smith25@example.com,Small Business,27,7,2023-11-26
20026,Ethan Brown,ethan.brown26@example.com,Consumer,48,4,2025-01-03
20027,Liam Jones,liam.jones27@example.com,Small Business,25,8,2023-05-27
20028,Leo Moore,leo.moore28@example.com,Consumer,55,9,2022-07-20
20029,Olivia Johnson,olivia.johnson29@example.com,Consumer,51,4,2022-12-07
20030,Noah Martin,noah.martin30@example.com,Consumer,21,7,2022-05-01
20031,Ella Jones,ella.jones31@example.com,Consumer,67,8,2023-08-08
20032,Jack Anderson,jack.anderson32@example.com,Consumer,39,12,2024-09-23
20033,Noah Smith,noah.smith33@example.com,Consumer,41,10,2025-01-15
20034,Emma Smith,emma.smith34@example.com,Consumer,54,10,2024-09-03
20035,Liam Smith,liam.smith35@example.com,Small Business,25,9,2022-06-14
20036,Zoe Johnson,zoe.johnson36@example.com,Consumer,57,11,2023-04-27
20037,Ethan Taylor,ethan.taylor37@example.com,Consumer,47,10,2022-03-23
20038,Chloe Taylor,chloe.taylor38@example.com,Corporate,34,9,2023-10-10
20039,Amelia Brown,amelia.brown39@example.com,Consumer,62,5,2024-03-21
20040,Mason Davis,mason.davis40@example.com,Consumer,60,6,2022-05-29
20041,Chloe Johnson,chloe.johnson41@example.com,Consumer,37,2,2025-01-06
20042,Mia Lee,mia.lee42@example.com,Small Business,44,6,2022-05-21
20043,Mason Williams,mason.williams43@example.com,Small Business,60,8,2025-01-17
20044,Henry Smith,henry.smith44@example.com,Consumer,63,11,2025-02-09
20045,Sophia Lee,sophia.lee45@example.com,Consumer,27,3,2023-06-26
20046,Jack Williams,jack.williams46@example.com,Consumer,66,5,2023-08-01
20047,Amelia Brown,amelia.brown47@example.com,Small Business,53,11,2025-07-22
20048,James Jones,james.jones48@example.com,Consumer,38,1,2022-07-09
20049,Emma Smith,emma.smith49@example.com,Consumer,37,6,2022-09-25
20050,Liam Thomas,liam.thomas50@example.com,Small Business,56,8,2025-02-03
20051,Olivia Johnson,olivia.johnson51@example.com,Corporate,55,2,2025-11-16
20052,Emma Martin,emma.martin52@example.com,Consumer,48,6,2025-04-07
20053,Mia Smith,mia.smith53@example.com,Corporate,71,5,2024-01-17
20054,Emma Lee,emma.lee54@example.com,Small Business,63,6,2023-03-07
20055,Sophia Garcia,sophia.garcia55@example.com,Corporate,68,9,2024-04-12
20056,Mia Lee,mia.lee56@example.com,Corporate,72,4,2022-11-29
20057,Liam Lee,liam.lee57@example.com,Consumer,42,7,2022-02-20
20058,Grace Moore,grace.moore58@example.com,Consumer,71,11,2023-05-24
20059,Sophia Miller,sophia.miller59@example.com,Consumer,50,1,2024-08-21
20060,Harper Jones,harper.jones60@example.com,Consumer,33,4,2023-04-02
20061,Ella Garcia,ella.garcia61@example.com,Corporate,38,5,2022-05-23
20062,Harper Anderson,harper.anderson62@example.com,Consumer,55,9,2024-03-29
20063,Amelia Smith,amelia.smith63@example.com,Consumer,37,2,2023-06-19
20064,Emma Johnson,emma.johnson64@example.com,Consumer,71,10,2024-06-08
20065,Amelia Miller,amelia.miller65@example.com,Consumer,57,10,2024-11-13
20066,Noah Jones,noah.jones66@example.com,Consumer,54,1,2025-12-22
20067,Jack Anderson,jack.anderson67@example.com,Consumer,48,12,2025-10-05
20068,Ava Anderson,ava.anderson68@example.com,Consumer,28,6,2025-06-30
20069,Mason Wilson,mason.wilson69@example.com,Consumer,46,5,2025-09-27
20070,Mason Wilson,mason.wilson70@example.com,Consumer,45,3,2023-01-28
20071,Liam Taylor,liam.taylor71@example.com,Consumer,21,10,2023-09-09
20072,Mason Jones,mason.jones72@example.com,Small Business,59,4,2024-05-30
20073,Amelia Davis,amelia.davis73@example.com,Consumer,53,8,2024-06-24
20074,James Moore,james.moore74@example.com,Consumer,39,12,2022-12-14
20075,Henry Anderson,henry.anderson75@example.com,Consumer,69,11,2025-06-22
20076,Ethan Anderson,ethan.anderson76@example.com,Small Business,30,5,2023-04-06
20077,Olivia Smith,olivia.smith77@example.com,Consumer,70,4,2024-08-31
20078,Ava Davis,ava.davis78@example.com,Consumer,66,7,2025-07-13
20079,Ella Davis,ella.davis79@example.com,Consumer,65,7,2023-05-15
20080,Olivia Lee,olivia.lee80@example.com,Consumer,72,2,2024-05-20
20081,Henry Davis,henry.davis81@example.com,Consumer,28,1,2025-02-15
20082,Leo Williams,leo.williams82@example.com,Consumer,56,8,2025-09-29
20083,Zoe Garcia,zoe.garcia83@example.com,Small Business,53,8,2025-06-08
20084,Grace Martin,grace.martin84@example.com,Corporate,68,9,2024-07-02
20085,James Davis,james.davis85@example.com,Small Business,38,5,2023-05-22
20086,Henry Davis,henry.davis86@example.com,Consumer,25,11,2023-05-05
20087,Mason Brown,mason.brown87@example.com,Consumer,55,5,2023-11-19
20088,Ava Williams,ava.williams88@example.com,Consumer,30,3,2023-04-19
20089,Noah Johnson,noah.johnson89@example.com,Consumer,50,7,2024-04-14
20090,Grace Smith,grace.smith90@example.com,Consumer,70,4,2024-05-10
20091,Chloe Thomas,chloe.thomas91@example.com,Consumer,21,1,2025-03-25
20092,Harper Jones,harper.jones92@example.com,Consumer,68,7,2024-05-08
20093,Jack Moore,jack.moore93@example.com,Consumer,38,10,2023-03-28
20094,Grace Davis,grace.davis94@example.com,Consumer,64,1,2024-03-07
20095,Ella Thomas,ella.thomas95@example.com,Corporate,60,3,2024-08-15
20096,Jack Smith,jack.smith96@example.com,Consumer,22,7,2025-04-27
20097,Ava Anderson,ava.anderson97@example.com,Small Business,32,7,2022-10-05
20098,Emma Jones,emma.jones98@example.com,Consumer,41,7,2023-11-02
20099,Amelia Moore,amelia.moore99@example.com,Small Business,47,7,2023-07-24
20100,Lucas Martin,lucas.martin100@example.com,Consumer,55,2,2024-08-21
20101,Emma Garcia,emma.garcia101@example.com,Consumer,62,4,2025-08-24
20102,Emma Moore,emma.moore102@example.com,Consumer,22,1,2023-05-22
20103,Zoe Williams,zoe.williams103@example.com,Consumer,28,4,2022-09-16
20104,Chloe Brown,chloe.brown104@example.com,Consumer,44,8,2025-12-03
20105,Liam Taylor,liam.taylor105@example.com,Small Business,31,10,2022-08-23
20106,Mason Johnson,mason.johnson106@example.com,Corporate,57,10,2022-02-22
20107,Ella Miller,ella.miller107@example.com,Consumer,65,12,2023-02-11
20108,Ethan Johnson,ethan.johnson108@example.com,Small Business,59,12,2023-09-10
20109,Sophia Moore,sophia.moore109@example.com,Consumer,48,10,2022-03-26
20110,Harper Johnson,harper.johnson110@example.com,Consumer,47,9,2025-08-19
20111,James Johnson,james.johnson111@example.com,Consumer,50,7,2024-01-12
20112,Mia Miller,mia.miller112@example.com,Corporate,38,3,2024-12-04
20113,Zoe Moore,zoe.moore113@example.com,Consumer,67,9,2024-09-17
20114,Chloe Jones,chloe.jones114@example.com,Small Business,26,6,2023-05-18
20115,Lucas Lee,lucas.lee115@example.com,Small Business,57,8,2023-05-15
20116,Zoe Anderson,zoe.anderson116@example.com,Consumer,41,7,2023-11-20
20117,Liam Davis,liam.davis117@example.com,Small Business,42,4,2023-12-28
20118,Lucas Lee,lucas.lee118@example.com,Corporate,56,10,2025-12-07
20119,Olivia Wilson,olivia.wilson119@example.com,Consumer,47,4,2022-06-25
20120,James Wilson,james.wilson120@example.com,Consumer,66,4,2025-11-15
20121,James Davis,james.davis121@example.com,Consumer,46,1,2022-07-10
20122,Ethan Jones,ethan.jones122@example.com,Consumer,56,11,2025-04-06
20123,Henry Garcia,henry.garcia123@example.com,Consumer,65,7,2025-02-01
20124,Leo Jones,leo.jones124@example.com,Consumer,67,5,2023-05-30
20125,Noah Garcia,noah.garcia125@example.com,Corporate,65,2,2025-01-02
20126,Liam Brown,liam.brown126@example.com,Consumer,58,4,2024-09-18
20127,Henry Taylor,henry.taylor127@example.com,Small Business,39,5,2022-07-25
20128,Ethan Garcia,ethan.garcia128@example.com,Consumer,55,3,2023-09-12
20129,Mia Jones,mia.jones129@example.com,Consumer,65,1,2022-04-22
20130,Mia Anderson,mia.anderson130@example.com,Small Business,57,8,2022-07-30
20131,Mason Davis,mason.davis131@example.com,Consumer,24,8,2024-06-21
20132,Lucas Martin,lucas.martin132@example.com,Small Business,46,8,2022-08-22
20133,James Johnson,james.johnson133@example.com,Small Business,30,10,2025-07-13
20134,Mia Moore,mia.moore134@example.com,Consumer,36,10,2023-09-15
20135,Sophia Wilson,sophia.wilson135@example.com,Consumer,60,7,2025-05-26
20136,Ethan Moore,ethan.moore136@example.com,Consumer,49,9,2024-02-19
20137,Mason Martin,mason.martin137@example.com,Consumer,60,10,2024-05-28
20138,Emma Taylor,emma.taylor138@example.com,Corporate,34,12,2022-07-23
20139,Noah Jones,noah.jones139@example.com,Consumer,32,11,2022-06-16
20140,Jack Johnson,jack.johnson140@example.com,Consumer,65,3,2022-01-06
20141,Zoe Davis,zoe.davis141@example.com,Consumer,66,5,2022-03-08
20142,Mason Thomas,mason.thomas142@example.com,Small Business,37,8,2022-05-26
20143,Chloe Anderson,chloe.anderson143@example.com,Consumer,35,4,2024-05-20
20144,Mia Lee,mia.lee144@example.com,Consumer,31,5,2022-10-19
20145,Mason Taylor,mason.taylor145@example.com,Corporate,49,12,2025-03-11
20146,Sophia Davis,sophia.davis146@example.com,Small Business,38,12,2023-09-15
20147,Henry Wilson,henry.wilson147@example.com,Consumer,23,8,2024-06-15
20148,Grace Thomas,grace.thomas148@example.com,Consumer,26,6,2025-05-21
20149,Ethan Anderson,ethan.anderson149@example.com,Corporate,69,10,2025-04-17
20150,Lucas Taylor,lucas.taylor150@example.com,Consumer,62,1,2022-12-25
20151,Leo Lee,leo.lee151@example.com,Corporate,48,5,2023-01-07
20152,James Johnson,james.johnson152@example.com,Consumer,41,8,2023-12-14
20153,Sophia Martin,sophia.martin153@example.com,Consumer,52,3,2023-11-07
20154,Mason Anderson,mason.anderson154@example.com,Consumer,26,7,2025-01-31
20155,Amelia Jones,amelia.jones155@example.com,Corporate,46,6,2022-08-26
20156,Henry Martin,henry.martin156@example.com,Small Business,50,1,2025-09-08
20157,Grace Smith,grace.smith157@example.com,Consumer,69,4,2024-11-27
20158,James Anderson,james.anderson158@example.com,Consumer,56,8,2022-04-16
20159,Mia Lee,mia.lee159@example.com,Corporate,52,5,2024-06-16
20160,Sophia Smith,sophia.smith160@example.com,Small Business,66,11,2025-05-31
20161,Liam Jones,liam.jones161@example.com,Consumer,26,9,2022-01-29
20162,Ethan Martin,ethan.martin162@example.com,Corporate,62,2,2024-08-03
20163,Mia Davis,mia.davis163@example.com,Consumer,38,12,2023-08-21
20164,Grace Martin,grace.martin164@example.com,Consumer,56,8,2024-08-25
20165,Mia Miller,mia.miller165@example.com,Consumer,29,4,2025-05-12
20166,Ava Jones,ava.jones166@example.com,Corporate,53,7,2023-11-28
20167,Lucas Martin,lucas.martin167@example.com,Small Business,58,1,2023-08-03
20168,Chloe Anderson,chloe.anderson168@example.com,Consumer,51,8,2022-11-01
20169,Harper Garcia,harper.garcia169@example.com,Consumer,41,9,2025-01-17
20170,Noah Thomas,noah.thomas170@example.com,Consumer,70,4,2025-03-17
20171,Grace Smith,grace.smith171@example.com,Small Business,72,6,2024-08-26
20172,Ella Miller,ella.miller172@example.com,Corporate,52,11,2025-08-28
20173,Emma Williams,emma.williams173@example.com,Consumer,27,9,2025-04-23
20174,Leo Johnson,leo.johnson174@example.com,Consumer,30,9,2024-07-24
20175,Grace Martin,grace.martin175@example.com,Consumer,71,11,2022-11-13
20176,Lucas Garcia,lucas.garcia176@example.com,Consumer,26,10,2025-11-19
20177,Amelia Martin,amelia.martin177@example.com,Consumer,41,11,2024-12-28
20178,James Martin,james.martin178@example.com,Consumer,36,9,2022-03-15
20179,Mason Brown,mason.brown179@example.com,Consumer,27,12,2022-07-05
20180,Sophia Davis,sophia.davis180@example.com,Consumer,22,3,2025-11-22
20181,Emma Garcia,emma.garcia181@example.com,Consumer,48,1,2023-08-24
20182,Mia Brown,mia.brown182@example.com,Consumer,71,9,2024-04-23
20183,Liam Williams,liam.williams183@example.com,Consumer,45,3,2022-06-11
20184,Zoe Anderson,zoe.anderson184@example.com,Corporate,30,4,2024-10-16
20185,Ethan Davis,ethan.davis185@example.com,Consumer,63,11,2023-06-05
20186,Olivia Lee,olivia.lee186@example.com,Consumer,31,8,2023-08-13
20187,Ava Davis,ava.davis187@example.com,Consumer,48,6,2025-04-18
20188,Lucas Davis,lucas.davis188@example.com,Corporate,51,5,2023-02-12
20189,Sophia Brown,sophia.brown189@example.com,Consumer,39,7,2025-03-17
20190,Mason Smith,mason.smith190@example.com,Consumer,57,11,2024-03-21
20191,Emma Lee,emma.lee191@example.com,Small Business,39,10,2024-10-14
20192,Ethan Taylor,ethan.taylor192@example.com,Consumer,60,6,2023-03-25
20193,Lucas Anderson,lucas.anderson193@example.com,Small Business,29,12,2025-09-12
20194,Sophia Lee,sophia.lee194@example.com,Consumer,71,11,2025-08-16
20195,Leo Smith,leo.smith195@example.com,Small Business,26,10,2024-01-18
20196,Mason Garcia,mason.garcia196@example.com,Consumer,29,12,2024-04-30
20197,Jack Lee,jack.lee197@example.com,Consumer,38,6,2024-12-23
20198,Liam Jones,liam.jones198@example.com,Small Business,42,8,2023-08-28
20199,Sophia Davis,sophia.davis199@example.com,Small Business,35,2,2022-10-16
20200,Ella Martin,ella.martin200@example.com,Consumer,46,9,2024-01-20
20201,Olivia Jones,olivia.jones201@example.com,Consumer,64,9,2022-09-11
20202,Lucas Taylor,lucas.taylor202@example.com,Corporate,27,7,2025-07-31
20203,Ethan Davis,ethan.davis203@example.com,Corporate,56,1,2025-06-22
20204,Amelia Lee,amelia.lee204@example.com,Consumer,61,10,2023-03-30
20205,Leo Lee,leo.lee205@example.com,Consumer,28,12,2023-09-11
20206,Mia Smith,mia.smith206@example.com,Corporate,28,1,2023-09-16
20207,Sophia Brown,sophia.brown207@example.com,Consumer,44,9,2022-10-05
20208,Jack Miller,jack.miller208@example.com,Corporate,62,10,2022-11-13
20209,Sophia Martin,sophia.martin209@example.com,Consumer,38,8,2025-06-14
20210,Emma Thomas,emma.thomas210@example.com,Consumer,36,6,2023-03-21
20211,Harper Johnson,harper.johnson211@example.com,Consumer,62,11,2024-01-23
20212,Harper Smith,harper.smith212@example.com,Consumer,28,7,2023-07-20
20213,Leo Johnson,leo.johnson213@example.com,Consumer,59,11,2023-03-11
20214,Olivia Smith,olivia.smith214@example.com,Corporate,71,6,2023-05-14
20215,Chloe Brown,chloe.brown215@example.com,Consumer,34,2,2025-02-09
20216,Ethan Garcia,ethan.garcia216@example.com,Consumer,30,3,2025-05-05
20217,Mia Wilson,mia.wilson217@example.com,Consumer,22,5,2022-12-24
20218,Mia Smith,mia.smith218@example.com,Consumer,22,6,2023-05-03
20219,Liam Jones,liam.jones219@example.com,Small Business,54,1,2022-09-17
20220,Sophia Thomas,sophia.thomas220@example.com,Consumer,44,2,2024-09-02
20221,Henry Taylor,henry.taylor221@example.com,Consumer,60,2,2024-07-14
20222,Emma Thomas,emma.thomas222@example.com,Consumer,62,11,2024-12-03
20223,Olivia Smith,olivia.smith223@example.com,Consumer,27,8,2024-04-02
20224,James Thomas,james.thomas224@example.com,Corporate,41,8,2022-05-31
20225,Zoe Williams,zoe.williams225@example.com,Consumer,61,2,2022-09-16
20226,Chloe Wilson,chloe.wilson226@example.com,Consumer,59,12,2023-10-28
20227,Henry Jones,henry.jones227@example.com,Consumer,27,8,2024-11-01
20228,Sophia Martin,sophia.martin228@example.com,Small Business,56,11,2025-08-26
20229,Noah Miller,noah.miller229@example.com,Consumer,50,8,2023-04-13
20230,Ella Miller,ella.miller230@example.com,Consumer,41,12,2022-07-14
20231,Lucas Garcia,lucas.garcia231@example.com,Corporate,25,3,2025-11-07
20232,Ava Martin,ava.martin232@example.com,Consumer,68,2,2022-07-10
20233,Harper Moore,harper.moore233@example.com,Consumer,56,3,2025-02-13
20234,Jack Garcia,jack.garcia234@example.com,Consumer,63,11,2022-09-08
20235,Grace Martin,grace.martin235@example.com,Corporate,59,12,2022-04-16
20236,Mason Garcia,mason.garcia236@example.com,Consumer,30,2,2025-03-29
20237,James Brown,james.brown237@example.com,Small Business,44,2,2023-12-19
20238,Sophia Moore,sophia.moore238@example.com,Consumer,48,5,2025-03-21
20239,Jack Moore,jack.moore239@example.com,Consumer,56,10,2025-06-10
20240,Olivia Taylor,olivia.taylor240@example.com,Consumer,32,11,2025-11-21
20241,Lucas Thomas,lucas.thomas241@example.com,Consumer,32,5,2023-11-27
20242,Mia Taylor,mia.taylor242@example.com,Consumer,68,11,2024-03-31
20243,Olivia Johnson,olivia.johnson243@example.com,Consumer,47,12,2024-12-22
20244,Leo Garcia,leo.garcia244@example.com,Consumer,41,3,2024-01-28
20245,Chloe Taylor,chloe.taylor245@example.com,Consumer,69,2,2022-04-18
20246,Zoe Smith,zoe.smith246@example.com,Consumer,63,11,2022-06-17
20247,Grace Davis,grace.davis247@example.com,Consumer,34,10,2024-06-24
20248,Henry Johnson,henry.johnson248@example.com,Consumer,64,6,2024-05-30
20249,Chloe Davis,chloe.davis249@example.com,Consumer,35,9,2025-09-28
20250,Ella Taylor,ella.taylor250@example.com,Consumer,34,1,2022-01-16
20251,Mia Moore,mia.moore251@example.com,Consumer,21,5,2023-08-16
20252,James Thomas,james.thomas252@example.com,Consumer,55,7,2022-12-26
20253,Ethan Wilson,ethan.wilson253@example.com,Small Business,25,9,2025-09-30
20254,Ella Martin,ella.martin254@example.com,Consumer,50,12,2022-03-28
20255,Ava Martin,ava.martin255@example.com,Consumer,46,6,2025-03-25
20256,Grace Jones,grace.jones256@example.com,Consumer,41,2,2024-04-09
20257,Liam Moore,liam.moore257@example.com,Small Business,44,10,2024-07-31
20258,Ava Miller,ava.miller258@example.com,Consumer,46,2,2023-05-14
20259,Henry Johnson,henry.johnson259@example.com,Small Business,35,7,2023-09-28
20260,Amelia Moore,amelia.moore260@example.com,Consumer,28,3,2022-06-06
20261,Henry Wilson,henry.wilson261@example.com,Consumer,62,4,2023-12-17
20262,Mia Brown,mia.brown262@example.com,Consumer,32,2,2022-10-27
20263,Zoe Williams,zoe.williams263@example.com,Consumer,70,11,2022-06-04
20264,James Davis,james.davis264@example.com,Consumer,57,10,2025-04-01
20265,Zoe Garcia,zoe.garcia265@example.com,Consumer,25,11,2023-10-10
20266,James Davis,james.davis266@example.com,Small Business,58,11,2023-09-13
20267,Emma Garcia,emma.garcia267@example.com,Consumer,49,9,2022-06-01
20268,Emma Smith,emma.smith268@example.com,Consumer,26,6,2023-08-11
20269,Zoe Taylor,zoe.taylor269@example.com,Consumer,56,9,2024-02-27
20270,Emma Davis,emma.davis270@example.com,Consumer,59,10,2025-08-27
20271,James Wilson,james.wilson271@example.com,Consumer,72,3,2022-05-07
20272,Amelia Thomas,amelia.thomas272@example.com,Consumer,23,2,2024-10-30
20273,Ethan Thomas,ethan.thomas273@example.com,Consumer,60,8,2024-06-18
20274,Liam Garcia,liam.garcia274@example.com,Consumer,70,6,2023-08-03
20275,Amelia Anderson,amelia.anderson275@example.com,Small Business,62,10,2022-04-18
20276,Amelia Johnson,amelia.johnson276@example.com,Consumer,45,6,2022-07-13
20277,Mason Jones,mason.jones277@example.com,Corporate,59,12,2025-09-06
20278,Mia Garcia,mia.garcia278@example.com,Consumer,43,2,2025-04-08
20279,Mason Anderson,mason.anderson279@example.com,Consumer,59,12,2025-09-18
20280,Ava Jones,ava.jones280@example.com,Consumer,42,9,2024-02-11
20281,Mia Anderson,mia.anderson281@example.com,Corporate,26,12,2025-11-04
20282,Grace Wilson,grace.wilson282@example.com,Consumer,32,6,2022-02-07
20283,Noah Garcia,noah.garcia283@example.com,Consumer,29,8,2023-01-29
20284,Mia Johnson,mia.johnson284@example.com,Consumer,55,5,2022-07-27
20285,Henry Smith,henry.smith285@example.com,Small Business,60,11,2023-11-21
20286,Mia Taylor,mia.taylor286@example.com,Consumer,65,7,2022-11-12
20287,Zoe Moore,zoe.moore287@example.com,Consumer,44,3,2024-06-15
20288,Ethan Davis,ethan.davis288@example.com,Small Business,71,10,2023-08-07
20289,Leo Brown,leo.brown289@example.com,Consumer,72,9,2023-05-05
20290,James Lee,james.lee290@example.com,Consumer,57,4,2024-01-24
20291,Leo Davis,leo.davis291@example.com,Consumer,47,5,2024-02-22
20292,Liam Martin,liam.martin292@example.com,Consumer,37,4,2025-05-23
20293,Emma Anderson,emma.anderson293@example.com,Consumer,27,8,2024-01-31
20294,Henry Martin,henry.martin294@example.com,Consumer,31,2,2023-08-07
20295,Lucas Davis,lucas.davis295@example.com,Small Business,26,9,2022-10-29
20296,Ethan Martin,ethan.martin296@example.com,Corporate,47,8,2023-12-17
20297,Emma Miller,emma.miller297@example.com,Consumer,26,9,2024-02-05
20298,Harper Brown,harper.brown298@example.com,Corporate,66,1,2023-10-15
20299,Amelia Moore,amelia.moore299@example.com,Consumer,51,3,2022-10-09
20300,Mia Moore,mia.moore300@example.com,Consumer,21,12,2024-08-18
20301,Ava Smith,ava.smith301@example.com,Small Business,56,5,2023-03-18
20302,Zoe Wilson,zoe.wilson302@example.com,Small Business,36,7,2022-08-16
20303,Mason Johnson,mason.johnson303@example.com,Consumer,71,1,2023-05-04
20304,Zoe Davis,zoe.davis304@example.com,Small Business,52,2,2022-08-16
20305,Zoe Wilson,zoe.wilson305@example.com,Consumer,36,1,2025-07-18
20306,Mia Jones,mia.jones306@example.com,Consumer,36,7,2022-01-04
20307,Chloe Miller,chloe.miller307@example.com,Consumer,54,3,2025-09-22
20308,Harper Johnson,harper.johnson308@example.com,Consumer,53,9,2025-01-19
20309,Jack Smith,jack.smith309@example.com,Consumer,45,7,2024-08-20
20310,Harper Jones,harper.jones310@example.com,Consumer,25,12,2022-02-03
20311,Harper Brown,harper.brown311@example.com,Consumer,70,12,2025-09-07
20312,Chloe Thomas,chloe.thomas312@example.com,Consumer,55,6,2022-10-01
20313,Amelia Martin,amelia.martin313@example.com,Small Business,64,11,2022-12-25
20314,Leo Thomas,leo.thomas314@example.com,Consumer,29,8,2025-07-17
20315,Ava Thomas,ava.thomas315@example.com,Consumer,23,8,2022-03-17
20316,Noah Lee,noah.lee316@example.com,Corporate,53,1,2023-10-09
20317,Ella Martin,ella.martin317@example.com,Consumer,69,9,2024-08-27
20318,Noah Jones,noah.jones318@example.com,Small Business,42,6,2022-04-08
20319,Lucas Johnson,lucas.johnson319@example.com,Corporate,68,6,2024-06-13
20320,Leo Lee,leo.lee320@example.com,Corporate,52,7,2023-11-26
20321,James Garcia,james.garcia321@example.com,Small Business,67,9,2023-07-01
20322,Grace Johnson,grace.johnson322@example.com,Corporate,32,7,2025-05-18
20323,Jack Jones,jack.jones323@example.com,Consumer,63,6,2022-07-30
20324,Mason Jones,mason.jones324@example.com,Small Business,31,8,2025-05-19
20325,Leo Garcia,leo.garcia325@example.com,Small Business,43,8,2022-03-28
20326,Zoe Miller,zoe.miller326@example.com,Corporate,24,5,2025-08-02
20327,Ava Anderson,ava.anderson327@example.com,Consumer,72,11,2024-04-11
20328,Liam Smith,liam.smith328@example.com,Consumer,49,3,2025-05-29
20329,Emma Williams,emma.williams329@example.com,Small Business,44,2,2023-04-29
20330,Harper Miller,harper.miller330@example.com,Consumer,64,10,2022-03-08
20331,Leo Garcia,leo.garcia331@example.com,Small Business,57,6,2024-06-28
20332,Mia Wilson,mia.wilson332@example.com,Consumer,38,6,2024-03-26
20333,Ethan Johnson,ethan.johnson333@example.com,Consumer,45,1,2023-01-17
20334,Jack Johnson,jack.johnson334@example.com,Small Business,34,5,2023-06-18
20335,Zoe Jones,zoe.jones335@example.com,Consumer,29,12,2024-10-02
20336,Ava Davis,ava.davis336@example.com,Corporate,72,3,2024-06-30
20337,Amelia Anderson,amelia.anderson337@example.com,Consumer,55,6,2025-12-24
20338,Mason Lee,mason.lee338@example.com,Small Business,65,5,2022-11-19
20339,Liam Moore,liam.moore339@example.com,Consumer,33,6,2024-11-07
20340,Mia Brown,mia.brown340@example.com,Consumer,57,8,2022-02-23
20341,Harper Davis,harper.davis341@example.com,Consumer,26,9,2022-09-23
20342,Ava Jones,ava.jones342@example.com,Consumer,70,7,2024-09-07
20343,Grace Martin,grace.martin343@example.com,Consumer,41,10,2022-06-01
20344,Ava Davis,ava.davis344@example.com,Consumer,29,8,2025-10-24
20345,Jack Anderson,jack.anderson345@example.com,Small Business,29,10,2023-01-08
20346,Grace Wilson,grace.wilson346@example.com,Consumer,40,1,2022-09-12
20347,Liam Williams,liam.williams347@example.com,Consumer,54,6,2025-12-23
20348,Mason Martin,mason.martin348@example.com,Consumer,56,2,2023-05-29
20349,Lucas Williams,lucas.williams349@example.com,Consumer,26,11,2023-09-13
20350,Henry Anderson,henry.anderson350@example.com,Corporate,30,3,2025-04-27
20351,Liam Anderson,liam.anderson351@example.com,Consumer,57,10,2025-05-24
20352,Emma Martin,emma.martin352@example.com,Consumer,62,1,2022-06-16
20353,Chloe Jones,chloe.jones353@example.com,Small Business,47,11,2023-03-08
20354,Zoe Anderson,zoe.anderson354@example.com,Corporate,55,1,2024-10-16
20355,Mason Anderson,mason.anderson355@example.com,Consumer,72,5,2024-09-16
20356,Ella Jones,ella.jones356@example.com,Small Business,31,8,2022-05-30
20357,Leo Miller,leo.miller357@example.com,Consumer,59,8,2024-08-09
20358,Mia Garcia,mia.garcia358@example.com,Small Business,43,12,2023-10-16
20359,Ella Williams,ella.williams359@example.com,Consumer,41,6,2024-11-20
20360,Ethan Davis,ethan.davis360@example.com,Consumer,30,2,2023-07-02
20361,Sophia Smith,sophia.smith361@example.com,Small Business,47,5,2024-02-26
20362,Ethan Martin,ethan.martin362@example.com,Corporate,67,3,2023-11-02
20363,Amelia Brown,amelia.brown363@example.com,Corporate,50,3,2024-10-17
20364,James Lee,james.lee364@example.com,Consumer,46,5,2024-10-15
20365,Henry Davis,henry.davis365@example.com,Consumer,24,4,2023-03-17
20366,Emma Jones,emma.jones366@example.com,Corporate,62,8,2025-05-08
20367,James Jones,james.jones367@example.com,Small Business,48,9,2022-01-17
20368,Mia Lee,mia.lee368@example.com,Small Business,44,5,2024-01-20
20369,Emma Miller,emma.miller369@example.com,Consumer,44,1,2025-03-13
20370,Jack Jones,jack.jones370@example.com,Consumer,69,2,2024-03-02
20371,Jack Jones,jack.jones371@example.com,Consumer,29,10,2025-10-25
20372,Sophia Miller,sophia.miller372@example.com,Consumer,44,6,2023-11-26
20373,Mia Brown,mia.brown373@example.com,Consumer,23,10,2024-11-08
20374,Emma Smith,emma.smith374@example.com,Small Business,54,3,2023-11-14
20375,Leo Williams,leo.williams375@example.com,Consumer,60,10,2024-11-21
20376,Amelia Williams,amelia.williams376@example.com,Small Business,40,7,2025-06-16
20377,Chloe Garcia,chloe.garcia377@example.com,Consumer,66,9,2024-11-09
20378,Chloe Jones,chloe.jones378@example.com,Consumer,64,8,2022-02-04
20379,Sophia Miller,sophia.miller379@example.com,Small Business,67,10,2023-09-23
20380,Olivia Taylor,olivia.taylor380@example.com,Corporate,71,8,2023-06-28
20381,Chloe Taylor,chloe.taylor381@example.com,Consumer,31,4,2022-04-16
20382,Henry Anderson,henry.anderson382@example.com,Small Business,45,12,2025-06-23
20383,Mia Martin,mia.martin383@example.com,Consumer,65,11,2023-05-12
20384,Sophia Brown,sophia.brown384@example.com,Consumer,30,1,2024-06-22
20385,Grace Thomas,grace.thomas385@example.com,Consumer,60,4,2024-04-20
20386,James Martin,james.martin386@example.com,Small Business,54,12,2022-05-08
20387,Noah Wilson,noah.wilson387@example.com,Consumer,45,6,2025-09-18
20388,Amelia Williams,amelia.williams388@example.com,Consumer,43,8,2024-12-27
20389,Lucas Taylor,lucas.taylor389@example.com,Corporate,38,8,2023-01-29
20390,Jack Jones,jack.jones390@example.com,Small Business,66,4,2023-09-02
20391,Noah Thomas,noah.thomas391@example.com,Consumer,43,12,2024-09-28
20392,Jack Lee,jack.lee392@example.com,Consumer,57,12,2023-07-15
20393,Jack Miller,jack.miller393@example.com,Corporate,72,7,2023-12-08
20394,Mia Jones,mia.jones394@example.com,Corporate,26,1,2023-08-13
20395,Harper Lee,harper.lee395@example.com,Consumer,51,8,2025-09-05
20396,Noah Brown,noah.brown396@example.com,Corporate,65,9,2023-07-10
20397,Lucas Williams,lucas.williams397@example.com,Small Business,36,2,2025-06-14
20398,Ethan Smith,ethan.smith398@example.com,Consumer,35,11,2024-12-23
20399,Emma Johnson,emma.johnson399@example.com,Small Business,27,7,2023-11-08
20400,Mia Smith,mia.smith400@example.com,Consumer,51,9,2022-11-20
20401,James Anderson,james.anderson401@example.com,Consumer,62,4,2023-08-12
20402,Emma Lee,emma.lee402@example.com,Consumer,55,2,2025-08-28
20403,Emma Lee,emma.lee403@example.com,Corporate,32,3,2024-05-05
20404,Emma Martin,emma.martin404@example.com,Consumer,68,7,2024-10-11
20405,Mason Lee,mason.lee405@example.com,Consumer,59,1,2022-01-19
20406,Sophia Lee,sophia.lee406@example.com,Consumer,62,6,2023-08-06
20407,Jack Wilson,jack.wilson407@example.com,Small Business,50,8,2022-10-02
20408,Lucas Brown,lucas.brown408@example.com,Consumer,50,2,2023-11-09
20409,Lucas Thomas,lucas.thomas409@example.com,Small Business,71,3,2022-01-29
20410,Mason Taylor,mason.taylor410@example.com,Consumer,61,11,2023-01-31
20411,Ella Martin,ella.martin411@example.com,Consumer,46,7,2024-11-21
20412,Sophia Williams,sophia.williams412@example.com,Consumer,36,3,2024-09-04
20413,Olivia Jones,olivia.jones413@example.com,Consumer,38,7,2023-04-28
20414,Amelia Jones,amelia.jones414@example.com,Consumer,62,10,2025-03-19
20415,Harper Thomas,harper.thomas415@example.com,Consumer,50,4,2022-05-08
20416,Mason Williams,mason.williams416@example.com,Consumer,66,7,2025-11-06
20417,Mason Thomas,mason.thomas417@example.com,Corporate,39,2,2025-08-01
20418,Harper Taylor,harper.taylor418@example.com,Corporate,51,4,2023-03-25
20419,Mia Davis,mia.davis419@example.com,Consumer,65,12,2025-05-25
20420,Jack Lee,jack.lee420@example.com,Small Business,34,8,2025-01-05
20421,Ethan Anderson,ethan.anderson421@example.com,Consumer,54,10,2022-06-17
20422,Harper Johnson,harper.johnson422@example.com,Consumer,56,10,2022-08-18
20423,Henry Brown,henry.brown423@example.com,Consumer,41,10,2025-01-04
20424,Henry Davis,henry.davis424@example.com,Consumer,58,2,2025-10-25
20425,James Johnson,james.johnson425@example.com,Small Business,50,9,2024-07-01
20426,Mia Wilson,mia.wilson426@example.com,Consumer,56,7,2024-07-24
20427,Leo Anderson,leo.anderson427@example.com,Consumer,21,5,2022-02-14
20428,Noah Taylor,noah.taylor428@example.com,Consumer,65,2,2022-04-03
20429,Ava Wilson,ava.wilson429@example.com,Corporate,51,1,2022-05-22
20430,Emma Jones,emma.jones430@example.com,Small Business,70,7,2023-01-04
20431,Grace Garcia,grace.garcia431@example.com,Small Business,45,7,2024-07-07
20432,Ella Johnson,ella.johnson432@example.com,Small Business,29,11,2025-09-17
20433,Harper Johnson,harper.johnson433@example.com,Consumer,29,3,2025-01-05
20434,Ethan Martin,ethan.martin434@example.com,Corporate,50,1,2022-02-16
20435,Jack Miller,jack.miller435@example.com,Small Business,36,9,2024-02-16
20436,Leo Garcia,leo.garcia436@example.com,Consumer,67,3,2023-07-19
20437,Sophia Smith,sophia.smith437@example.com,Consumer,22,11,2024-05-08
20438,Ethan Brown,ethan.brown438@example.com,Consumer,49,2,2022-07-26
20439,Zoe Anderson,zoe.anderson439@example.com,Consumer,23,12,2022-04-10
20440,Ella Davis,ella.davis440@example.com,Consumer,70,4,2025-01-10
20441,Emma Williams,emma.williams441@example.com,Consumer,67,9,2023-08-16
20442,Chloe Garcia,chloe.garcia442@example.com,Small Business,41,10,2025-05-09
20443,Ethan Jones,ethan.jones443@example.com,Consumer,47,3,2025-09-14
20444,Mason Jones,mason.jones444@example.com,Corporate,68,1,2025-02-14
20445,Liam Anderson,liam.anderson445@example.com,Consumer,24,11,2024-05-24
20446,Harper Anderson,harper.anderson446@example.com,Small Business,41,11,2024-02-20
20447,Grace Miller,grace.miller447@example.com,Consumer,69,3,2023-09-07
20448,Jack Davis,jack.davis448@example.com,Consumer,66,4,2023-04-07
20449,Mia Moore,mia.moore449@example.com,Consumer,47,8,2022-04-29
20450,Jack Wilson,jack.wilson450@example.com,Consumer,34,3,2024-03-06
20451,Amelia Anderson,amelia.anderson451@example.com,Small Business,26,2,2024-07-10
20452,Jack Thomas,jack.thomas452@example.com,Consumer,64,4,2022-04-16
20453,Zoe Taylor,zoe.taylor453@example.com,Consumer,69,1,2022-05-30
20454,Chloe Thomas,chloe.thomas454@example.com,Consumer,34,11,2025-02-18
20455,Amelia Jones,amelia.jones455@example.com,Corporate,68,1,2023-03-10
20456,Sophia Thomas,sophia.thomas456@example.com,Small Business,66,8,2023-05-12
20457,Noah Miller,noah.miller457@example.com,Consumer,39,4,2025-02-04
20458,Ella Davis,ella.davis458@example.com,Consumer,37,9,2025-08-21
20459,Harper Wilson,harper.wilson459@example.com,Consumer,67,8,2024-08-12
20460,James Moore,james.moore460@example.com,Consumer,47,6,2023-02-21
20461,Emma Taylor,emma.taylor461@example.com,Consumer,56,4,2022-10-26
20462,Chloe Taylor,chloe.taylor462@example.com,Consumer,33,12,2024-05-05
20463,Amelia Brown,amelia.brown463@example.com,Small Business,52,7,2025-03-12
20464,Jack Anderson,jack.anderson464@example.com,Consumer,52,11,2023-11-23
20465,James Davis,james.davis465@example.com,Consumer,67,3,2023-12-23
20466,Jack Davis,jack.davis466@example.com,Corporate,24,3,2025-01-15
20467,Henry Smith,henry.smith467@example.com,Consumer,21,2,2025-09-30
20468,Grace Williams,grace.williams468@example.com,Consumer,30,11,2023-04-19
20469,Olivia Brown,olivia.brown469@example.com,Consumer,60,9,2024-07-22
20470,Zoe Lee,zoe.lee470@example.com,Consumer,21,8,2025-09-12
20471,Jack Wilson,jack.wilson471@example.com,Consumer,67,7,2022-01-25
20472,Lucas Wilson,lucas.wilson472@example.com,Consumer,65,5,2022-02-05
20473,Grace Moore,grace.moore473@example.com,Corporate,54,3,2022-08-08
20474,Mia Brown,mia.brown474@example.com,Consumer,43,4,2025-06-23
20475,Lucas Moore,lucas.moore475@example.com,Consumer,46,7,2022-06-11
20476,Leo Taylor,leo.taylor476@example.com,Consumer,64,4,2025-11-28
20477,Ava Anderson,ava.anderson477@example.com,Consumer,45,11,2022-03-06
20478,Ella Wilson,ella.wilson478@example.com,Consumer,65,8,2022-04-25
20479,Liam Johnson,liam.johnson479@example.com,Consumer,42,8,2024-06-07
20480,Chloe Martin,chloe.martin480@example.com,Corporate,35,2,2024-12-17
20481,Noah Lee,noah.lee481@example.com,Consumer,23,12,2025-03-06
20482,Ava Anderson,ava.anderson482@example.com,Consumer,23,5,2025-01-17
20483,Liam Lee,liam.lee483@example.com,Corporate,58,6,2022-02-02
20484,Mia Moore,mia.moore484@example.com,Corporate,40,12,2024-03-26
20485,Liam Taylor,liam.taylor485@example.com,Small Business,45,4,2025-03-06
20486,Jack Garcia,jack.garcia486@example.com,Small Business,65,7,2022-10-14
20487,Ava Wilson,ava.wilson487@example.com,Consumer,48,12,2023-12-10
20488,Ethan Martin,ethan.martin488@example.com,Consumer,60,2,2023-11-29
20489,Zoe Miller,zoe.miller489@example.com,Consumer,71,6,2022-03-02
20490,Leo Davis,leo.davis490@example.com,Consumer,45,4,2023-12-30
20491,Grace Williams,grace.williams491@example.com,Consumer,26,11,2025-04-14
20492,Zoe Jones,zoe.jones492@example.com,Consumer,30,4,2022-05-31
20493,Ella Thomas,ella.thomas493@example.com,Small Business,41,11,2022-11-12
20494,Harper Johnson,harper.johnson494@example.com,Corporate,49,2,2022-01-11
20495,Harper Moore,harper.moore495@example.com,Consumer,32,5,2022-07-29
20496,Grace Davis,grace.davis496@example.com,Consumer,27,9,2025-02-10
20497,Olivia Johnson,olivia.johnson497@example.com,Consumer,59,6,2025-02-09
20498,Amelia Martin,amelia.martin498@example.com,Consumer,45,7,2022-01-26
20499,Ava Thomas,ava.thomas499@example.com,Consumer,31,9,2023-05-13
20500,Ella Williams,ella.williams500@example.com,Consumer,52,3,2023-07-05
20501,Mia Johnson,mia.johnson501@example.com,Consumer,40,3,2024-06-09
20502,James Moore,james.moore502@example.com,Consumer,36,2,2024-01-10
20503,James Taylor,james.taylor503@example.com,Consumer,29,10,2023-02-05
20504,Mason Smith,mason.smith504@example.com,Small Business,45,7,2023-11-12
20505,Amelia Davis,amelia.davis505@example.com,Small Business,62,6,2024-05-31
20506,Zoe Williams,zoe.williams506@example.com,Consumer,65,5,2023-10-19
20507,Noah Davis,noah.davis507@example.com,Corporate,41,6,2022-12-30
20508,Mason Thomas,mason.thomas508@example.com,Consumer,57,12,2025-07-20
20509,Ethan Garcia,ethan.garcia509@example.com,Small Business,46,7,2023-07-29
20510,Harper Johnson,harper.johnson510@example.com,Consumer,55,10,2023-02-14
20511,Liam Anderson,liam.anderson511@example.com,Corporate,50,9,2022-02-25
20512,Noah Davis,noah.davis512@example.com,Consumer,71,5,2025-11-19
20513,Grace Anderson,grace.anderson513@example.com,Consumer,36,8,2022-10-13
20514,Lucas Anderson,lucas.anderson514@example.com,Small Business,25,3,2024-05-16
20515,Leo Taylor,leo.taylor515@example.com,Consumer,53,8,2025-04-07
20516,Grace Wilson,grace.wilson516@example.com,Small Business,72,1,2024-01-07
20517,Jack Taylor,jack.taylor517@example.com,Consumer,36,11,2022-06-24
20518,Harper Williams,harper.williams518@example.com,Consumer,62,11,2025-06-08
20519,Ella Moore,ella.moore519@example.com,Consumer,27,6,2024-05-31
20520,Lucas Brown,lucas.brown520@example.com,Consumer,65,9,2024-11-28
20521,Chloe Brown,chloe.brown521@example.com,Consumer,70,8,2024-02-06
20522,Chloe Thomas,chloe.thomas522@example.com,Consumer,22,9,2022-11-05
20523,James Johnson,james.johnson523@example.com,Corporate,26,5,2024-05-01
20524,Sophia Martin,sophia.martin524@example.com,Consumer,42,12,2022-10-18
20525,Leo Moore,leo.moore525@example.com,Consumer,51,4,2024-12-03
20526,Sophia Davis,sophia.davis526@example.com,Consumer,25,12,2025-11-27
20527,Mason Smith,mason.smith527@example.com,Consumer,42,12,2022-08-24
20528,Sophia Anderson,sophia.anderson528@example.com,Consumer,56,3,2023-05-15
20529,Liam Garcia,liam.garcia529@example.com,Corporate,35,9,2024-05-23
20530,Ella Anderson,ella.anderson530@example.com,Consumer,48,3,2023-01-17
20531,Ella Smith,ella.smith531@example.com,Corporate,49,12,2025-06-11
20532,Chloe Miller,chloe.miller532@example.com,Small Business,34,7,2022-01-10
20533,Lucas Moore,lucas.moore533@example.com,Consumer,72,12,2022-05-09
20534,Jack Williams,jack.williams534@example.com,Consumer,28,6,2023-10-30
20535,Lucas Anderson,lucas.anderson535@example.com,Corporate,41,8,2024-12-16
20536,Zoe Miller,zoe.miller536@example.com,Consumer,43,10,2024-03-14
20537,Harper Martin,harper.martin537@example.com,Consumer,64,8,2025-06-18
20538,Mason Lee,mason.lee538@example.com,Consumer,29,10,2025-04-23
20539,Amelia Johnson,amelia.johnson539@example.com,Consumer,44,4,2023-09-18
20540,Mia Wilson,mia.wilson540@example.com,Consumer,57,7,2024-05-06
20541,Ella Miller,ella.miller541@example.com,Consumer,65,3,2024-09-23
20542,Liam Wilson,liam.wilson542@example.com,Consumer,32,3,2024-09-29
20543,Amelia Martin,amelia.martin543@example.com,Consumer,43,8,2025-06-22
20544,Olivia Davis,olivia.davis544@example.com,Small Business,56,3,2023-02-04
20545,Henry Anderson,henry.anderson545@example.com,Small Business,47,8,2024-04-17
20546,Leo Davis,leo.davis546@example.com,Consumer,71,3,2022-06-19
20547,Ethan Jones,ethan.jones547@example.com,Consumer,39,1,2023-07-17
20548,Liam Moore,liam.moore548@example.com,Small Business,70,8,2025-03-04
20549,James Wilson,james.wilson549@example.com,Consumer,38,9,2022-08-20
20550,Jack Martin,jack.martin550@example.com,Small Business,23,6,2025-01-15
20551,Leo Wilson,leo.wilson551@example.com,Consumer,62,4,2024-05-20
20552,Ethan Jones,ethan.jones552@example.com,Consumer,26,1,2024-07-10
20553,Leo Martin,leo.martin553@example.com,Consumer,68,2,2023-05-01
20554,Chloe Thomas,chloe.thomas554@example.com,Consumer,48,6,2025-12-26
20555,Liam Taylor,liam.taylor555@example.com,Small Business,72,3,2023-02-28
20556,Emma Taylor,emma.taylor556@example.com,Consumer,55,6,2024-12-26
20557,Liam Garcia,liam.garcia557@example.com,Consumer,38,12,2023-08-23
20558,Henry Lee,henry.lee558@example.com,Consumer,69,11,2022-07-15
20559,Grace Lee,grace.lee559@example.com,Small Business,29,1,2023-07-22
20560,Mia Brown,mia.brown560@example.com,Consumer,36,3,2025-12-27
20561,Ella Davis,ella.davis561@example.com,Consumer,61,3,2025-03-28
20562,Grace Miller,grace.miller562@example.com,Consumer,70,8,2022-06-04
20563,Ava Miller,ava.miller563@example.com,Small Business,44,9,2023-07-24
20564,Leo Davis,leo.davis564@example.com,Consumer,70,6,2025-04-06
20565,Ava Thomas,ava.thomas565@example.com,Consumer,43,8,2025-07-24
20566,Ava Moore,ava.moore566@example.com,Consumer,48,9,2024-03-25
20567,Noah Davis,noah.davis567@example.com,Small Business,42,5,2023-10-24
20568,Jack Taylor,jack.taylor568@example.com,Small Business,71,3,2025-03-05
20569,Amelia Lee,amelia.lee569@example.com,Consumer,61,11,2022-04-10
20570,Leo Smith,leo.smith570@example.com,Consumer,21,2,2022-11-20
20571,Grace Brown,grace.brown571@example.com,Corporate,40,12,2022-09-28
20572,Liam Martin,liam.martin572@example.com,Consumer,37,5,2022-07-11
20573,Ava Garcia,ava.garcia573@example.com,Consumer,46,11,2025-08-21
20574,Mason Thomas,mason.thomas574@example.com,Consumer,26,12,2023-04-25
20575,Sophia Smith,sophia.smith575@example.com,Consumer,58,4,2024-09-03
20576,Ethan Wilson,ethan.wilson576@example.com,Consumer,65,11,2024-06-30
20577,Amelia Martin,amelia.martin577@example.com,Small Business,51,2,2024-05-14
20578,Ava Brown,ava.brown578@example.com,Small Business,27,7,2022-07-02
20579,Sophia Garcia,sophia.garcia579@example.com,Consumer,70,6,2023-09-05
20580,Mia Anderson,mia.anderson580@example.com,Consumer,57,11,2022-10-20
20581,Olivia Taylor,olivia.taylor581@example.com,Consumer,67,11,2022-12-03
20582,Noah Anderson,noah.anderson582@example.com,Corporate,60,12,2022-11-07
20583,Leo Martin,leo.martin583@example.com,Corporate,29,4,2022-06-27
20584,Sophia Taylor,sophia.taylor584@example.com,Consumer,48,12,2024-02-26
20585,Amelia Moore,amelia.moore585@example.com,Consumer,26,3,2023-05-23
20586,Ethan Wilson,ethan.wilson586@example.com,Small Business,39,10,2025-05-13
20587,Olivia Martin,olivia.martin587@example.com,Consumer,59,11,2023-09-10
20588,Henry Brown,henry.brown588@example.com,Consumer,24,12,2024-03-13
20589,Ethan Davis,ethan.davis589@example.com,Consumer,61,7,2022-08-19
20590,Zoe Johnson,zoe.johnson590@example.com,Corporate,41,9,2022-01-25
20591,Mia Miller,mia.miller591@example.com,Consumer,64,10,2024-05-11
20592,Liam Moore,liam.moore592@example.com,Consumer,25,8,2022-05-30
20593,Olivia Jones,olivia.jones593@example.com,Corporate,71,4,2022-03-23
20594,Ella Wilson,ella.wilson594@example.com,Small Business,70,5,2025-07-11
20595,Grace Miller,grace.miller595@example.com,Consumer,55,12,2024-04-03
20596,Jack Taylor,jack.taylor596@example.com,Consumer,26,3,2023-07-23
20597,Henry Lee,henry.lee597@example.com,Consumer,46,4,2022-11-15
20598,Chloe Anderson,chloe.anderson598@example.com,Consumer,40,11,2025-10-26
20599,Grace Thomas,grace.thomas599@example.com,Consumer,48,4,2022-04-29
20600,Sophia Davis,sophia.davis600@example.com,Consumer,63,10,2025-05-31
20601,Liam Johnson,liam.johnson601@example.com,Consumer,21,1,2025-12-20
20602,Liam Davis,liam.davis602@example.com,Consumer,67,6,2024-12-07
20603,Lucas Williams,lucas.williams603@example.com,Small Business,38,6,2022-09-17
20604,Sophia Moore,sophia.moore604@example.com,Small Business,38,1,2023-11-18
20605,Henry Johnson,henry.johnson605@example.com,Corporate,61,5,2025-12-29
20606,Ava Davis,ava.davis606@example.com,Consumer,52,8,2024-11-12
20607,Chloe Williams,chloe.williams607@example.com,Consumer,27,6,2022-11-19
20608,Chloe Anderson,chloe.anderson608@example.com,Consumer,53,12,2022-08-25
20609,Olivia Smith,olivia.smith609@example.com,Consumer,44,1,2023-05-16
20610,Ella Lee,ella.lee610@example.com,Corporate,23,3,2023-01-02
20611,Jack Moore,jack.moore611@example.com,Consumer,41,12,2025-09-04
20612,Ethan Miller,ethan.miller612@example.com,Consumer,25,12,2023-10-18
20613,Chloe Garcia,chloe.garcia613@example.com,Consumer,24,2,2024-10-25
20614,Liam Brown,liam.brown614@example.com,Corporate,25,9,2022-04-05
20615,Leo Martin,leo.martin615@example.com,Consumer,56,5,2023-09-29
20616,Leo Smith,leo.smith616@example.com,Consumer,71,6,2023-02-15
20617,Mason Thomas,mason.thomas617@example.com,Consumer,58,10,2023-05-12
20618,James Moore,james.moore618@example.com,Small Business,36,4,2025-01-24
20619,Mia Smith,mia.smith619@example.com,Consumer,43,7,2022-02-18
20620,Olivia Garcia,olivia.garcia620@example.com,Consumer,68,1,2025-09-08
20621,Mason Johnson,mason.johnson621@example.com,Corporate,47,4,2024-12-21
20622,James Smith,james.smith622@example.com,Consumer,23,3,2025-12-28
20623,Ethan Lee,ethan.lee623@example.com,Small Business,44,9,2024-04-25
20624,Leo Thomas,leo.thomas624@example.com,Consumer,29,2,2025-04-04
20625,Ella Johnson,ella.johnson625@example.com,Consumer,63,10,2025-03-08
20626,Mia Brown,mia.brown626@example.com,Small Business,72,5,2023-06-19
20627,Ella Thomas,ella.thomas627@example.com,Consumer,38,12,2023-10-31
20628,Ethan Johnson,ethan.johnson628@example.com,Small Business,58,4,2022-10-06
20629,Sophia Williams,sophia.williams629@example.com,Consumer,41,2,2022-12-03
20630,Grace Johnson,grace.johnson630@example.com,Corporate,34,9,2024-01-04
20631,Leo Jones,leo.jones631@example.com,Small Business,26,8,2023-06-27
20632,Liam Moore,liam.moore632@example.com,Small Business,65,11,2023-09-16
20633,Zoe Smith,zoe.smith633@example.com,Consumer,66,4,2023-11-03
20634,Ethan Garcia,ethan.garcia634@example.com,Consumer,40,7,2024-11-17
20635,Lucas Martin,lucas.martin635@example.com,Corporate,49,3,2022-03-05
20636,Jack Thomas,jack.thomas636@example.com,Consumer,27,9,2023-05-27
20637,Mia Johnson,mia.johnson637@example.com,Small Business,35,1,2022-05-07
20638,Mia Brown,mia.brown638@example.com,Small Business,62,7,2024-02-02
20639,Ava Taylor,ava.taylor639@example.com,Corporate,25,10,2023-06-15
20640,Olivia Johnson,olivia.johnson640@example.com,Consumer,29,4,2025-08-15
20641,Ava Lee,ava.lee641@example.com,Consumer,50,6,2022-09-08
20642,Emma Williams,emma.williams642@example.com,Small Business,46,10,2024-06-06
20643,James Smith,james.smith643@example.com,Consumer,43,7,2025-10-31
20644,Noah Lee,noah.lee644@example.com,Consumer,30,3,2023-07-18
20645,Emma Taylor,emma.taylor645@example.com,Consumer,39,10,2025-06-17
20646,James Miller,james.miller646@example.com,Consumer,38,9,2024-09-08
20647,Ella Williams,ella.williams647@example.com,Consumer,72,7,2023-02-13
20648,Henry Brown,henry.brown648@example.com,Small Business,45,11,2025-01-18
20649,Harper Davis,harper.davis649@example.com,Consumer,57,9,2024-09-19
20650,Henry Garcia,henry.garcia650@example.com,Consumer,41,7,2023-07-08
20651,Zoe Brown,zoe.brown651@example.com,Consumer,51,1,2023-07-30
20652,Henry Garcia,henry.garcia652@example.com,Corporate,27,10,2023-04-22
20653,Ethan Anderson,ethan.anderson653@example.com,Consumer,71,4,2023-06-30
20654,Emma Moore,emma.moore654@example.com,Small Business,72,4,2025-03-25
20655,Ella Garcia,ella.garcia655@example.com,Consumer,41,3,2022-12-27
20656,Harper Lee,harper.lee656@example.com,Small Business,43,10,2022-02-27
20657,Chloe Taylor,chloe.taylor657@example.com,Corporate,72,3,2025-02-27
20658,James Wilson,james.wilson658@example.com,Consumer,26,5,2022-12-26
20659,Emma Brown,emma.brown659@example.com,Consumer,51,10,2023-03-25
20660,Olivia Garcia,olivia.garcia660@example.com,Small Business,42,10,2023-02-17
20661,Liam Lee,liam.lee661@example.com,Consumer,58,6,2022-05-02
20662,Mia Moore,mia.moore662@example.com,Small Business,25,2,2024-12-13
20663,Harper Thomas,harper.thomas663@example.com,Consumer,42,11,2024-03-21
20664,Mason Garcia,mason.garcia664@example.com,Small Business,48,3,2022-11-19
20665,James Anderson,james.anderson665@example.com,Small Business,56,6,2022-12-23
20666,Zoe Moore,zoe.moore666@example.com,Consumer,32,6,2023-04-03
20667,Ella Jones,ella.jones667@example.com,Consumer,32,12,2025-11-11
20668,Olivia Thomas,olivia.thomas668@example.com,Small Business,70,10,2024-03-12
20669,Chloe Smith,chloe.smith669@example.com,Consumer,72,3,2025-05-18
20670,Zoe Brown,zoe.brown670@example.com,Consumer,52,11,2025-03-04
20671,Mia Garcia,mia.garcia671@example.com,Consumer,41,12,2022-06-09
20672,Liam Anderson,liam.anderson672@example.com,Consumer,67,2,2025-12-22
20673,Amelia Davis,amelia.davis673@example.com,Consumer,65,1,2023-06-28
20674,Ava Garcia,ava.garcia674@example.com,Small Business,24,5,2022-08-10
20675,Ella Davis,ella.davis675@example.com,Corporate,47,12,2024-05-09
20676,James Lee,james.lee676@example.com,Consumer,27,7,2023-12-21
20677,James Moore,james.moore677@example.com,Small Business,35,10,2025-08-26
20678,Liam Davis,liam.davis678@example.com,Consumer,41,2,2022-03-10
20679,Lucas Johnson,lucas.johnson679@example.com,Consumer,45,2,2023-12-02
20680,Liam Thomas,liam.thomas680@example.com,Corporate,26,2,2025-01-25
20681,Amelia Taylor,amelia.taylor681@example.com,Small Business,48,10,2024-09-15
20682,Liam Taylor,liam.taylor682@example.com,Consumer,42,7,2022-11-18
20683,Noah Brown,noah.brown683@example.com,Consumer,67,7,2025-11-28
20684,Jack Jones,jack.jones684@example.com,Consumer,27,11,2023-07-31
20685,Emma Miller,emma.miller685@example.com,Small Business,30,10,2025-01-30
20686,Emma Garcia,emma.garcia686@example.com,Consumer,63,1,2024-05-25
20687,Zoe Davis,zoe.davis687@example.com,Consumer,31,4,2022-07-18
20688,Mason Johnson,mason.johnson688@example.com,Consumer,46,8,2022-08-25
20689,James Davis,james.davis689@example.com,Consumer,55,11,2023-06-27
20690,Ella Williams,ella.williams690@example.com,Consumer,49,6,2024-02-21
20691,Emma Jones,emma.jones691@example.com,Consumer,38,8,2024-08-10
20692,Chloe Smith,chloe.smith692@example.com,Consumer,26,3,2025-11-27
20693,Harper Moore,harper.moore693@example.com,Corporate,58,9,2024-04-27
20694,Ethan Wilson,ethan.wilson694@example.com,Small Business,47,1,2024-03-03
20695,Jack Anderson,jack.anderson695@example.com,Corporate,51,8,2025-03-18
20696,Mason Johnson,mason.johnson696@example.com,Consumer,54,7,2022-03-13
20697,Chloe Anderson,chloe.anderson697@example.com,Consumer,69,10,2022-10-29
20698,Leo Williams,leo.williams698@example.com,Small Business,29,3,2023-03-10
20699,Emma Miller,emma.miller699@example.com,Consumer,61,2,2025-10-31
20700,Mia Martin,mia.martin700@example.com,Consumer,67,10,2023-06-13
20701,Ava Johnson,ava.johnson701@example.com,Consumer,41,7,2025-02-13
20702,Lucas Wilson,lucas.wilson702@example.com,Small Business,60,8,2022-01-26
20703,Chloe Wilson,chloe.wilson703@example.com,Consumer,30,7,2022-08-19
20704,Chloe Taylor,chloe.taylor704@example.com,Corporate,57,10,2022-07-25
20705,Sophia Moore,sophia.moore705@example.com,Corporate,47,5,2025-01-01
20706,Lucas Miller,lucas.miller706@example.com,Consumer,51,11,2024-09-21
20707,Emma Williams,emma.williams707@example.com,Consumer,59,5,2024-04-05
20708,Ella Smith,ella.smith708@example.com,Small Business,24,7,2023-11-10
20709,James Lee,james.lee709@example.com,Consumer,71,5,2024-02-02
20710,Mason Jones,mason.jones710@example.com,Small Business,64,5,2024-10-03
20711,Sophia Martin,sophia.martin711@example.com,Consumer,68,4,2022-10-03
20712,Leo Moore,leo.moore712@example.com,Small Business,59,6,2023-07-06
20713,Ava Brown,ava.brown713@example.com,Corporate,47,8,2023-03-09
20714,James Moore,james.moore714@example.com,Small Business,53,9,2024-02-05
20715,Liam Johnson,liam.johnson715@example.com,Consumer,29,5,2025-12-24
20716,Henry Lee,henry.lee716@example.com,Consumer,33,10,2022-03-01
20717,Emma Brown,emma.brown717@example.com,Consumer,44,1,2024-07-23
20718,Noah Jones,noah.jones718@example.com,Consumer,61,6,2024-08-08
20719,Sophia Anderson,sophia.anderson719@example.com,Consumer,59,1,2023-05-11
20720,Leo Williams,leo.williams720@example.com,Consumer,43,8,2025-04-16
20721,Liam Martin,liam.martin721@example.com,Consumer,22,5,2025-11-11
20722,Ella Smith,ella.smith722@example.com,Small Business,34,3,2025-03-17
20723,Ethan Anderson,ethan.anderson723@example.com,Consumer,62,4,2025-10-19
20724,Grace Wilson,grace.wilson724@example.com,Consumer,29,1,2025-10-29
20725,Liam Taylor,liam.taylor725@example.com,Consumer,72,1,2023-04-04
20726,Mason Thomas,mason.thomas726@example.com,Consumer,45,12,2025-08-09
20727,Harper Davis,harper.davis727@example.com,Consumer,64,5,2023-03-23
20728,Henry Martin,henry.martin728@example.com,Consumer,21,10,2024-03-24
20729,Henry Anderson,henry.anderson729@example.com,Consumer,59,6,2025-02-23
20730,Mason Jones,mason.jones730@example.com,Consumer,42,11,2022-08-10
20731,Lucas Anderson,lucas.anderson731@example.com,Consumer,66,6,2023-07-22
20732,Mason Brown,mason.brown732@example.com,Small Business,24,3,2024-11-25
20733,Zoe Miller,zoe.miller733@example.com,Small Business,67,11,2023-10-17
20734,Olivia Anderson,olivia.anderson734@example.com,Consumer,47,8,2023-08-29
20735,Ella Miller,ella.miller735@example.com,Consumer,57,12,2022-03-14
20736,Noah Garcia,noah.garcia736@example.com,Small Business,61,12,2023-04-01
20737,James Lee,james.lee737@example.com,Consumer,31,11,2024-01-05
20738,Jack Williams,jack.williams738@example.com,Consumer,68,5,2022-07-19
20739,Lucas Thomas,lucas.thomas739@example.com,Corporate,42,9,2023-01-10
20740,Ava Brown,ava.brown740@example.com,Small Business,40,6,2023-04-03
20741,Grace Moore,grace.moore741@example.com,Consumer,39,6,2024-02-01
20742,Leo Martin,leo.martin742@example.com,Consumer,61,2,2024-08-21
20743,Chloe Taylor,chloe.taylor743@example.com,Consumer,33,10,2022-05-26
20744,Henry Johnson,henry.johnson744@example.com,Consumer,47,11,2024-02-21
20745,Emma Martin,emma.martin745@example.com,Corporate,42,3,2022-10-09
20746,Grace Taylor,grace.taylor746@example.com,Consumer,66,8,2022-10-21
20747,Liam Moore,liam.moore747@example.com,Consumer,32,2,2024-09-25
20748,Amelia Anderson,amelia.anderson748@example.com,Consumer,34,1,2022-01-10
20749,Liam Taylor,liam.taylor749@example.com,Small Business,70,3,2024-09-29
20750,Ava Williams,ava.williams750@example.com,Consumer,46,10,2024-06-07
20751,Grace Davis,grace.davis751@example.com,Consumer,33,7,2022-01-10
20752,Harper Smith,harper.smith752@example.com,Consumer,64,6,2024-12-23
20753,Olivia Anderson,olivia.anderson753@example.com,Consumer,43,12,2023-05-25
20754,Mason Williams,mason.williams754@example.com,Consumer,40,2,2024-02-25
20755,Liam Johnson,liam.johnson755@example.com,Corporate,50,1,2023-09-03
20756,Henry Taylor,henry.taylor756@example.com,Consumer,64,9,2023-11-23
20757,Mia Garcia,mia.garcia757@example.com,Small Business,31,8,2024-01-06
20758,Ella Smith,ella.smith758@example.com,Small Business,29,4,2023-04-05
20759,Noah Thomas,noah.thomas759@example.com,Consumer,28,1,2025-04-22
20760,Harper Thomas,harper.thomas760@example.com,Consumer,61,11,2022-03-18
20761,Lucas Moore,lucas.moore761@example.com,Consumer,24,9,2025-06-30
20762,Sophia Anderson,sophia.anderson762@example.com,Small Business,47,1,2022-04-09
20763,Leo Miller,leo.miller763@example.com,Consumer,65,2,2025-01-25
20764,Mia Brown,mia.brown764@example.com,Consumer,40,12,2025-11-05
20765,Grace Anderson,grace.anderson765@example.com,Consumer,60,2,2025-09-18
20766,Zoe Thomas,zoe.thomas766@example.com,Small Business,27,3,2024-05-07
20767,Henry Thomas,henry.thomas767@example.com,Consumer,71,10,2022-08-30
20768,Sophia Davis,sophia.davis768@example.com,Consumer,37,4,2025-06-01
20769,Henry Brown,henry.brown769@example.com,Consumer,31,6,2025-12-11
20770,Emma Wilson,emma.wilson770@example.com,Small Business,51,8,2023-03-02
20771,Amelia Brown,amelia.brown771@example.com,Consumer,28,1,2022-01-27
20772,Chloe Anderson,chloe.anderson772@example.com,Corporate,70,8,2022-11-02
20773,Henry Johnson,henry.johnson773@example.com,Corporate,62,12,2022-07-27
20774,Ethan Davis,ethan.davis774@example.com,Consumer,27,5,2023-06-25
20775,Liam Martin,liam.martin775@example.com,Consumer,64,1,2023-08-19
20776,Amelia Miller,amelia.miller776@example.com,Consumer,69,12,2022-08-26
20777,Emma Smith,emma.smith777@example.com,Consumer,42,3,2025-09-20
20778,Harper Lee,harper.lee778@example.com,Consumer,67,8,2025-06-27
20779,Ava Garcia,ava.garcia779@example.com,Consumer,46,6,2023-01-10
20780,Leo Jones,leo.jones780@example.com,Small Business,72,7,2025-11-13
20781,Grace Anderson,grace.anderson781@example.com,Consumer,67,3,2022-08-20
20782,Emma Martin,emma.martin782@example.com,Consumer,58,3,2022-08-01
20783,James Moore,james.moore783@example.com,Consumer,60,10,2025-10-21
20784,Ella Moore,ella.moore784@example.com,Consumer,64,6,2025-06-06
20785,Mia Davis,mia.davis785@example.com,Corporate,49,8,2022-08-20
20786,Emma Johnson,emma.johnson786@example.com,Consumer,66,5,2025-09-03
20787,Henry Moore,henry.moore787@example.com,Small Business,35,12,2025-03-26
20788,Amelia Wilson,amelia.wilson788@example.com,Small Business,27,9,2025-11-10
20789,Grace Anderson,grace.anderson789@example.com,Consumer,63,12,2023-05-25
20790,Ella Williams,ella.williams790@example.com,Consumer,62,9,2025-06-09
20791,Liam Wilson,liam.wilson791@example.com,Small Business,25,8,2024-10-12
20792,James Garcia,james.garcia792@example.com,Corporate,24,4,2023-11-09
20793,Henry Brown,henry.brown793@example.com,Consumer,36,9,2025-08-10
20794,Ava Davis,ava.davis794@example.com,Consumer,52,8,2025-03-19
20795,Leo Garcia,leo.garcia795@example.com,Small Business,22,2,2024-10-15
20796,Sophia Miller,sophia.miller796@example.com,Consumer,21,7,2022-03-15
20797,Ava Moore,ava.moore797@example.com,Consumer,53,10,2025-06-21
20798,Jack Brown,jack.brown798@example.com,Consumer,42,11,2025-10-07
20799,Harper Martin,harper.martin799@example.com,Small Business,42,1,2023-04-02
20800,Jack Moore,jack.moore800@example.com,Consumer,63,10,2025-05-13
20801,Harper Thomas,harper.thomas801@example.com,Consumer,63,8,2022-08-22
20802,Ethan Smith,ethan.smith802@example.com,Small Business,72,6,2023-12-29
20803,Mason Wilson,mason.wilson803@example.com,Small Business,23,9,2024-02-05
20804,Liam Davis,liam.davis804@example.com,Consumer,60,3,2024-04-18
20805,Noah Brown,noah.brown805@example.com,Consumer,71,2,2024-03-15
20806,Noah Thomas,noah.thomas806@example.com,Small Business,23,6,2022-08-09
20807,Chloe Johnson,chloe.johnson807@example.com,Consumer,53,8,2024-07-25
20808,Mia Davis,mia.davis808@example.com,Small Business,56,1,2024-12-22
20809,Grace Martin,grace.martin809@example.com,Corporate,70,10,2024-09-16
20810,Liam Thomas,liam.thomas810@example.com,Small Business,29,10,2022-12-22
20811,Sophia Miller,sophia.miller811@example.com,Consumer,41,11,2025-05-14
20812,Henry Lee,henry.lee812@example.com,Corporate,65,7,2024-05-07
20813,Ethan Jones,ethan.jones813@example.com,Corporate,49,7,2023-12-04
20814,Mia Williams,mia.williams814@example.com,Small Business,68,7,2025-05-18
20815,Henry Jones,henry.jones815@example.com,Small Business,66,12,2025-01-26
20816,Jack Anderson,jack.anderson816@example.com,Consumer,66,4,2023-02-16
20817,Mason Anderson,mason.anderson817@example.com,Consumer,66,6,2025-10-09
20818,Liam Wilson,liam.wilson818@example.com,Consumer,66,9,2025-11-22
20819,Sophia Moore,sophia.moore819@example.com,Consumer,57,6,2025-02-25
20820,Grace Anderson,grace.anderson820@example.com,Consumer,48,12,2024-12-29
20821,Olivia Wilson,olivia.wilson821@example.com,Consumer,24,2,2022-02-21
20822,Emma Brown,emma.brown822@example.com,Corporate,64,5,2022-11-26
20823,Lucas Williams,lucas.williams823@example.com,Small Business,34,1,2025-11-15
20824,Jack Smith,jack.smith824@example.com,Consumer,64,6,2024-07-15
20825,Jack Martin,jack.martin825@example.com,Consumer,36,4,2025-08-18
20826,Henry Moore,henry.moore826@example.com,Small Business,24,12,2023-08-13
20827,Ella Miller,ella.miller827@example.com,Consumer,56,7,2025-11-04
20828,Emma Smith,emma.smith828@example.com,Consumer,70,12,2023-05-30
20829,Leo Martin,leo.martin829@example.com,Small Business,62,4,2025-07-21
20830,Harper Moore,harper.moore830@example.com,Small Business,33,10,2025-01-24
20831,Noah Jones,noah.jones831@example.com,Corporate,25,8,2022-12-30
20832,Liam Williams,liam.williams832@example.com,Consumer,23,12,2024-11-18
20833,Grace Jones,grace.jones833@example.com,Consumer,58,9,2023-06-26
20834,Lucas Smith,lucas.smith834@example.com,Small Business,30,6,2024-08-13
20835,Emma Williams,emma.williams835@example.com,Consumer,61,6,2025-05-07
20836,Zoe Martin,zoe.martin836@example.com,Consumer,57,11,2023-09-09
20837,Jack Garcia,jack.garcia837@example.com,Consumer,35,2,2025-12-20
20838,Liam Wilson,liam.wilson838@example.com,Consumer,55,2,2024-10-31
20839,Jack Miller,jack.miller839@example.com,Consumer,34,2,2023-12-17
20840,Amelia Garcia,amelia.garcia840@example.com,Consumer,69,6,2023-08-25
20841,Zoe Wilson,zoe.wilson841@example.com,Small Business,62,8,2025-02-23
20842,Olivia Johnson,olivia.johnson842@example.com,Consumer,62,11,2023-12-10
20843,Zoe Lee,zoe.lee843@example.com,Corporate,64,10,2023-05-15
20844,Amelia Miller,amelia.miller844@example.com,Consumer,67,2,2024-03-01
20845,Mason Smith,mason.smith845@example.com,Consumer,53,9,2024-02-07
20846,Leo Davis,leo.davis846@example.com,Corporate,33,1,2023-08-31
20847,Amelia Wilson,amelia.wilson847@example.com,Consumer,70,2,2022-07-16
20848,Jack Wilson,jack.wilson848@example.com,Consumer,63,1,2025-07-07
20849,Noah Martin,noah.martin849@example.com,Small Business,34,11,2024-05-18
20850,Jack Martin,jack.martin850@example.com,Consumer,25,12,2024-06-10
20851,Mia Smith,mia.smith851@example.com,Consumer,25,8,2023-11-11
20852,Emma Williams,emma.williams852@example.com,Consumer,35,5,2025-02-16
20853,Lucas Miller,lucas.miller853@example.com,Consumer,48,7,2024-07-12
20854,Amelia Smith,amelia.smith854@example.com,Consumer,21,7,2025-10-10
20855,Zoe Johnson,zoe.johnson855@example.com,Consumer,25,12,2025-04-14
20856,Harper Lee,harper.lee856@example.com,Consumer,64,9,2022-08-06
20857,Mason Taylor,mason.taylor857@example.com,Small Business,49,2,2023-07-31
20858,Ella Miller,ella.miller858@example.com,Consumer,55,11,2022-03-05
20859,Ethan Williams,ethan.williams859@example.com,Small Business,55,12,2024-03-11
20860,Mason Anderson,mason.anderson860@example.com,Consumer,71,3,2023-09-03
20861,Harper Smith,harper.smith861@example.com,Consumer,23,9,2025-02-10
20862,Olivia Taylor,olivia.taylor862@example.com,Consumer,26,10,2024-03-18
20863,Mason Brown,mason.brown863@example.com,Consumer,62,12,2023-12-06
20864,Henry Williams,henry.williams864@example.com,Consumer,37,3,2023-01-12
20865,Noah Johnson,noah.johnson865@example.com,Small Business,24,3,2025-10-06
20866,Jack Davis,jack.davis866@example.com,Consumer,63,11,2025-01-30
20867,Ava Jones,ava.jones867@example.com,Small Business,52,2,2023-02-09
20868,Amelia Garcia,amelia.garcia868@example.com,Consumer,27,3,2025-10-06
20869,Mason Taylor,mason.taylor869@example.com,Consumer,49,2,2023-02-01
20870,Amelia Taylor,amelia.taylor870@example.com,Small Business,30,11,2023-09-19
20871,Chloe Taylor,chloe.taylor871@example.com,Corporate,31,6,2023-10-10
20872,Olivia Garcia,olivia.garcia872@example.com,Small Business,62,4,2023-03-30
20873,Grace Jones,grace.jones873@example.com,Consumer,42,6,2022-10-03
20874,James Davis,james.davis874@example.com,Small Business,52,8,2024-01-05
20875,Jack Johnson,jack.johnson875@example.com,Consumer,38,3,2025-08-15
20876,Mia Lee,mia.lee876@example.com,Consumer,61,9,2023-02-07
20877,Ava Thomas,ava.thomas877@example.com,Small Business,61,2,2022-02-08
20878,Olivia Martin,olivia.martin878@example.com,Consumer,58,10,2025-03-31
20879,Noah Lee,noah.lee879@example.com,Consumer,55,1,2025-02-03
20880,James Anderson,james.anderson880@example.com,Consumer,70,3,2024-01-20
20881,Chloe Thomas,chloe.thomas881@example.com,Consumer,53,5,2022-10-02
20882,Ava Miller,ava.miller882@example.com,Consumer,36,6,2024-10-25
20883,Zoe Anderson,zoe.anderson883@example.com,Consumer,31,3,2024-11-18
20884,Liam Taylor,liam.taylor884@example.com,Small Business,30,10,2025-09-12
20885,James Garcia,james.garcia885@example.com,Small Business,35,1,2023-03-25
20886,Ava Jones,ava.jones886@example.com,Consumer,34,6,2023-04-25
20887,Henry Lee,henry.lee887@example.com,Consumer,50,6,2024-03-05
20888,Emma Smith,emma.smith888@example.com,Consumer,54,11,2023-10-26
20889,Lucas Martin,lucas.martin889@example.com,Consumer,57,12,2023-06-24
20890,Liam Miller,liam.miller890@example.com,Consumer,62,11,2024-02-15
20891,Ava Wilson,ava.wilson891@example.com,Corporate,35,5,2024-02-10
20892,Henry Miller,henry.miller892@example.com,Consumer,51,6,2023-12-08
20893,Zoe Smith,zoe.smith893@example.com,Consumer,35,9,2022-10-12
20894,Ava Wilson,ava.wilson894@example.com,Consumer,32,11,2023-07-30
20895,Liam Garcia,liam.garcia895@example.com,Consumer,47,10,2022-08-31
20896,Amelia Thomas,amelia.thomas896@example.com,Consumer,51,2,2024-09-13
20897,Noah Taylor,noah.taylor897@example.com,Small Business,22,3,2025-08-18
20898,Ethan Smith,ethan.smith898@example.com,Consumer,29,3,2025-03-20
20899,Henry Smith,henry.smith899@example.com,Consumer,37,10,2022-10-28
20900,Liam Wilson,liam.wilson900@example.com,Corporate,61,7,2025-05-12
20901,Olivia Lee,olivia.lee901@example.com,Small Business,26,12,2025-09-17
20902,Noah Davis,noah.davis902@example.com,Small Business,31,10,2024-08-23
20903,Ethan Martin,ethan.martin903@example.com,Consumer,58,7,2025-05-15
20904,Liam Taylor,liam.taylor904@example.com,Consumer,67,11,2024-11-12
20905,Amelia Lee,amelia.lee905@example.com,Consumer,35,8,2025-05-06
20906,Ella Miller,ella.miller906@example.com,Consumer,54,3,2022-08-11
20907,Henry Anderson,henry.anderson907@example.com,Consumer,32,7,2022-11-03
20908,James Lee,james.lee908@example.com,Consumer,71,10,2025-05-13
20909,Jack Wilson,jack.wilson909@example.com,Consumer,29,2,2022-07-10
20910,Zoe Wilson,zoe.wilson910@example.com,Consumer,54,1,2025-10-21
20911,Grace Garcia,grace.garcia911@example.com,Consumer,35,1,2025-11-29
20912,James Moore,james.moore912@example.com,Consumer,68,7,2023-12-19
20913,Chloe Johnson,chloe.johnson913@example.com,Consumer,70,7,2022-10-02
20914,Ethan Lee,ethan.lee914@example.com,Consumer,55,2,2023-08-04
20915,Grace Jones,grace.jones915@example.com,Small Business,71,4,2022-01-12
20916,Olivia Taylor,olivia.taylor916@example.com,Consumer,45,9,2022-08-30
20917,Noah Thomas,noah.thomas917@example.com,Consumer,30,6,2024-04-17
20918,Grace Anderson,grace.anderson918@example.com,Consumer,55,10,2023-06-04
20919,Grace Taylor,grace.taylor919@example.com,Consumer,64,6,2025-06-07
20920,Ella Moore,ella.moore920@example.com,Consumer,56,4,2024-04-26
20921,James Williams,james.williams921@example.com,Consumer,37,6,2025-02-19
20922,Mason Taylor,mason.taylor922@example.com,Consumer,29,6,2025-12-15
20923,Sophia Thomas,sophia.thomas923@example.com,Small Business,31,4,2024-07-03
20924,Sophia Brown,sophia.brown924@example.com,Small Business,72,9,2024-03-31
20925,Jack Taylor,jack.taylor925@example.com,Small Business,31,12,2025-11-02
20926,Ella Anderson,ella.anderson926@example.com,Small Business,51,1,2022-07-06
20927,Zoe Miller,zoe.miller927@example.com,Consumer,44,2,2022-05-12
20928,Ava Taylor,ava.taylor928@example.com,Corporate,46,1,2024-02-27
20929,Zoe Anderson,zoe.anderson929@example.com,Small Business,59,9,2023-08-10
20930,Emma Moore,emma.moore930@example.com,Consumer,21,3,2025-08-04
20931,Noah Martin,noah.martin931@example.com,Consumer,23,11,2024-11-27
20932,Zoe Wilson,zoe.wilson932@example.com,Consumer,31,9,2025-12-01
20933,Emma Garcia,emma.garcia933@example.com,Consumer,31,4,2025-09-03
20934,Ava Jones,ava.jones934@example.com,Consumer,46,7,2023-12-25
20935,Chloe Brown,chloe.brown935@example.com,Small Business,25,9,2022-02-01
20936,Ava Wilson,ava.wilson936@example.com,Corporate,43,5,2025-02-19
20937,Harper Martin,harper.martin937@example.com,Consumer,33,5,2023-04-09
20938,Leo Lee,leo.lee938@example.com,Consumer,32,7,2025-03-23
20939,Grace Wilson,grace.wilson939@example.com,Consumer,39,2,2025-02-18
20940,Amelia Johnson,amelia.johnson940@example.com,Small Business,71,9,2023-06-12
20941,Chloe Jones,chloe.jones941@example.com,Corporate,57,12,2024-06-25
20942,James Moore,james.moore942@example.com,Corporate,50,4,2023-11-27
20943,Leo Lee,leo.lee943@example.com,Consumer,37,10,2022-02-26
20944,Ava Miller,ava.miller944@example.com,Consumer,35,11,2023-03-28
20945,Amelia Miller,amelia.miller945@example.com,Consumer,65,6,2024-11-23
20946,Lucas Brown,lucas.brown946@example.com,Consumer,68,5,2022-07-10
20947,Amelia Johnson,amelia.johnson947@example.com,Consumer,43,9,2023-01-01
20948,Noah Lee,noah.lee948@example.com,Consumer,68,10,2023-07-06
20949,Noah Davis,noah.davis949@example.com,Consumer,36,12,2023-02-13
20950,Lucas Brown,lucas.brown950@example.com,Small Business,60,4,2023-02-20
20951,Harper Williams,harper.williams951@example.com,Corporate,64,2,2022-09-03
20952,James Taylor,james.taylor952@example.com,Corporate,51,1,2025-01-13
20953,Harper Taylor,harper.taylor953@example.com,Corporate,57,6,2024-10-05
20954,Lucas Davis,lucas.davis954@example.com,Consumer,35,3,2024-11-12
20955,Chloe Williams,chloe.williams955@example.com,Small Business,51,1,2024-12-12
20956,Jack Smith,jack.smith956@example.com,Consumer,64,9,2023-12-13
20957,Liam Davis,liam.davis957@example.com,Consumer,41,2,2025-12-01
20958,Olivia Smith,olivia.smith958@example.com,Consumer,27,11,2023-03-08
20959,Amelia Garcia,amelia.garcia959@example.com,Consumer,37,10,2023-06-16
20960,Ethan Jones,ethan.jones960@example.com,Consumer,32,8,2025-06-09
20961,James Miller,james.miller961@example.com,Small Business,44,4,2024-05-08
20962,Harper Martin,harper.martin962@example.com,Consumer,57,7,2023-07-27
20963,Mia Taylor,mia.taylor963@example.com,Small Business,67,11,2023-04-14
20964,Lucas Moore,lucas.moore964@example.com,Consumer,45,4,2025-02-11
20965,Noah Williams,noah.williams965@example.com,Consumer,21,12,2022-11-03
20966,Liam Miller,liam.miller966@example.com,Corporate,61,8,2022-10-03
20967,Henry Wilson,henry.wilson967@example.com,Small Business,40,12,2023-10-09
20968,Lucas Wilson,lucas.wilson968@example.com,Consumer,65,10,2022-04-08
20969,Liam Smith,liam.smith969@example.com,Consumer,61,4,2023-06-05
20970,Sophia Davis,sophia.davis970@example.com,Consumer,44,12,2023-11-17
20971,Jack Wilson,jack.wilson971@example.com,Consumer,28,5,2023-12-06
20972,Harper Martin,harper.martin972@example.com,Consumer,57,11,2025-05-25
20973,Jack Williams,jack.williams973@example.com,Consumer,53,5,2023-12-29
20974,James Moore,james.moore974@example.com,Corporate,45,12,2024-07-04
20975,Zoe Jones,zoe.jones975@example.com,Corporate,31,8,2025-07-17
20976,Amelia Miller,amelia.miller976@example.com,Consumer,25,11,2025-06-08
20977,Ava Williams,ava.williams977@example.com,Consumer,62,6,2023-04-13
20978,Mason Thomas,mason.thomas978@example.com,Consumer,38,5,2025-05-24
20979,Leo Moore,leo.moore979@example.com,Consumer,49,6,2025-04-17
20980,Grace Williams,grace.williams980@example.com,Consumer,36,3,2022-02-17
20981,Lucas Thomas,lucas.thomas981@example.com,Consumer,46,12,2022-06-13
20982,Sophia Johnson,sophia.johnson982@example.com,Consumer,22,2,2024-08-27
20983,Ella Wilson,ella.wilson983@example.com,Consumer,30,2,2022-08-01
20984,Ava Anderson,ava.anderson984@example.com,Consumer,68,7,2023-09-26
20985,Mason Davis,mason.davis985@example.com,Consumer,31,11,2022-09-16
20986,Olivia Smith,olivia.smith986@example.com,Small Business,41,11,2024-01-01
20987,James Davis,james.davis987@example.com,Consumer,29,9,2023-07-12
20988,Jack Williams,jack.williams988@example.com,Consumer,68,10,2025-05-08
20989,Chloe Miller,chloe.miller989@example.com,Consumer,40,9,2025-08-03
20990,Harper Davis,harper.davis990@example.com,Small Business,49,9,2023-04-11
20991,Mason Garcia,mason.garcia991@example.com,Consumer,21,7,2023-06-17
20992,Olivia Wilson,olivia.wilson992@example.com,Consumer,55,3,2023-12-06
20993,Olivia Thomas,olivia.thomas993@example.com,Consumer,70,8,2024-09-04
20994,Grace Moore,grace.moore994@example.com,Consumer,21,5,2025-05-07
20995,Jack Garcia,jack.garcia995@example.com,Corporate,48,4,2024-04-23
20996,Ella Brown,ella.brown996@example.com,Consumer,45,3,2025-08-15
20997,Ethan Jones,ethan.jones997@example.com,Consumer,54,2,2024-05-14
20998,Zoe Moore,zoe.moore998@example.com,Consumer,62,12,2025-11-03
20999,Jack Moore,jack.moore999@example.com,Consumer,25,5,2024-04-25
21000,Liam Williams,liam.williams0@example.com,Consumer,60,5,2022-08-15
21001,Leo Jones,leo.jones1@example.com,Consumer,41,12,2025-06-29
21002,Olivia Williams,olivia.williams2@example.com,Consumer,27,1,2024-12-31
21003,Mason Jones,mason.jones3@example.com,Small Business,35,3,2024-06-16
21004,Ava Williams,ava.williams4@example.com,Consumer,47,1,2024-10-07
21005,Mason Moore,mason.moore5@example.com,Consumer,71,8,2024-01-31
21006,Emma Garcia,emma.garcia6@example.com,Consumer,70,2,2022-10-27
21007,Ella Johnson,ella.johnson7@example.com,Consumer,37,9,2024-08-20
21008,Ella Martin,ella.martin8@example.com,Corporate,66,1,2022-09-07
21009,Ethan Miller,ethan.miller9@example.com,Small Business,23,8,2023-05-22
21010,Noah Davis,noah.davis10@example.com,Consumer,34,12,2022-07-12
21011,James Miller,james.miller11@example.com,Corporate,31,11,2023-10-02
21012,Emma Thomas,emma.thomas12@example.com,Consumer,51,9,2024-12-02
21013,Mason Brown,mason.brown13@example.com,Small Business,34,6,2022-04-17
21014,Sophia Brown,sophia.brown14@example.com,Consumer,31,11,2024-06-08
21015,Lucas Taylor,lucas.taylor15@example.com,Small Business,21,2,2024-03-21
21016,Emma Taylor,emma.taylor16@example.com,Small Business,30,12,2024-08-31
21017,Harper Moore,harper.moore17@example.com,Consumer,26,2,2023-05-25
21018,Zoe Garcia,zoe.garcia18@example.com,Consumer,62,11,2022-05-03
21019,Mia Thomas,mia.thomas19@example.com,Consumer,35,9,2022-08-08
21020,Amelia Wilson,amelia.wilson20@example.com,Small Business,49,11,2023-12-13
21021,Noah Smith,noah.smith21@example.com,Consumer,29,12,2024-02-13
21022,Lucas Lee,lucas.lee22@example.com,Small Business,56,1,2024-09-20
21023,Mason Wilson,mason.wilson23@example.com,Consumer,32,12,2024-09-30
21024,Jack Garcia,jack.garcia24@example.com,Consumer,59,6,2024-08-17
21025,Jack Williams,jack.williams25@example.com,Consumer,39,2,2024-12-23
21026,Lucas Wilson,lucas.wilson26@example.com,Consumer,61,6,2024-07-18
21027,Henry Miller,henry.miller27@example.com,Corporate,60,12,2023-01-15
21028,Harper Moore,harper.moore28@example.com,Consumer,25,10,2023-05-05
21029,Jack Martin,jack.martin29@example.com,Consumer,52,7,2023-01-24
21030,Jack Williams,jack.williams30@example.com,Consumer,62,10,2023-08-03
21031,Amelia Johnson,amelia.johnson31@example.com,Consumer,23,2,2024-12-07
21032,Mia Williams,mia.williams32@example.com,Consumer,33,1,2023-02-18
21033,Sophia Smith,sophia.smith33@example.com,Small Business,63,10,2025-08-07
21034,James Wilson,james.wilson34@example.com,Consumer,24,10,2025-12-07
21035,Harper Brown,harper.brown35@example.com,Consumer,34,10,2022-05-26
21036,James Lee,james.lee36@example.com,Small Business,24,2,2024-08-16
21037,Harper Wilson,harper.wilson37@example.com,Small Business,71,12,2024-05-01
21038,Emma Martin,emma.martin38@example.com,Consumer,67,10,2023-06-29
21039,Ava Martin,ava.martin39@example.com,Corporate,54,5,2022-06-09
21040,Sophia Johnson,sophia.johnson40@example.com,Consumer,33,12,2023-04-19
21041,Noah Wilson,noah.wilson41@example.com,Consumer,32,11,2023-05-25
21042,Jack Thomas,jack.thomas42@example.com,Small Business,70,9,2024-04-30
21043,Chloe Garcia,chloe.garcia43@example.com,Small Business,48,11,2024-07-28
21044,Sophia Williams,sophia.williams44@example.com,Consumer,42,3,2025-01-31
21045,Liam Wilson,liam.wilson45@example.com,Corporate,41,10,2024-06-26
21046,Jack Garcia,jack.garcia46@example.com,Small Business,48,6,2024-04-24
21047,Amelia Taylor,amelia.taylor47@example.com,Consumer,45,4,2025-02-27
21048,Jack Lee,jack.lee48@example.com,Consumer,49,12,2023-06-05
21049,Leo Miller,leo.miller49@example.com,Corporate,59,1,2022-03-12
21050,Olivia Wilson,olivia.wilson50@example.com,Consumer,35,3,2023-09-11
21051,Noah Martin,noah.martin51@example.com,Small Business,65,6,2022-02-14
21052,Lucas Lee,lucas.lee52@example.com,Consumer,57,9,2024-11-13
21053,Mia Johnson,mia.johnson53@example.com,Consumer,29,1,2024-07-31
21054,Lucas Garcia,lucas.garcia54@example.com,Consumer,72,10,2023-05-27
21055,Mason Johnson,mason.johnson55@example.com,Consumer,34,10,2024-03-29
21056,Ava Thomas,ava.thomas56@example.com,Consumer,65,6,2024-09-15
21057,Chloe Martin,chloe.martin57@example.com,Consumer,23,2,2025-05-04
21058,Chloe Miller,chloe.miller58@example.com,Corporate,42,2,2022-04-25
21059,Harper Lee,harper.lee59@example.com,Corporate,28,7,2024-05-03
21060,Ethan Thomas,ethan.thomas60@example.com,Corporate,61,11,2025-05-18
21061,Ella Smith,ella.smith61@example.com,Consumer,55,5,2024-12-09
21062,Chloe Williams,chloe.williams62@example.com,Small Business,30,6,2024-10-25
21063,Emma Anderson,emma.anderson63@example.com,Corporate,69,12,2024-03-15
21064,Zoe Taylor,zoe.taylor64@example.com,Consumer,39,9,2022-07-04
21065,Ella Williams,ella.williams65@example.com,Consumer,57,3,2023-11-20
21066,Emma Wilson,emma.wilson66@example.com,Consumer,53,7,2023-06-22
21067,Grace Moore,grace.moore67@example.com,Small Business,51,12,2022-09-25
21068,Jack Brown,jack.brown68@example.com,Consumer,33,8,2024-03-20
21069,Jack Taylor,jack.taylor69@example.com,Consumer,25,12,2024-12-09
21070,Lucas Moore,lucas.moore70@example.com,Small Business,57,7,2023-10-25
21071,Ava Johnson,ava.johnson71@example.com,Consumer,43,11,2024-04-27
21072,Noah Garcia,noah.garcia72@example.com,Consumer,70,6,2025-05-01
21073,Mason Williams,mason.williams73@example.com,Small Business,72,6,2025-06-16
21074,Leo Taylor,leo.taylor74@example.com,Consumer,35,3,2024-06-21
21075,Noah Anderson,noah.anderson75@example.com,Small Business,26,6,2022-11-16
21076,Sophia Thomas,sophia.thomas76@example.com,Corporate,30,1,2023-05-13
21077,Mason Smith,mason.smith77@example.com,Small Business,40,6,2025-11-21
21078,Leo Davis,leo.davis78@example.com,Consumer,55,1,2023-11-11
21079,Noah Brown,noah.brown79@example.com,Small Business,56,9,2024-12-07
21080,James Taylor,james.taylor80@example.com,Small Business,63,12,2022-10-17
21081,Olivia Miller,olivia.miller81@example.com,Consumer,37,10,2025-09-20
21082,Liam Smith,liam.smith82@example.com,Small Business,60,5,2023-02-16
21083,Lucas Smith,lucas.smith83@example.com,Corporate,25,8,2025-09-02
21084,Ella Anderson,ella.anderson84@example.com,Small Business,63,5,2025-09-19
21085,Harper Martin,harper.martin85@example.com,Consumer,62,2,2022-02-09
21086,Ella Brown,ella.brown86@example.com,Corporate,27,7,2024-11-07
21087,Amelia Davis,amelia.davis87@example.com,Consumer,33,10,2024-12-24
21088,Henry Davis,henry.davis88@example.com,Consumer,36,9,2025-12-30
21089,Henry Jones,henry.jones89@example.com,Consumer,31,6,2024-09-30
21090,Olivia Garcia,olivia.garcia90@example.com,Consumer,40,11,2023-12-22
21091,Ethan Wilson,ethan.wilson91@example.com,Consumer,45,5,2022-05-07
21092,Olivia Wilson,olivia.wilson92@example.com,Consumer,46,5,2023-04-07
21093,Mia Johnson,mia.johnson93@example.com,Consumer,64,12,2024-02-22
21094,Zoe Martin,zoe.martin94@example.com,Consumer,36,11,2025-11-06
21095,Chloe Williams,chloe.williams95@example.com,Corporate,42,7,2023-10-02
21096,Leo Wilson,leo.wilson96@example.com,Consumer,58,3,2023-02-28
21097,Jack Anderson,jack.anderson97@example.com,Consumer,66,4,2022-10-10
21098,Henry Lee,henry.lee98@example.com,Corporate,70,3,2024-05-30
21099,Mia Anderson,mia.anderson99@example.com,Consumer,56,10,2022-11-20
21100,Jack Thomas,jack.thomas100@example.com,Consumer,30,2,2023-01-13
21101,Olivia Moore,olivia.moore101@example.com,Corporate,40,6,2024-04-27
21102,Leo Thomas,leo.thomas102@example.com,Consumer,33,11,2023-07-15
21103,Sophia Williams,sophia.williams103@example.com,Small Business,60,3,2022-02-23
21104,Zoe Jones,zoe.jones104@example.com,Consumer,59,10,2025-03-07
21105,Ethan Brown,ethan.brown105@example.com,Consumer,65,11,2022-02-23
21106,James Williams,james.williams106@example.com,Consumer,62,9,2025-05-23
21107,Harper Williams,harper.williams107@example.com,Consumer,31,7,2024-10-03
21108,Noah Brown,noah.brown108@example.com,Small Business,21,1,2024-04-16
21109,Lucas Miller,lucas.miller109@example.com,Corporate,69,4,2025-10-06
21110,Noah Johnson,noah.johnson110@example.com,Small Business,52,3,2024-06-18
21111,Amelia Martin,amelia.martin111@example.com,Consumer,70,8,2023-05-21
21112,Emma Taylor,emma.taylor112@example.com,Small Business,46,12,2024-02-19
21113,Zoe Thomas,zoe.thomas113@example.com,Consumer,62,10,2025-05-01
21114,Emma Wilson,emma.wilson114@example.com,Consumer,23,2,2024-07-13
21115,Ethan Wilson,ethan.wilson115@example.com,Corporate,23,9,2024-03-21
21116,Jack Miller,jack.miller116@example.com,Corporate,33,9,2025-07-15
21117,Mason Davis,mason.davis117@example.com,Small Business,39,7,2023-09-16
21118,Leo Williams,leo.williams118@example.com,Consumer,24,7,2023-08-26
21119,Henry Lee,henry.lee119@example.com,Small Business,49,3,2024-08-07
21120,Ava Thomas,ava.thomas120@example.com,Consumer,58,9,2022-08-20
21121,Jack Williams,jack.williams121@example.com,Consumer,22,7,2024-04-26
21122,Liam Davis,liam.davis122@example.com,Corporate,50,10,2025-12-30
21123,Ava Jones,ava.jones123@example.com,Consumer,66,6,2025-11-17
21124,Liam Thomas,liam.thomas124@example.com,Consumer,66,12,2022-09-11
21125,Leo Anderson,leo.anderson125@example.com,Consumer,45,6,2022-06-24
21126,Henry Taylor,henry.taylor126@example.com,Consumer,23,3,2024-02-15
21127,Liam Lee,liam.lee127@example.com,Small Business,30,6,2025-03-04
21128,Liam Martin,liam.martin128@example.com,Small Business,24,3,2023-01-02
21129,Grace Jones,grace.jones129@example.com,Consumer,32,5,2024-07-02
21130,Sophia Lee,sophia.lee130@example.com,Consumer,69,3,2023-02-20
21131,Lucas Smith,lucas.smith131@example.com,Small Business,55,8,2024-10-16
21132,Olivia Taylor,olivia.taylor132@example.com,Consumer,63,8,2023-05-03
21133,James Davis,james.davis133@example.com,Consumer,59,7,2024-06-23
21134,Olivia Brown,olivia.brown134@example.com,Consumer,56,9,2023-07-24
21135,Noah Smith,noah.smith135@example.com,Consumer,43,3,2022-10-31
21136,Emma Williams,emma.williams136@example.com,Consumer,59,1,2025-09-28
21137,Mason Garcia,mason.garcia137@example.com,Consumer,32,2,2022-04-11
21138,Liam Anderson,liam.anderson138@example.com,Consumer,65,5,2025-06-05
21139,Zoe Taylor,zoe.taylor139@example.com,Corporate,68,9,2022-12-30
21140,Chloe Garcia,chloe.garcia140@example.com,Small Business,41,1,2022-07-10
21141,Harper Lee,harper.lee141@example.com,Small Business,56,7,2022-05-19
21142,Ava Jones,ava.jones142@example.com,Consumer,38,8,2022-10-03
21143,Amelia Wilson,amelia.wilson143@example.com,Consumer,34,7,2024-12-10
21144,Zoe Smith,zoe.smith144@example.com,Small Business,61,2,2025-03-16
21145,Henry Johnson,henry.johnson145@example.com,Consumer,71,8,2025-11-11
21146,Mason Miller,mason.miller146@example.com,Consumer,57,10,2023-10-11
21147,Zoe Garcia,zoe.garcia147@example.com,Consumer,54,3,2025-06-12
21148,James Davis,james.davis148@example.com,Consumer,39,3,2025-06-02
21149,Noah Smith,noah.smith149@example.com,Consumer,71,2,2022-02-19
21150,Sophia Thomas,sophia.thomas150@example.com,Corporate,47,4,2025-06-14
21151,Emma Garcia,emma.garcia151@example.com,Small Business,34,6,2025-02-21
21152,Olivia Anderson,olivia.anderson152@example.com,Consumer,71,4,2025-11-14
21153,Ava Jones,ava.jones153@example.com,Consumer,70,5,2024-11-03
21154,Olivia Johnson,olivia.johnson154@example.com,Consumer,67,11,2023-11-14
21155,Chloe Taylor,chloe.taylor155@example.com,Consumer,42,1,2022-12-26
21156,James Lee,james.lee156@example.com,Consumer,51,8,2022-03-14
21157,Mia Anderson,mia.anderson157@example.com,Corporate,50,8,2025-01-04
21158,Grace Lee,grace.lee158@example.com,Small Business,40,12,2022-04-25
21159,Chloe Thomas,chloe.thomas159@example.com,Consumer,22,11,2023-10-09
21160,Noah Taylor,noah.taylor160@example.com,Small Business,71,11,2023-11-11
21161,Harper Johnson,harper.johnson161@example.com,Small Business,42,3,2023-07-29
21162,Ella Anderson,ella.anderson162@example.com,Consumer,45,9,2022-12-06
21163,Liam Taylor,liam.taylor163@example.com,Small Business,41,2,2023-09-24
21164,Emma Jones,emma.jones164@example.com,Consumer,36,7,2022-06-27
21165,Harper Davis,harper.davis165@example.com,Consumer,32,5,2023-03-19
21166,Sophia Garcia,sophia.garcia166@example.com,Corporate,49,1,2023-02-18
21167,Henry Smith,henry.smith167@example.com,Consumer,42,8,2024-10-21
21168,James Thomas,james.thomas168@example.com,Small Business,30,9,2023-09-28
21169,Sophia Martin,sophia.martin169@example.com,Corporate,34,9,2025-10-17
21170,Emma Davis,emma.davis170@example.com,Consumer,40,7,2024-12-05
21171,Emma Anderson,emma.anderson171@example.com,Consumer,23,10,2022-06-28
21172,Sophia Wilson,sophia.wilson172@example.com,Consumer,69,11,2023-10-02
21173,Mason Anderson,mason.anderson173@example.com,Consumer,39,4,2023-10-20
21174,Lucas Wilson,lucas.wilson174@example.com,Consumer,38,6,2024-06-22
21175,Mia Williams,mia.williams175@example.com,Consumer,60,5,2022-08-23
21176,Jack Wilson,jack.wilson176@example.com,Consumer,56,2,2023-02-28
21177,Amelia Jones,amelia.jones177@example.com,Small Business,57,3,2025-12-13
21178,Ethan Williams,ethan.williams178@example.com,Consumer,42,2,2023-09-30
21179,Jack Davis,jack.davis179@example.com,Consumer,64,1,2022-09-24
21180,Emma Johnson,emma.johnson180@example.com,Consumer,46,7,2022-04-21
21181,Liam Thomas,liam.thomas181@example.com,Consumer,65,10,2025-04-28
21182,Leo Taylor,leo.taylor182@example.com,Consumer,33,6,2023-10-02
21183,Jack Johnson,jack.johnson183@example.com,Consumer,72,8,2025-03-08
21184,Leo Johnson,leo.johnson184@example.com,Small Business,66,8,2023-09-28
21185,Leo Davis,leo.davis185@example.com,Consumer,60,4,2023-04-04
21186,Lucas Lee,lucas.lee186@example.com,Consumer,63,6,2024-03-13
21187,Amelia Moore,amelia.moore187@example.com,Consumer,25,6,2024-07-17
21188,James Johnson,james.johnson188@example.com,Consumer,31,6,2024-09-07
21189,Mason Moore,mason.moore189@example.com,Consumer,53,6,2025-05-22
21190,Sophia Miller,sophia.miller190@example.com,Consumer,62,12,2022-08-08
21191,Ava Moore,ava.moore191@example.com,Consumer,58,5,2024-12-27
21192,Grace Brown,grace.brown192@example.com,Consumer,51,10,2023-05-15
21193,Ella Johnson,ella.johnson193@example.com,Small Business,58,6,2023-03-03
21194,Grace Moore,grace.moore194@example.com,Small Business,55,7,2025-03-07
21195,Ethan Williams,ethan.williams195@example.com,Consumer,66,11,2025-10-03
21196,Chloe Martin,chloe.martin196@example.com,Consumer,50,8,2022-08-23
21197,Amelia Wilson,amelia.wilson197@example.com,Consumer,46,2,2024-06-30
21198,Ava Taylor,ava.taylor198@example.com,Small Business,70,2,2025-11-04
21199,Ella Garcia,ella.garcia199@example.com,Consumer,26,8,2025-08-13
21200,Noah Martin,noah.martin200@example.com,Corporate,61,3,2025-04-04
21201,Olivia Moore,olivia.moore201@example.com,Consumer,55,3,2025-09-15
21202,Mason Miller,mason.miller202@example.com,Consumer,34,10,2025-03-29
21203,Amelia Jones,amelia.jones203@example.com,Consumer,48,10,2025-10-23
21204,Harper Johnson,harper.johnson204@example.com,Consumer,53,10,2022-01-17
21205,Ella Martin,ella.martin205@example.com,Consumer,56,3,2023-08-26
21206,Emma Smith,emma.smith206@example.com,Small Business,43,12,2025-02-20
21207,Sophia Martin,sophia.martin207@example.com,Consumer,65,5,2022-03-05
21208,Chloe Miller,chloe.miller208@example.com,Small Business,46,11,2023-10-14
21209,Ella Miller,ella.miller209@example.com,Consumer,51,9,2023-03-09
21210,Mia Brown,mia.brown210@example.com,Small Business,44,9,2024-02-27
21211,Grace Williams,grace.williams211@example.com,Consumer,21,5,2025-10-04
21212,Ava Anderson,ava.anderson212@example.com,Small Business,52,1,2022-10-22
21213,Grace Williams,grace.williams213@example.com,Consumer,47,2,2022-10-09
21214,Leo Lee,leo.lee214@example.com,Corporate,60,12,2025-05-22
21215,Liam Davis,liam.davis215@example.com,Consumer,49,9,2024-05-18
21216,Ella Garcia,ella.garcia216@example.com,Consumer,21,4,2023-01-16
21217,Chloe Davis,chloe.davis217@example.com,Small Business,38,12,2023-04-30
21218,Grace Lee,grace.lee218@example.com,Consumer,23,9,2025-03-26
21219,Chloe Davis,chloe.davis219@example.com,Consumer,51,12,2024-01-25
21220,Ava Williams,ava.williams220@example.com,Corporate,69,12,2024-12-14
21221,Lucas Davis,lucas.davis221@example.com,Consumer,60,9,2022-06-10
21222,Ava Brown,ava.brown222@example.com,Small Business,63,8,2025-07-15
21223,Ava Anderson,ava.anderson223@example.com,Small Business,40,11,2025-01-09
21224,Zoe Smith,zoe.smith224@example.com,Small Business,51,6,2024-12-31
21225,Leo Wilson,leo.wilson225@example.com,Small Business,47,8,2025-03-21
21226,Harper Moore,harper.moore226@example.com,Consumer,65,5,2023-08-16
21227,Zoe Thomas,zoe.thomas227@example.com,Consumer,61,5,2025-02-28
21228,James Taylor,james.taylor228@example.com,Consumer,39,3,2025-03-19
21229,Zoe Smith,zoe.smith229@example.com,Consumer,53,5,2024-09-19
21230,Ava Martin,ava.martin230@example.com,Consumer,38,5,2023-06-01
21231,Lucas Martin,lucas.martin231@example.com,Small Business,59,5,2022-01-30
21232,Liam Lee,liam.lee232@example.com,Consumer,44,10,2022-11-06
21233,Liam Jones,liam.jones233@example.com,Consumer,72,12,2023-04-29
21234,Henry Martin,henry.martin234@example.com,Corporate,30,1,2023-12-04
21235,Zoe Lee,zoe.lee235@example.com,Small Business,47,3,2024-10-12
21236,Ella Brown,ella.brown236@example.com,Small Business,31,11,2024-06-20
21237,Noah Taylor,noah.taylor237@example.com,Consumer,37,12,2023-12-08
21238,Sophia Smith,sophia.smith238@example.com,Consumer,40,3,2024-08-08
21239,James Thomas,james.thomas239@example.com,Consumer,66,9,2023-04-24
21240,Ella Davis,ella.davis240@example.com,Consumer,48,5,2022-10-25
21241,Olivia Jones,olivia.jones241@example.com,Consumer,54,8,2024-02-22
21242,Emma Johnson,emma.johnson242@example.com,Consumer,48,9,2025-07-29
21243,Zoe Lee,zoe.lee243@example.com,Consumer,38,11,2023-07-13
21244,Sophia Jones,sophia.jones244@example.com,Consumer,70,11,2025-04-11
21245,Ethan Thomas,ethan.thomas245@example.com,Small Business,54,11,2025-04-20
21246,Amelia Anderson,amelia.anderson246@example.com,Consumer,21,12,2023-01-04
21247,Olivia Martin,olivia.martin247@example.com,Consumer,54,2,2022-01-25
21248,Sophia Anderson,sophia.anderson248@example.com,Consumer,39,8,2023-12-21
21249,Lucas Brown,lucas.brown249@example.com,Consumer,24,1,2022-02-18
21250,Zoe Anderson,zoe.anderson250@example.com,Consumer,66,4,2025-05-12
21251,Sophia Johnson,sophia.johnson251@example.com,Consumer,69,10,2022-09-24
21252,Chloe Moore,chloe.moore252@example.com,Small Business,37,3,2022-08-16
21253,Mason Davis,mason.davis253@example.com,Consumer,38,11,2022-06-05
21254,Grace Thomas,grace.thomas254@example.com,Consumer,70,11,2023-10-25
21255,Ava Jones,ava.jones255@example.com,Consumer,24,1,2024-02-23
21256,Lucas Martin,lucas.martin256@example.com,Consumer,52,5,2022-12-31
21257,Noah Taylor,noah.taylor257@example.com,Consumer,27,7,2023-01-01
21258,Mia Wilson,mia.wilson258@example.com,Consumer,27,7,2023-03-24
21259,Leo Thomas,leo.thomas259@example.com,Consumer,25,5,2022-07-31
21260,Chloe Thomas,chloe.thomas260@example.com,Consumer,52,5,2024-07-02
21261,Mia Anderson,mia.anderson261@example.com,Corporate,63,11,2022-01-02
21262,Ella Jones,ella.jones262@example.com,Consumer,46,3,2025-12-04
21263,Chloe Smith,chloe.smith263@example.com,Corporate,52,9,2025-12-20
21264,James Miller,james.miller264@example.com,Consumer,21,7,2022-05-24
21265,Ella Thomas,ella.thomas265@example.com,Consumer,43,8,2022-09-06
21266,Amelia Anderson,amelia.anderson266@example.com,Consumer,62,5,2024-03-31
21267,Ava Garcia,ava.garcia267@example.com,Consumer,50,9,2023-11-28
21268,Mason Anderson,mason.anderson268@example.com,Consumer,45,4,2022-12-28
21269,Noah Jones,noah.jones269@example.com,Corporate,61,12,2024-03-09
21270,Harper Davis,harper.davis270@example.com,Consumer,33,2,2025-07-19
21271,Mia Smith,mia.smith271@example.com,Small Business,58,4,2022-02-21
21272,Ethan Davis,ethan.davis272@example.com,Small Business,62,7,2022-05-10
21273,Mason Davis,mason.davis273@example.com,Corporate,22,9,2024-07-09
21274,Emma Garcia,emma.garcia274@example.com,Small Business,23,1,2023-11-23
21275,Ella Johnson,ella.johnson275@example.com,Consumer,50,4,2025-09-01
21276,Jack Williams,jack.williams276@example.com,Consumer,25,12,2025-04-01
21277,Emma Thomas,emma.thomas277@example.com,Consumer,51,3,2024-09-28
21278,Zoe Smith,zoe.smith278@example.com,Consumer,21,4,2025-12-07
21279,Liam Anderson,liam.anderson279@example.com,Small Business,27,1,2023-09-22
21280,Leo Taylor,leo.taylor280@example.com,Consumer,27,3,2025-04-25
21281,Sophia Davis,sophia.davis281@example.com,Consumer,72,10,2025-06-14
21282,Noah Miller,noah.miller282@example.com,Consumer,28,6,2025-10-21
21283,Chloe Wilson,chloe.wilson283@example.com,Small Business,71,3,2023-10-21
21284,Noah Moore,noah.moore284@example.com,Consumer,25,1,2025-04-29
21285,Sophia Jones,sophia.jones285@example.com,Consumer,44,3,2024-04-30
21286,Jack Williams,jack.williams286@example.com,Corporate,23,8,2023-05-14
21287,Mia Johnson,mia.johnson287@example.com,Consumer,31,11,2025-06-08
21288,Olivia Lee,olivia.lee288@example.com,Consumer,32,8,2022-06-15
21289,Ava Thomas,ava.thomas289@example.com,Corporate,47,11,2025-04-30
21290,James Thomas,james.thomas290@example.com,Consumer,38,3,2023-02-27
21291,Henry Davis,henry.davis291@example.com,Corporate,60,7,2023-05-05
21292,Emma Taylor,emma.taylor292@example.com,Consumer,26,3,2024-10-20
21293,Mason Garcia,mason.garcia293@example.com,Consumer,33,7,2022-01-10
21294,Sophia Wilson,sophia.wilson294@example.com,Consumer,69,2,2025-06-21
21295,Jack Wilson,jack.wilson295@example.com,Small Business,63,4,2024-08-08
21296,Noah Jones,noah.jones296@example.com,Consumer,30,1,2023-02-01
21297,James Davis,james.davis297@example.com,Consumer,23,3,2022-11-24
21298,Emma Anderson,emma.anderson298@example.com,Consumer,37,6,2023-08-07
21299,Amelia Taylor,amelia.taylor299@example.com,Consumer,24,8,2022-03-30
21300,Jack Williams,jack.williams300@example.com,Consumer,28,3,2022-03-01
21301,Ava Lee,ava.lee301@example.com,Consumer,41,4,2024-06-29
21302,Grace Brown,grace.brown302@example.com,Corporate,35,12,2025-10-18
21303,Sophia Garcia,sophia.garcia303@example.com,Consumer,47,4,2022-07-20
21304,Noah Miller,noah.miller304@example.com,Consumer,52,4,2022-05-31
21305,Emma Lee,emma.lee305@example.com,Consumer,60,7,2022-10-24
21306,Leo Williams,leo.williams306@example.com,Consumer,67,7,2024-02-04
21307,Noah Anderson,noah.anderson307@example.com,Consumer,29,6,2023-07-07
21308,Emma Thomas,emma.thomas308@example.com,Consumer,28,10,2022-05-03
21309,Leo Davis,leo.davis309@example.com,Small Business,35,7,2022-12-17
21310,Mason Taylor,mason.taylor310@example.com,Corporate,31,3,2025-07-30
21311,Chloe Wilson,chloe.wilson311@example.com,Consumer,54,4,2022-06-27
21312,James Martin,james.martin312@example.com,Consumer,50,4,2025-04-26
21313,Lucas Smith,lucas.smith313@example.com,Small Business,36,12,2024-05-26
21314,Ethan Garcia,ethan.garcia314@example.com,Consumer,58,7,2025-04-01
21315,Mia Lee,mia.lee315@example.com,Consumer,23,10,2022-01-11
21316,Emma Davis,emma.davis316@example.com,Consumer,54,12,2024-10-29
21317,Ella Davis,ella.davis317@example.com,Consumer,36,12,2022-07-20
21318,Ava Wilson,ava.wilson318@example.com,Small Business,34,1,2025-11-20
21319,Mia Garcia,mia.garcia319@example.com,Consumer,26,5,2023-05-05
21320,Olivia Davis,olivia.davis320@example.com,Consumer,50,11,2023-09-17
21321,Chloe Thomas,chloe.thomas321@example.com,Corporate,50,10,2022-02-19
21322,Mia Martin,mia.martin322@example.com,Consumer,44,12,2024-04-10
21323,Leo Thomas,leo.thomas323@example.com,Small Business,25,11,2022-01-03
21324,Ella Lee,ella.lee324@example.com,Consumer,39,12,2023-11-13
21325,Grace Moore,grace.moore325@example.com,Corporate,55,5,2025-11-30
21326,Chloe Moore,chloe.moore326@example.com,Consumer,42,4,2025-11-03
21327,Emma Wilson,emma.wilson327@example.com,Corporate,28,11,2024-01-16
21328,Ella Garcia,ella.garcia328@example.com,Consumer,44,8,2025-06-21
21329,Liam Anderson,liam.anderson329@example.com,Consumer,66,9,2025-12-14
21330,Noah Williams,noah.williams330@example.com,Consumer,62,6,2023-05-04
21331,James Thomas,james.thomas331@example.com,Consumer,68,10,2025-12-10
21332,Ethan Garcia,ethan.garcia332@example.com,Consumer,48,6,2023-07-02
21333,Lucas Smith,lucas.smith333@example.com,Consumer,52,2,2024-02-03
21334,Henry Wilson,henry.wilson334@example.com,Small Business,64,2,2024-08-20
21335,Jack Lee,jack.lee335@example.com,Consumer,72,5,2024-07-14
21336,Ava Brown,ava.brown336@example.com,Consumer,32,8,2022-06-28
21337,Mason Johnson,mason.johnson337@example.com,Consumer,65,2,2022-12-04
21338,Mia Davis,mia.davis338@example.com,Consumer,61,3,2023-02-23
21339,Olivia Jones,olivia.jones339@example.com,Consumer,29,7,2025-10-29
21340,James Garcia,james.garcia340@example.com,Small Business,22,7,2024-06-28
21341,Mason Brown,mason.brown341@example.com,Small Business,35,2,2022-02-15
21342,Henry Anderson,henry.anderson342@example.com,Consumer,62,6,2024-04-23
21343,Amelia Davis,amelia.davis343@example.com,Small Business,56,10,2025-09-25
21344,Leo Davis,leo.davis344@example.com,Consumer,71,5,2025-03-07
21345,Mason Williams,mason.williams345@example.com,Consumer,39,5,2023-04-10
21346,Emma Williams,emma.williams346@example.com,Consumer,31,6,2023-08-06
21347,Zoe Lee,zoe.lee347@example.com,Consumer,32,3,2025-12-28
21348,Liam Martin,liam.martin348@example.com,Corporate,71,12,2025-11-19
21349,Mia Williams,mia.williams349@example.com,Consumer,41,4,2022-08-28
21350,Chloe Williams,chloe.williams350@example.com,Consumer,34,8,2023-06-18
21351,Jack Thomas,jack.thomas351@example.com,Consumer,43,1,2025-09-25
21352,Mia Garcia,mia.garcia352@example.com,Corporate,55,8,2025-01-10
21353,Mason Johnson,mason.johnson353@example.com,Corporate,70,1,2024-04-08
21354,Mia Davis,mia.davis354@example.com,Consumer,68,6,2022-11-16
21355,Jack Wilson,jack.wilson355@example.com,Small Business,51,6,2025-08-18
21356,Mason Moore,mason.moore356@example.com,Consumer,57,10,2025-09-27
21357,Leo Garcia,leo.garcia357@example.com,Small Business,23,12,2022-08-19
21358,Mia Anderson,mia.anderson358@example.com,Consumer,46,9,2022-08-28
21359,Zoe Martin,zoe.martin359@example.com,Consumer,41,4,2024-07-02
21360,Emma Taylor,emma.taylor360@example.com,Consumer,35,11,2023-02-04
21361,Lucas Brown,lucas.brown361@example.com,Consumer,49,1,2022-06-21
21362,Ava Wilson,ava.wilson362@example.com,Consumer,59,7,2023-02-03
21363,Zoe Wilson,zoe.wilson363@example.com,Consumer,30,1,2025-09-27
21364,Grace Garcia,grace.garcia364@example.com,Consumer,43,7,2024-02-03
21365,Harper Jones,harper.jones365@example.com,Consumer,67,8,2025-02-22
21366,Leo Thomas,leo.thomas366@example.com,Consumer,72,7,2024-06-25
21367,Grace Thomas,grace.thomas367@example.com,Small Business,59,7,2022-10-13
21368,Ava Williams,ava.williams368@example.com,Consumer,54,4,2023-09-14
21369,Amelia Johnson,amelia.johnson369@example.com,Consumer,47,10,2024-02-09
21370,Lucas Miller,lucas.miller370@example.com,Consumer,57,3,2025-02-12
21371,Mia Brown,mia.brown371@example.com,Consumer,52,3,2024-02-21
21372,Emma Martin,emma.martin372@example.com,Consumer,56,5,2025-04-13
21373,Leo Brown,leo.brown373@example.com,Consumer,40,1,2022-01-06
21374,James Johnson,james.johnson374@example.com,Corporate,47,11,2025-09-25
21375,Liam Davis,liam.davis375@example.com,Consumer,28,12,2025-08-13
21376,Lucas Davis,lucas.davis376@example.com,Small Business,58,2,2025-05-11
21377,James Taylor,james.taylor377@example.com,Consumer,51,7,2023-06-13
21378,Sophia Garcia,sophia.garcia378@example.com,Consumer,37,9,2025-03-24
21379,Liam Taylor,liam.taylor379@example.com,Consumer,65,1,2022-10-27
21380,Mia Garcia,mia.garcia380@example.com,Consumer,47,3,2022-04-19
21381,Harper Smith,harper.smith381@example.com,Consumer,25,5,2023-08-21
21382,Henry Brown,henry.brown382@example.com,Small Business,59,11,2023-01-11
21383,Liam Wilson,liam.wilson383@example.com,Small Business,64,6,2023-10-10
21384,Mason Jones,mason.jones384@example.com,Small Business,27,11,2025-11-30
21385,Jack Taylor,jack.taylor385@example.com,Consumer,54,6,2022-10-22
21386,Mason Garcia,mason.garcia386@example.com,Consumer,31,8,2024-04-23
21387,Sophia Brown,sophia.brown387@example.com,Consumer,33,3,2024-10-27
21388,Jack Taylor,jack.taylor388@example.com,Small Business,66,12,2024-12-12
21389,Jack Thomas,jack.thomas389@example.com,Consumer,25,2,2024-05-04
21390,Sophia Martin,sophia.martin390@example.com,Consumer,40,3,2022-02-05
21391,Harper Williams,harper.williams391@example.com,Consumer,42,8,2025-05-08
21392,Liam Thomas,liam.thomas392@example.com,Small Business,28,5,2022-02-28
21393,Ethan Williams,ethan.williams393@example.com,Small Business,40,12,2022-10-19
21394,Mia Brown,mia.brown394@example.com,Consumer,69,3,2022-06-10
21395,Sophia Johnson,sophia.johnson395@example.com,Small Business,23,1,2024-09-18
21396,Noah Johnson,noah.johnson396@example.com,Consumer,24,1,2025-09-13
21397,James Johnson,james.johnson397@example.com,Consumer,63,5,2022-03-30
21398,Olivia Moore,olivia.moore398@example.com,Corporate,34,2,2022-09-11
21399,Chloe Lee,chloe.lee399@example.com,Consumer,22,4,2023-01-14
21400,Ava Williams,ava.williams400@example.com,Corporate,43,12,2023-07-23
21401,Harper Williams,harper.williams401@example.com,Consumer,57,9,2025-06-09
21402,Ava Johnson,ava.johnson402@example.com,Consumer,66,10,2022-01-29
21403,Noah Jones,noah.jones403@example.com,Consumer,67,3,2025-01-05
21404,Sophia Lee,sophia.lee404@example.com,Small Business,51,4,2024-10-29
21405,Harper Thomas,harper.thomas405@example.com,Consumer,27,10,2023-01-15
21406,Liam Martin,liam.martin406@example.com,Consumer,53,6,2024-02-17
21407,Ethan Miller,ethan.miller407@example.com,Consumer,28,2,2023-10-06
21408,Henry Williams,henry.williams408@example.com,Small Business,56,8,2024-01-10
21409,Emma Johnson,emma.johnson409@example.com,Consumer,39,6,2024-10-08
21410,Leo Taylor,leo.taylor410@example.com,Small Business,49,12,2023-10-01
21411,Ethan Wilson,ethan.wilson411@example.com,Corporate,48,7,2023-08-19
21412,Noah Martin,noah.martin412@example.com,Corporate,44,2,2024-09-01
21413,Liam Smith,liam.smith413@example.com,Consumer,46,11,2024-10-03
21414,Leo Wilson,leo.wilson414@example.com,Consumer,30,11,2025-10-17
21415,Ella Miller,ella.miller415@example.com,Corporate,68,12,2025-04-24
21416,Liam Johnson,liam.johnson416@example.com,Consumer,59,6,2023-02-12
21417,Ella Johnson,ella.johnson417@example.com,Small Business,38,4,2024-05-19
21418,Chloe Taylor,chloe.taylor418@example.com,Corporate,43,5,2025-08-11
21419,James Anderson,james.anderson419@example.com,Corporate,53,10,2024-04-08
21420,Lucas Williams,lucas.williams420@example.com,Consumer,52,8,2022-08-10
21421,James Brown,james.brown421@example.com,Consumer,68,11,2022-10-03
21422,Emma Martin,emma.martin422@example.com,Consumer,32,2,2024-10-17
21423,Ella Taylor,ella.taylor423@example.com,Consumer,60,11,2023-11-01
21424,Zoe Johnson,zoe.johnson424@example.com,Small Business,70,2,2025-09-15
21425,James Moore,james.moore425@example.com,Consumer,52,8,2023-02-18
21426,James Wilson,james.wilson426@example.com,Consumer,55,5,2025-01-15
21427,Jack Smith,jack.smith427@example.com,Corporate,28,1,2024-05-31
21428,Ella Davis,ella.davis428@example.com,Consumer,23,6,2024-02-10
21429,Emma Williams,emma.williams429@example.com,Small Business,40,9,2025-09-12
21430,Liam Davis,liam.davis430@example.com,Consumer,45,7,2022-10-03
21431,James Moore,james.moore431@example.com,Consumer,63,2,2025-03-11
21432,Jack Anderson,jack.anderson432@example.com,Consumer,56,9,2025-03-17
21433,Liam Wilson,liam.wilson433@example.com,Consumer,58,1,2024-03-12
21434,Ella Taylor,ella.taylor434@example.com,Small Business,39,11,2023-12-24
21435,Amelia Smith,amelia.smith435@example.com,Consumer,44,1,2025-04-24
21436,Harper Moore,harper.moore436@example.com,Consumer,61,12,2025-04-10
21437,Amelia Miller,amelia.miller437@example.com,Consumer,43,2,2024-05-26
21438,Grace Garcia,grace.garcia438@example.com,Consumer,36,1,2025-09-16
21439,Mason Taylor,mason.taylor439@example.com,Consumer,40,2,2025-11-10
21440,Sophia Garcia,sophia.garcia440@example.com,Consumer,23,3,2022-02-10
21441,Leo Anderson,leo.anderson441@example.com,Consumer,47,7,2025-03-09
21442,Lucas Smith,lucas.smith442@example.com,Consumer,41,12,2024-08-19
21443,Ella Taylor,ella.taylor443@example.com,Consumer,72,7,2023-10-23
21444,James Johnson,james.johnson444@example.com,Consumer,52,12,2025-10-14
21445,Henry Moore,henry.moore445@example.com,Consumer,40,11,2023-11-27
21446,Harper Miller,harper.miller446@example.com,Consumer,71,4,2024-10-14
21447,Ava Martin,ava.martin447@example.com,Consumer,24,9,2023-03-15
21448,Mason Taylor,mason.taylor448@example.com,Consumer,26,7,2023-04-08
21449,Chloe Johnson,chloe.johnson449@example.com,Consumer,57,10,2023-11-21
21450,Henry Davis,henry.davis450@example.com,Consumer,25,7,2023-03-06
21451,Mason Wilson,mason.wilson451@example.com,Consumer,41,5,2024-06-05
21452,Noah Miller,noah.miller452@example.com,Consumer,50,7,2023-05-30
21453,Jack Williams,jack.williams453@example.com,Small Business,32,1,2025-07-09
21454,Chloe Davis,chloe.davis454@example.com,Corporate,68,4,2025-09-15
21455,Leo Jones,leo.jones455@example.com,Small Business,70,11,2024-12-27
21456,Grace Lee,grace.lee456@example.com,Consumer,33,10,2025-07-07
21457,Harper Davis,harper.davis457@example.com,Consumer,64,3,2023-05-08
21458,Mason Martin,mason.martin458@example.com,Consumer,25,7,2024-04-20
21459,Noah Martin,noah.martin459@example.com,Small Business,62,7,2023-07-01
21460,Liam Jones,liam.jones460@example.com,Consumer,36,11,2025-05-16
21461,Sophia Williams,sophia.williams461@example.com,Consumer,40,4,2022-02-26
21462,Leo Davis,leo.davis462@example.com,Consumer,23,9,2024-06-12
21463,Noah Williams,noah.williams463@example.com,Consumer,71,5,2022-10-07
21464,Lucas Anderson,lucas.anderson464@example.com,Consumer,23,9,2022-12-27
21465,James Moore,james.moore465@example.com,Small Business,26,1,2022-04-24
21466,Amelia Taylor,amelia.taylor466@example.com,Corporate,47,5,2022-05-11
21467,Harper Anderson,harper.anderson467@example.com,Consumer,67,11,2022-07-04
21468,Mia Brown,mia.brown468@example.com,Small Business,28,2,2025-03-15
21469,Henry Anderson,henry.anderson469@example.com,Consumer,26,10,2024-12-11
21470,Ethan Taylor,ethan.taylor470@example.com,Consumer,58,2,2023-10-04
21471,Ella Moore,ella.moore471@example.com,Corporate,34,12,2023-04-29
21472,Mia Johnson,mia.johnson472@example.com,Corporate,49,3,2023-03-15
21473,Grace Jones,grace.jones473@example.com,Consumer,44,10,2022-04-25
21474,Sophia Garcia,sophia.garcia474@example.com,Consumer,36,9,2024-05-17
21475,Lucas Lee,lucas.lee475@example.com,Consumer,44,3,2024-01-14
21476,Mason Smith,mason.smith476@example.com,Consumer,68,11,2025-05-25
21477,Emma Thomas,emma.thomas477@example.com,Consumer,45,11,2023-05-06
21478,Mason Anderson,mason.anderson478@example.com,Corporate,64,12,2024-01-14
21479,Sophia Wilson,sophia.wilson479@example.com,Consumer,46,4,2024-06-25
21480,Lucas Jones,lucas.jones480@example.com,Consumer,31,2,2023-04-28
21481,Leo Anderson,leo.anderson481@example.com,Consumer,23,6,2025-08-12
21482,Lucas Martin,lucas.martin482@example.com,Consumer,47,2,2024-10-03
21483,Amelia Thomas,amelia.thomas483@example.com,Small Business,65,7,2022-07-25
21484,Lucas Wilson,lucas.wilson484@example.com,Consumer,67,2,2023-12-22
21485,Jack Thomas,jack.thomas485@example.com,Small Business,69,6,2024-07-17
21486,Emma Anderson,emma.anderson486@example.com,Consumer,71,11,2023-01-12
21487,Mia Smith,mia.smith487@example.com,Consumer,41,7,2023-02-14
21488,Chloe Johnson,chloe.johnson488@example.com,Consumer,66,2,2022-11-20
21489,Mia Martin,mia.martin489@example.com,Consumer,41,10,2025-11-05
21490,Leo Davis,leo.davis490@example.com,Consumer,64,12,2022-10-01
21491,Chloe Martin,chloe.martin491@example.com,Consumer,47,6,2023-08-01
21492,Harper Williams,harper.williams492@example.com,Corporate,57,7,2024-02-12
21493,Ethan Smith,ethan.smith493@example.com,Consumer,61,1,2025-02-17
21494,Ethan Lee,ethan.lee494@example.com,Consumer,65,2,2024-08-05
21495,Liam Smith,liam.smith495@example.com,Consumer,37,7,2025-06-19
21496,Mia Johnson,mia.johnson496@example.com,Corporate,28,6,2022-12-15
21497,Olivia Thomas,olivia.thomas497@example.com,Small Business,50,9,2024-06-10
21498,James Johnson,james.johnson498@example.com,Consumer,71,4,2023-02-21
21499,Lucas Jones,lucas.jones499@example.com,Consumer,48,12,2024-10-09
21500,Noah Taylor,noah.taylor500@example.com,Small Business,33,4,2023-08-03
21501,Grace Williams,grace.williams501@example.com,Consumer,37,7,2022-10-26
21502,Ethan Taylor,ethan.taylor502@example.com,Consumer,64,8,2023-05-24
21503,Leo Johnson,leo.johnson503@example.com,Consumer,41,1,2024-08-18
21504,Ella Anderson,ella.anderson504@example.com,Small Business,68,4,2024-02-25
21505,Zoe Jones,zoe.jones505@example.com,Consumer,24,2,2022-07-15
21506,Amelia Lee,amelia.lee506@example.com,Corporate,59,4,2024-08-22
21507,Zoe Thomas,zoe.thomas507@example.com,Consumer,53,12,2022-04-04
21508,Zoe Miller,zoe.miller508@example.com,Consumer,29,5,2024-03-19
21509,Jack Smith,jack.smith509@example.com,Consumer,53,10,2023-01-03
21510,James Lee,james.lee510@example.com,Consumer,41,6,2024-08-16
21511,Henry Miller,henry.miller511@example.com,Consumer,23,3,2023-06-18
21512,Mia Davis,mia.davis512@example.com,Corporate,39,5,2024-01-09
21513,Lucas Taylor,lucas.taylor513@example.com,Consumer,31,5,2024-11-24
21514,Amelia Thomas,amelia.thomas514@example.com,Consumer,63,8,2022-11-06
21515,Leo Smith,leo.smith515@example.com,Consumer,32,4,2022-11-01
21516,Emma Davis,emma.davis516@example.com,Small Business,48,5,2022-12-01
21517,Sophia Lee,sophia.lee517@example.com,Consumer,66,8,2022-03-25
21518,Jack Davis,jack.davis518@example.com,Consumer,67,8,2024-10-06
21519,Mia Johnson,mia.johnson519@example.com,Consumer,39,6,2022-07-11
21520,Liam Martin,liam.martin520@example.com,Small Business,57,3,2024-11-07
21521,Chloe Brown,chloe.brown521@example.com,Consumer,57,10,2022-01-09
21522,Liam Miller,liam.miller522@example.com,Small Business,64,2,2023-05-20
21523,Sophia Lee,sophia.lee523@example.com,Consumer,64,6,2022-02-23
21524,Sophia Miller,sophia.miller524@example.com,Corporate,27,6,2025-04-24
21525,Amelia Williams,amelia.williams525@example.com,Consumer,66,1,2022-06-16
21526,James Davis,james.davis526@example.com,Consumer,21,11,2023-07-06
21527,Amelia Smith,amelia.smith527@example.com,Corporate,41,11,2025-06-28
21528,Chloe Williams,chloe.williams528@example.com,Small Business,39,4,2022-04-10
21529,Amelia Moore,amelia.moore529@example.com,Consumer,59,1,2022-05-25
21530,Ella Johnson,ella.johnson530@example.com,Consumer,70,7,2023-06-07
21531,Ella Johnson,ella.johnson531@example.com,Consumer,70,1,2023-03-03
21532,Ella Jones,ella.jones532@example.com,Consumer,40,11,2025-09-01
21533,James Moore,james.moore533@example.com,Corporate,59,7,2023-09-28
21534,Mia Garcia,mia.garcia534@example.com,Small Business,53,11,2022-07-16
21535,Noah Davis,noah.davis535@example.com,Consumer,57,8,2024-03-05
21536,Zoe Miller,zoe.miller536@example.com,Small Business,60,2,2024-05-15
21537,Liam Miller,liam.miller537@example.com,Consumer,53,11,2024-05-22
21538,Amelia Davis,amelia.davis538@example.com,Consumer,66,11,2023-04-05
21539,Mia Lee,mia.lee539@example.com,Consumer,54,8,2024-12-15
21540,Ava Jones,ava.jones540@example.com,Consumer,72,8,2024-06-14
21541,James Jones,james.jones541@example.com,Small Business,40,3,2022-09-19
21542,Ethan Wilson,ethan.wilson542@example.com,Consumer,56,7,2023-08-29
21543,Ava Lee,ava.lee543@example.com,Consumer,48,1,2024-11-17
21544,Grace Johnson,grace.johnson544@example.com,Small Business,37,8,2025-09-15
21545,Harper Jones,harper.jones545@example.com,Small Business,22,10,2022-06-17
21546,Sophia Thomas,sophia.thomas546@example.com,Consumer,32,11,2024-08-05
21547,Ella Smith,ella.smith547@example.com,Small Business,40,2,2024-05-02
21548,Amelia Taylor,amelia.taylor548@example.com,Small Business,49,12,2024-07-20
21549,Zoe Moore,zoe.moore549@example.com,Corporate,72,5,2023-12-01
21550,Liam Brown,liam.brown550@example.com,Small Business,59,3,2022-06-10
21551,Lucas Martin,lucas.martin551@example.com,Consumer,22,11,2022-08-06
21552,Olivia Miller,olivia.miller552@example.com,Consumer,51,2,2022-01-28
21553,Leo Thomas,leo.thomas553@example.com,Corporate,59,7,2025-09-09
21554,James Jones,james.jones554@example.com,Consumer,64,10,2025-06-17
21555,Ella Moore,ella.moore555@example.com,Consumer,21,5,2022-06-29
21556,Noah Johnson,noah.johnson556@example.com,Corporate,22,1,2025-11-26
21557,Noah Davis,noah.davis557@example.com,Consumer,48,11,2022-10-25
21558,Jack Brown,jack.brown558@example.com,Small Business,30,2,2023-09-09
21559,James Miller,james.miller559@example.com,Consumer,30,1,2022-08-27
21560,Leo Davis,leo.davis560@example.com,Small Business,58,8,2022-02-10
21561,Ethan Brown,ethan.brown561@example.com,Small Business,46,5,2025-03-12
21562,Emma Garcia,emma.garcia562@example.com,Consumer,66,1,2022-07-30
21563,Grace Miller,grace.miller563@example.com,Consumer,56,8,2025-03-31
21564,Mason Smith,mason.smith564@example.com,Consumer,58,8,2024-03-29
21565,Zoe Lee,zoe.lee565@example.com,Consumer,24,11,2024-09-26
21566,Henry Smith,henry.smith566@example.com,Consumer,25,7,2025-03-26
21567,Lucas Lee,lucas.lee567@example.com,Corporate,28,11,2024-05-04
21568,James Taylor,james.taylor568@example.com,Consumer,48,11,2023-12-12
21569,Olivia Williams,olivia.williams569@example.com,Consumer,49,5,2023-01-29
21570,Ethan Wilson,ethan.wilson570@example.com,Corporate,42,4,2025-04-18
21571,Zoe Martin,zoe.martin571@example.com,Consumer,39,12,2025-09-07
21572,Ella Miller,ella.miller572@example.com,Small Business,71,11,2025-08-29
21573,James Moore,james.moore573@example.com,Consumer,65,3,2025-06-27
21574,Ava Anderson,ava.anderson574@example.com,Consumer,31,8,2022-09-22
21575,Zoe Davis,zoe.davis575@example.com,Corporate,52,2,2024-05-01
21576,Mason Brown,mason.brown576@example.com,Consumer,22,4,2025-02-14
21577,Harper Lee,harper.lee577@example.com,Consumer,32,5,2024-01-02
21578,Henry Smith,henry.smith578@example.com,Consumer,60,2,2023-11-23
21579,Ethan Johnson,ethan.johnson579@example.com,Consumer,42,9,2023-04-04
21580,Harper Moore,harper.moore580@example.com,Consumer,30,1,2025-02-14
21581,Henry Taylor,henry.taylor581@example.com,Small Business,49,11,2022-08-02
21582,Leo Martin,leo.martin582@example.com,Small Business,60,2,2022-08-05
21583,Sophia Martin,sophia.martin583@example.com,Consumer,31,9,2022-03-27
21584,Sophia Martin,sophia.martin584@example.com,Consumer,39,4,2024-01-11
21585,Leo Moore,leo.moore585@example.com,Small Business,27,9,2024-10-17
21586,Mia Anderson,mia.anderson586@example.com,Small Business,28,6,2023-11-17
21587,Noah Davis,noah.davis587@example.com,Consumer,72,7,2022-01-14
21588,James Garcia,james.garcia588@example.com,Consumer,38,5,2024-10-31
21589,Harper Thomas,harper.thomas589@example.com,Consumer,36,7,2024-01-09
21590,Mia Moore,mia.moore590@example.com,Small Business,29,9,2024-05-13
21591,Grace Miller,grace.miller591@example.com,Corporate,54,7,2024-07-28
21592,Harper Smith,harper.smith592@example.com,Small Business,66,8,2022-10-26
21593,Henry Johnson,henry.johnson593@example.com,Consumer,70,2,2023-11-24
21594,Liam Miller,liam.miller594@example.com,Small Business,63,1,2024-03-16
21595,Mia Lee,mia.lee595@example.com,Corporate,66,10,2022-04-29
21596,Henry Jones,henry.jones596@example.com,Corporate,65,7,2024-04-03
21597,Jack Martin,jack.martin597@example.com,Corporate,21,5,2023-10-05
21598,Lucas Lee,lucas.lee598@example.com,Corporate,65,9,2025-06-04
21599,Ella Davis,ella.davis599@example.com,Corporate,60,11,2023-02-25
21600,Zoe Anderson,zoe.anderson600@example.com,Consumer,72,8,2025-11-29
21601,Ella Moore,ella.moore601@example.com,Consumer,55,4,2023-09-10
21602,Amelia Miller,amelia.miller602@example.com,Consumer,55,12,2022-09-16
21603,Mason Brown,mason.brown603@example.com,Consumer,54,2,2024-11-13
21604,Amelia Moore,amelia.moore604@example.com,Consumer,71,11,2022-11-24
21605,Jack Taylor,jack.taylor605@example.com,Small Business,40,5,2023-05-10
21606,Grace Wilson,grace.wilson606@example.com,Small Business,37,2,2022-05-03
21607,Henry Garcia,henry.garcia607@example.com,Small Business,28,2,2022-04-08
21608,Leo Jones,leo.jones608@example.com,Consumer,36,10,2022-01-11
21609,Chloe Taylor,chloe.taylor609@example.com,Consumer,59,12,2025-07-09
21610,Ethan Garcia,ethan.garcia610@example.com,Consumer,66,5,2023-08-06
21611,Chloe Anderson,chloe.anderson611@example.com,Consumer,36,3,2024-02-13
21612,Sophia Garcia,sophia.garcia612@example.com,Consumer,70,9,2025-04-07
21613,Harper Davis,harper.davis613@example.com,Small Business,47,2,2022-10-28
21614,Ava Johnson,ava.johnson614@example.com,Corporate,51,1,2024-05-20
21615,Noah Davis,noah.davis615@example.com,Consumer,46,2,2024-01-27
21616,Chloe Wilson,chloe.wilson616@example.com,Small Business,58,9,2024-03-19
21617,James Anderson,james.anderson617@example.com,Small Business,52,7,2024-06-20
21618,Grace Martin,grace.martin618@example.com,Consumer,52,3,2022-10-23
21619,Leo Williams,leo.williams619@example.com,Small Business,28,12,2024-11-17
21620,Noah Davis,noah.davis620@example.com,Small Business,56,8,2022-03-08
21621,Harper Lee,harper.lee621@example.com,Small Business,28,2,2025-05-17
21622,Sophia Garcia,sophia.garcia622@example.com,Consumer,30,10,2023-08-17
21623,Sophia Garcia,sophia.garcia623@example.com,Consumer,52,5,2024-02-06
21624,Olivia Moore,olivia.moore624@example.com,Small Business,47,3,2022-10-19
21625,Emma Lee,emma.lee625@example.com,Consumer,68,5,2023-08-04
21626,James Smith,james.smith626@example.com,Consumer,23,2,2025-01-26
21627,Grace Davis,grace.davis627@example.com,Consumer,42,10,2023-09-27
21628,Ella Davis,ella.davis628@example.com,Consumer,29,12,2025-05-25
21629,Henry Anderson,henry.anderson629@example.com,Consumer,30,8,2024-07-10
21630,Amelia Johnson,amelia.johnson630@example.com,Consumer,45,10,2025-09-22
21631,Ethan Lee,ethan.lee631@example.com,Consumer,63,7,2023-11-26
21632,Leo Thomas,leo.thomas632@example.com,Consumer,31,5,2025-08-15
21633,Olivia Taylor,olivia.taylor633@example.com,Consumer,62,11,2025-12-19
21634,Sophia Anderson,sophia.anderson634@example.com,Consumer,60,9,2022-06-24
21635,Jack Taylor,jack.taylor635@example.com,Consumer,69,1,2025-03-13
21636,James Wilson,james.wilson636@example.com,Consumer,55,1,2022-09-04
21637,Liam Smith,liam.smith637@example.com,Consumer,66,5,2023-02-26
21638,Chloe Davis,chloe.davis638@example.com,Consumer,46,2,2024-12-28
21639,Chloe Smith,chloe.smith639@example.com,Consumer,32,8,2022-02-17
21640,Grace Smith,grace.smith640@example.com,Consumer,26,9,2023-10-12
21641,Sophia Johnson,sophia.johnson641@example.com,Consumer,32,9,2022-12-11
21642,Lucas Moore,lucas.moore642@example.com,Consumer,47,2,2022-11-12
21643,Liam Smith,liam.smith643@example.com,Consumer,66,10,2023-10-29
21644,Emma Jones,emma.jones644@example.com,Consumer,47,7,2022-07-22
21645,Amelia Jones,amelia.jones645@example.com,Consumer,36,7,2022-09-05
21646,Zoe Taylor,zoe.taylor646@example.com,Consumer,53,4,2024-10-06
21647,Ella Johnson,ella.johnson647@example.com,Consumer,56,5,2022-05-05
21648,Grace Johnson,grace.johnson648@example.com,Consumer,35,8,2022-03-01
21649,Olivia Jones,olivia.jones649@example.com,Consumer,36,9,2025-04-15
21650,Jack Anderson,jack.anderson650@example.com,Consumer,49,3,2023-09-16
21651,Ava Martin,ava.martin651@example.com,Consumer,30,11,2024-10-21
21652,Harper Wilson,harper.wilson652@example.com,Consumer,48,3,2023-05-18
21653,Jack Davis,jack.davis653@example.com,Small Business,60,1,2022-01-03
21654,Mason Anderson,mason.anderson654@example.com,Consumer,51,3,2022-01-02
21655,Lucas Taylor,lucas.taylor655@example.com,Consumer,43,5,2025-10-24
21656,Noah Taylor,noah.taylor656@example.com,Consumer,68,9,2023-07-31
21657,Jack Taylor,jack.taylor657@example.com,Consumer,65,2,2023-09-08
21658,Sophia Martin,sophia.martin658@example.com,Corporate,48,3,2025-02-13
21659,Noah Taylor,noah.taylor659@example.com,Corporate,42,9,2023-10-14
21660,Lucas Moore,lucas.moore660@example.com,Consumer,63,12,2024-07-16
21661,Amelia Garcia,amelia.garcia661@example.com,Corporate,42,4,2024-07-30
21662,Olivia Lee,olivia.lee662@example.com,Consumer,21,12,2022-10-01
21663,Zoe Davis,zoe.davis663@example.com,Consumer,47,1,2022-01-20
21664,Jack Lee,jack.lee664@example.com,Consumer,46,12,2025-12-11
21665,Jack Johnson,jack.johnson665@example.com,Consumer,22,11,2025-08-26
21666,Leo Anderson,leo.anderson666@example.com,Corporate,45,2,2023-12-24
21667,Zoe Garcia,zoe.garcia667@example.com,Small Business,72,7,2022-12-29
21668,Olivia Johnson,olivia.johnson668@example.com,Corporate,49,8,2024-01-29
21669,Olivia Brown,olivia.brown669@example.com,Small Business,64,12,2022-02-10
21670,Harper Brown,harper.brown670@example.com,Consumer,72,2,2025-06-10
21671,Ethan Brown,ethan.brown671@example.com,Consumer,52,8,2024-01-14
21672,Zoe Brown,zoe.brown672@example.com,Corporate,61,1,2023-02-06
21673,Ella Johnson,ella.johnson673@example.com,Consumer,31,5,2025-03-11
21674,Jack Brown,jack.brown674@example.com,Consumer,59,11,2025-03-04
21675,Chloe Williams,chloe.williams675@example.com,Consumer,25,2,2025-04-19
21676,Mia Jones,mia.jones676@example.com,Corporate,67,10,2023-04-12
21677,Lucas Brown,lucas.brown677@example.com,Corporate,65,11,2022-02-17
21678,Jack Taylor,jack.taylor678@example.com,Consumer,50,5,2025-10-26
21679,Olivia Miller,olivia.miller679@example.com,Corporate,24,11,2025-10-10
21680,Amelia Miller,amelia.miller680@example.com,Consumer,54,7,2023-07-16
21681,Leo Davis,leo.davis681@example.com,Small Business,67,6,2024-11-25
21682,Ethan Smith,ethan.smith682@example.com,Consumer,41,5,2024-05-10
21683,Olivia Miller,olivia.miller683@example.com,Consumer,57,4,2023-11-17
21684,Olivia Thomas,olivia.thomas684@example.com,Consumer,25,4,2025-11-13
21685,Ethan Brown,ethan.brown685@example.com,Consumer,61,3,2023-11-06
21686,Sophia Smith,sophia.smith686@example.com,Small Business,58,8,2024-06-03
21687,Amelia Martin,amelia.martin687@example.com,Consumer,36,5,2023-05-22
21688,Amelia Martin,amelia.martin688@example.com,Consumer,36,1,2023-11-15
21689,Ava Moore,ava.moore689@example.com,Consumer,27,10,2025-06-22
21690,Leo Taylor,leo.taylor690@example.com,Corporate,23,2,2022-06-25
21691,Ella Garcia,ella.garcia691@example.com,Small Business,24,12,2022-05-14
21692,Leo Smith,leo.smith692@example.com,Consumer,25,5,2025-06-04
21693,Sophia Anderson,sophia.anderson693@example.com,Consumer,45,1,2025-02-19
21694,Ella Johnson,ella.johnson694@example.com,Consumer,59,10,2024-04-21
21695,Zoe Smith,zoe.smith695@example.com,Consumer,48,8,2024-02-26
21696,Zoe Taylor,zoe.taylor696@example.com,Consumer,64,2,2023-11-27
21697,Olivia Davis,olivia.davis697@example.com,Consumer,27,9,2023-11-04
21698,Sophia Smith,sophia.smith698@example.com,Consumer,33,10,2022-05-19
21699,Chloe Williams,chloe.williams699@example.com,Consumer,47,11,2024-11-08
21700,James Thomas,james.thomas700@example.com,Consumer,29,10,2024-06-29
21701,Emma Smith,emma.smith701@example.com,Consumer,53,3,2023-10-01
21702,Harper Jones,harper.jones702@example.com,Small Business,30,10,2025-01-13
21703,James Jones,james.jones703@example.com,Consumer,21,10,2023-12-04
21704,Henry Taylor,henry.taylor704@example.com,Consumer,36,11,2025-10-21
21705,Henry Martin,henry.martin705@example.com,Consumer,33,9,2022-04-22
21706,Noah Anderson,noah.anderson706@example.com,Consumer,63,4,2022-05-21
21707,James Thomas,james.thomas707@example.com,Consumer,42,12,2024-08-15
21708,Chloe Taylor,chloe.taylor708@example.com,Consumer,42,6,2025-06-15
21709,Liam Johnson,liam.johnson709@example.com,Consumer,21,8,2022-03-28
21710,Ethan Thomas,ethan.thomas710@example.com,Consumer,36,4,2024-08-13
21711,James Thomas,james.thomas711@example.com,Consumer,32,6,2024-02-09
21712,Olivia Garcia,olivia.garcia712@example.com,Consumer,56,1,2022-06-01
21713,Sophia Williams,sophia.williams713@example.com,Consumer,58,5,2024-06-20
21714,Harper Smith,harper.smith714@example.com,Consumer,32,1,2023-02-12
21715,Ethan Lee,ethan.lee715@example.com,Consumer,56,5,2022-12-23
21716,Ethan Williams,ethan.williams716@example.com,Consumer,37,4,2022-02-14
21717,Sophia Smith,sophia.smith717@example.com,Consumer,71,11,2022-10-09
21718,Sophia Garcia,sophia.garcia718@example.com,Consumer,44,4,2023-09-17
21719,Harper Anderson,harper.anderson719@example.com,Corporate,60,3,2024-12-15
21720,Grace Lee,grace.lee720@example.com,Consumer,29,12,2022-05-14
21721,Noah Brown,noah.brown721@example.com,Small Business,41,9,2024-02-14
21722,Zoe Miller,zoe.miller722@example.com,Corporate,69,11,2023-05-16
21723,Zoe Taylor,zoe.taylor723@example.com,Consumer,30,4,2025-01-01
21724,Amelia Brown,amelia.brown724@example.com,Small Business,29,1,2025-07-13
21725,Henry Taylor,henry.taylor725@example.com,Small Business,71,8,2023-03-05
21726,James Moore,james.moore726@example.com,Consumer,53,11,2025-06-13
21727,Ella Moore,ella.moore727@example.com,Consumer,54,11,2024-11-08
21728,Leo Williams,leo.williams728@example.com,Consumer,65,6,2025-12-30
21729,James Thomas,james.thomas729@example.com,Consumer,46,8,2024-08-28
21730,Chloe Anderson,chloe.anderson730@example.com,Consumer,33,1,2023-03-01
21731,Leo Martin,leo.martin731@example.com,Consumer,48,4,2024-03-21
21732,Ella Taylor,ella.taylor732@example.com,Consumer,26,3,2024-02-06
21733,Mia Moore,mia.moore733@example.com,Consumer,43,2,2023-08-28
21734,Ethan Taylor,ethan.taylor734@example.com,Consumer,42,1,2024-08-10
21735,Grace Davis,grace.davis735@example.com,Consumer,72,8,2024-06-04
21736,James Garcia,james.garcia736@example.com,Consumer,49,5,2024-02-23
21737,Ethan Jones,ethan.jones737@example.com,Consumer,26,11,2022-06-05
21738,Mason Martin,mason.martin738@example.com,Consumer,26,9,2024-11-16
21739,Lucas Lee,lucas.lee739@example.com,Consumer,44,4,2022-07-21
21740,Emma Wilson,emma.wilson740@example.com,Consumer,42,4,2023-11-15
21741,Lucas Jones,lucas.jones741@example.com,Small Business,33,12,2025-10-31
21742,Zoe Williams,zoe.williams742@example.com,Corporate,21,12,2025-01-17
21743,Mason Jones,mason.jones743@example.com,Corporate,58,6,2024-04-07
21744,Olivia Davis,olivia.davis744@example.com,Corporate,30,11,2024-11-15
21745,Ella Brown,ella.brown745@example.com,Consumer,54,4,2023-03-06
21746,Chloe Moore,chloe.moore746@example.com,Small Business,50,9,2024-08-17
21747,Amelia Moore,amelia.moore747@example.com,Small Business,48,2,2023-10-04
21748,Grace Brown,grace.brown748@example.com,Small Business,22,8,2024-07-10
21749,Harper Williams,harper.williams749@example.com,Consumer,68,10,2022-09-20
21750,Olivia Davis,olivia.davis750@example.com,Consumer,47,11,2023-12-28
21751,Grace Anderson,grace.anderson751@example.com,Consumer,41,7,2025-11-15
21752,Chloe Smith,chloe.smith752@example.com,Corporate,30,10,2022-03-07
21753,Amelia Taylor,amelia.taylor753@example.com,Corporate,57,11,2025-05-19
21754,Ella Miller,ella.miller754@example.com,Consumer,45,4,2024-03-11
21755,Noah Davis,noah.davis755@example.com,Consumer,49,2,2023-11-05
21756,Mason Johnson,mason.johnson756@example.com,Consumer,32,3,2022-08-02
21757,Emma Martin,emma.martin757@example.com,Consumer,32,12,2025-05-20
21758,Noah Johnson,noah.johnson758@example.com,Consumer,39,7,2023-08-05
21759,Henry Johnson,henry.johnson759@example.com,Consumer,21,8,2022-04-28
21760,Liam Garcia,liam.garcia760@example.com,Consumer,28,7,2024-03-11
21761,Mia Wilson,mia.wilson761@example.com,Small Business,45,7,2024-09-06
21762,Noah Williams,noah.williams762@example.com,Consumer,66,4,2023-09-27
21763,James Williams,james.williams763@example.com,Corporate,58,10,2025-03-23
21764,Noah Wilson,noah.wilson764@example.com,Consumer,33,12,2025-11-03
21765,Olivia Williams,olivia.williams765@example.com,Small Business,59,8,2022-05-12
21766,Ethan Wilson,ethan.wilson766@example.com,Small Business,50,6,2025-03-11
21767,Leo Taylor,leo.taylor767@example.com,Consumer,50,1,2022-07-06
21768,Harper Thomas,harper.thomas768@example.com,Consumer,72,12,2023-09-02
21769,Liam Miller,liam.miller769@example.com,Corporate,67,4,2023-01-03
21770,Grace Davis,grace.davis770@example.com,Consumer,57,7,2025-09-11
21771,Sophia Miller,sophia.miller771@example.com,Consumer,31,12,2022-03-31
21772,Lucas Lee,lucas.lee772@example.com,Consumer,25,11,2025-01-06
21773,Noah Lee,noah.lee773@example.com,Corporate,56,8,2024-04-22
21774,Sophia Garcia,sophia.garcia774@example.com,Consumer,70,2,2022-08-04
21775,Amelia Miller,amelia.miller775@example.com,Consumer,53,8,2022-12-04
21776,Emma Davis,emma.davis776@example.com,Consumer,64,1,2022-05-30
21777,Leo Miller,leo.miller777@example.com,Small Business,46,6,2024-03-28
21778,Emma Smith,emma.smith778@example.com,Small Business,29,5,2022-08-23
21779,Amelia Anderson,amelia.anderson779@example.com,Consumer,25,12,2024-08-08
21780,Ava Wilson,ava.wilson780@example.com,Small Business,49,11,2023-05-12
21781,Mia Davis,mia.davis781@example.com,Consumer,22,5,2022-11-27
21782,Zoe Johnson,zoe.johnson782@example.com,Consumer,68,3,2023-08-26
21783,Ella Williams,ella.williams783@example.com,Small Business,64,2,2025-10-07
21784,Lucas Williams,lucas.williams784@example.com,Consumer,66,8,2024-01-04
21785,Emma Lee,emma.lee785@example.com,Consumer,65,11,2024-12-26
21786,Emma Martin,emma.martin786@example.com,Consumer,66,11,2024-12-06
21787,Sophia Miller,sophia.miller787@example.com,Consumer,59,12,2023-09-24
21788,Olivia Smith,olivia.smith788@example.com,Corporate,44,7,2023-02-18
21789,Ethan Brown,ethan.brown789@example.com,Consumer,21,2,2022-02-02
21790,Amelia Martin,amelia.martin790@example.com,Consumer,35,4,2025-10-24
21791,Sophia Moore,sophia.moore791@example.com,Small Business,23,11,2022-12-10
21792,Grace Wilson,grace.wilson792@example.com,Consumer,61,2,2023-11-01
21793,Noah Taylor,noah.taylor793@example.com,Consumer,48,4,2025-01-14
21794,Sophia Brown,sophia.brown794@example.com,Consumer,32,4,2022-08-05
21795,Olivia Miller,olivia.miller795@example.com,Consumer,34,11,2023-10-10
21796,Leo Brown,leo.brown796@example.com,Small Business,62,2,2025-09-09
21797,Zoe Garcia,zoe.garcia797@example.com,Corporate,47,1,2022-05-18
21798,Mason Moore,mason.moore798@example.com,Corporate,27,10,2024-10-20
21799,Jack Moore,jack.moore799@example.com,Consumer,27,10,2022-12-18
21800,Zoe Garcia,zoe.garcia800@example.com,Consumer,70,11,2025-11-27
21801,Mia Garcia,mia.garcia801@example.com,Small Business,65,3,2025-07-25
21802,Amelia Martin,amelia.martin802@example.com,Consumer,22,11,2024-09-14
21803,Zoe Lee,zoe.lee803@example.com,Consumer,61,10,2024-07-08
21804,Ethan Wilson,ethan.wilson804@example.com,Corporate,35,10,2025-12-14
21805,Olivia Taylor,olivia.taylor805@example.com,Consumer,48,2,2023-09-25
21806,Ethan Taylor,ethan.taylor806@example.com,Consumer,52,2,2022-05-03
21807,Mason Brown,mason.brown807@example.com,Consumer,23,3,2024-02-09
21808,Ethan Lee,ethan.lee808@example.com,Corporate,49,12,2025-05-09
21809,Amelia Williams,amelia.williams809@example.com,Consumer,69,5,2023-10-13
21810,Emma Wilson,emma.wilson810@example.com,Small Business,69,7,2025-08-20
21811,Olivia Brown,olivia.brown811@example.com,Consumer,34,12,2023-11-10
21812,Jack Smith,jack.smith812@example.com,Small Business,65,11,2023-05-24
21813,Ethan Taylor,ethan.taylor813@example.com,Consumer,49,7,2024-12-03
21814,Olivia Johnson,olivia.johnson814@example.com,Corporate,24,8,2022-05-24
21815,Mia Brown,mia.brown815@example.com,Consumer,56,3,2022-07-07
21816,Noah Brown,noah.brown816@example.com,Consumer,50,9,2022-06-10
21817,Mason Williams,mason.williams817@example.com,Consumer,32,12,2023-02-09
21818,Zoe Brown,zoe.brown818@example.com,Consumer,61,5,2023-08-08
21819,Noah Jones,noah.jones819@example.com,Corporate,44,8,2022-06-13
21820,Ella Miller,ella.miller820@example.com,Consumer,53,3,2024-08-22
21821,Zoe Thomas,zoe.thomas821@example.com,Small Business,71,7,2022-11-16
21822,James Smith,james.smith822@example.com,Small Business,69,7,2024-05-25
21823,Mason Taylor,mason.taylor823@example.com,Consumer,32,9,2022-11-09
21824,Lucas Miller,lucas.miller824@example.com,Consumer,45,8,2023-09-19
21825,Jack Taylor,jack.taylor825@example.com,Consumer,66,8,2022-05-28
21826,James Brown,james.brown826@example.com,Consumer,53,3,2023-01-24
21827,Harper Davis,harper.davis827@example.com,Corporate,68,7,2024-05-01
21828,Harper Miller,harper.miller828@example.com,Consumer,58,8,2023-09-23
21829,Ava Miller,ava.miller829@example.com,Consumer,57,1,2022-09-12
21830,Liam Brown,liam.brown830@example.com,Small Business,69,7,2023-06-07
21831,Harper Wilson,harper.wilson831@example.com,Consumer,44,12,2024-09-27
21832,Emma Anderson,emma.anderson832@example.com,Small Business,36,7,2024-05-18
21833,James Smith,james.smith833@example.com,Small Business,22,6,2025-07-16
21834,Mia Jones,mia.jones834@example.com,Corporate,30,10,2024-07-21
21835,Lucas Brown,lucas.brown835@example.com,Corporate,31,10,2025-03-30
21836,Olivia Johnson,olivia.johnson836@example.com,Small Business,45,2,2025-08-12
21837,Ella Thomas,ella.thomas837@example.com,Consumer,33,10,2022-06-14
21838,Grace Williams,grace.williams838@example.com,Small Business,53,7,2023-06-02
21839,Jack Anderson,jack.anderson839@example.com,Consumer,47,7,2025-04-15
21840,Ava Johnson,ava.johnson840@example.com,Small Business,43,11,2025-03-18
21841,Mia Jones,mia.jones841@example.com,Corporate,46,12,2023-03-06
21842,Mason Smith,mason.smith842@example.com,Consumer,25,3,2024-10-04
21843,Grace Wilson,grace.wilson843@example.com,Consumer,48,7,2025-09-02
21844,Liam Williams,liam.williams844@example.com,Small Business,33,6,2023-01-17
21845,James Williams,james.williams845@example.com,Consumer,34,9,2022-08-14
21846,Liam Brown,liam.brown846@example.com,Small Business,33,1,2023-01-10
21847,Lucas Lee,lucas.lee847@example.com,Consumer,60,7,2024-06-21
21848,Sophia Martin,sophia.martin848@example.com,Consumer,26,11,2022-12-07
21849,Ella Johnson,ella.johnson849@example.com,Consumer,58,5,2022-05-12
21850,Ethan Davis,ethan.davis850@example.com,Small Business,21,8,2025-10-09
21851,Emma Jones,emma.jones851@example.com,Consumer,23,1,2025-09-24
21852,Sophia Brown,sophia.brown852@example.com,Consumer,54,9,2022-01-15
21853,Lucas Lee,lucas.lee853@example.com,Small Business,59,8,2024-08-27
21854,Grace Garcia,grace.garcia854@example.com,Corporate,41,6,2025-10-28
21855,Ethan Garcia,ethan.garcia855@example.com,Consumer,24,11,2024-03-27
21856,Harper Martin,harper.martin856@example.com,Consumer,65,6,2022-07-25
21857,Ella Thomas,ella.thomas857@example.com,Consumer,54,3,2022-02-22
21858,Lucas Thomas,lucas.thomas858@example.com,Consumer,64,4,2024-01-25
21859,James Wilson,james.wilson859@example.com,Consumer,61,7,2025-09-14
21860,Amelia Smith,amelia.smith860@example.com,Small Business,72,11,2024-01-08
21861,Amelia Anderson,amelia.anderson861@example.com,Consumer,46,8,2023-04-24
21862,Zoe Moore,zoe.moore862@example.com,Consumer,51,2,2023-12-15
21863,Sophia Thomas,sophia.thomas863@example.com,Consumer,66,7,2023-08-25
21864,Mia Martin,mia.martin864@example.com,Small Business,66,9,2025-03-17
21865,Henry Smith,henry.smith865@example.com,Small Business,40,3,2024-10-16
21866,Jack Martin,jack.martin866@example.com,Corporate,28,8,2022-12-11
21867,James Anderson,james.anderson867@example.com,Consumer,31,9,2023-05-09
21868,Ava Johnson,ava.johnson868@example.com,Consumer,41,7,2022-03-01
21869,Ella Moore,ella.moore869@example.com,Small Business,63,5,2023-03-28
21870,James Lee,james.lee870@example.com,Consumer,55,11,2022-09-10
21871,James Johnson,james.johnson871@example.com,Small Business,57,12,2023-11-13
21872,Zoe Johnson,zoe.johnson872@example.com,Consumer,66,11,2023-12-04
21873,Ella Anderson,ella.anderson873@example.com,Corporate,48,11,2025-02-24
21874,Ethan Brown,ethan.brown874@example.com,Consumer,28,5,2022-08-25
21875,Ava Garcia,ava.garcia875@example.com,Corporate,68,12,2025-04-27
21876,Sophia Taylor,sophia.taylor876@example.com,Small Business,45,6,2022-09-18
21877,Chloe Thomas,chloe.thomas877@example.com,Consumer,55,1,2023-09-29
21878,Noah Martin,noah.martin878@example.com,Consumer,44,7,2024-05-17
21879,Mia Wilson,mia.wilson879@example.com,Consumer,27,11,2025-05-17
21880,Ella Smith,ella.smith880@example.com,Consumer,39,9,2024-08-01
21881,Ethan Davis,ethan.davis881@example.com,Consumer,39,11,2024-07-22
21882,Mia Thomas,mia.thomas882@example.com,Consumer,41,11,2025-12-10
21883,Mason Wilson,mason.wilson883@example.com,Consumer,66,12,2022-09-10
21884,Chloe Davis,chloe.davis884@example.com,Consumer,66,11,2023-03-18
21885,Ella Smith,ella.smith885@example.com,Small Business,34,6,2022-11-09
21886,Ethan Thomas,ethan.thomas886@example.com,Corporate,70,12,2022-04-18
21887,Liam Martin,liam.martin887@example.com,Consumer,63,8,2024-03-13
21888,Liam Smith,liam.smith888@example.com,Consumer,64,9,2024-03-14
21889,James Garcia,james.garcia889@example.com,Consumer,67,7,2024-03-11
21890,Mason Jones,mason.jones890@example.com,Small Business,56,12,2023-02-04
21891,Ella Johnson,ella.johnson891@example.com,Small Business,58,3,2023-10-25
21892,Emma Martin,emma.martin892@example.com,Consumer,31,12,2023-09-15
21893,Chloe Williams,chloe.williams893@example.com,Consumer,30,8,2025-11-26
21894,Noah Brown,noah.brown894@example.com,Small Business,21,12,2023-02-05
21895,Harper Thomas,harper.thomas895@example.com,Consumer,30,10,2022-07-28
21896,Ella Miller,ella.miller896@example.com,Corporate,27,11,2022-12-11
21897,Harper Davis,harper.davis897@example.com,Consumer,53,3,2022-04-18
21898,Amelia Taylor,amelia.taylor898@example.com,Consumer,46,7,2022-11-01
21899,Ethan Smith,ethan.smith899@example.com,Consumer,40,2,2023-05-09
21900,Zoe Williams,zoe.williams900@example.com,Small Business,71,11,2024-02-08
21901,Ava Moore,ava.moore901@example.com,Consumer,61,8,2025-08-24
21902,Leo Garcia,leo.garcia902@example.com,Consumer,28,1,2022-09-03
21903,James Anderson,james.anderson903@example.com,Consumer,58,11,2024-11-09
21904,Chloe Taylor,chloe.taylor904@example.com,Small Business,27,8,2023-07-15
21905,Chloe Williams,chloe.williams905@example.com,Corporate,65,7,2024-09-18
21906,Grace Jones,grace.jones906@example.com,Consumer,25,10,2022-09-14
21907,Jack Williams,jack.williams907@example.com,Consumer,56,7,2025-12-06
21908,Jack Moore,jack.moore908@example.com,Consumer,58,9,2024-09-27
21909,Jack Thomas,jack.thomas909@example.com,Small Business,34,11,2022-09-12
21910,Sophia Williams,sophia.williams910@example.com,Consumer,56,10,2025-11-24
21911,Leo Moore,leo.moore911@example.com,Consumer,57,6,2022-09-09
21912,Noah Anderson,noah.anderson912@example.com,Consumer,69,3,2022-06-29
21913,Emma Johnson,emma.johnson913@example.com,Consumer,55,2,2024-11-02
21914,Liam Miller,liam.miller914@example.com,Consumer,23,11,2022-01-01
21915,Henry Lee,henry.lee915@example.com,Consumer,29,5,2025-09-11
21916,Chloe Davis,chloe.davis916@example.com,Consumer,43,12,2023-10-03
21917,Zoe Wilson,zoe.wilson917@example.com,Small Business,63,9,2023-03-06
21918,Emma Brown,emma.brown918@example.com,Consumer,34,1,2023-01-21
21919,Mia Taylor,mia.taylor919@example.com,Consumer,38,9,2023-03-19
21920,Mia Thomas,mia.thomas920@example.com,Consumer,37,10,2024-05-14
21921,Lucas Miller,lucas.miller921@example.com,Consumer,26,11,2022-12-01
21922,Lucas Anderson,lucas.anderson922@example.com,Consumer,34,7,2025-11-23
21923,Ava Anderson,ava.anderson923@example.com,Corporate,65,12,2023-07-06
21924,Noah Thomas,noah.thomas924@example.com,Consumer,53,6,2025-02-28
21925,Zoe Williams,zoe.williams925@example.com,Consumer,71,7,2022-11-11
21926,Grace Miller,grace.miller926@example.com,Consumer,38,1,2025-05-21
21927,Sophia Wilson,sophia.wilson927@example.com,Consumer,25,2,2025-11-01
21928,Amelia Anderson,amelia.anderson928@example.com,Corporate,70,2,2024-01-14
21929,Lucas Williams,lucas.williams929@example.com,Consumer,45,4,2023-07-15
21930,Ethan Miller,ethan.miller930@example.com,Consumer,67,2,2022-09-10
21931,Mason Taylor,mason.taylor931@example.com,Consumer,65,8,2022-07-15
21932,Chloe Martin,chloe.martin932@example.com,Consumer,27,5,2025-02-03
21933,Emma Williams,emma.williams933@example.com,Consumer,72,6,2024-03-08
21934,Jack Wilson,jack.wilson934@example.com,Consumer,29,10,2024-04-04
21935,Lucas Smith,lucas.smith935@example.com,Small Business,63,11,2024-11-17
21936,Mia Williams,mia.williams936@example.com,Small Business,24,7,2025-03-08
21937,Harper Thomas,harper.thomas937@example.com,Consumer,66,4,2025-10-20
21938,Leo Williams,leo.williams938@example.com,Small Business,53,8,2023-12-26
21939,Mason Jones,mason.jones939@example.com,Corporate,35,7,2024-12-02
21940,Mason Anderson,mason.anderson940@example.com,Consumer,41,2,2023-09-18
21941,Ava Anderson,ava.anderson941@example.com,Small Business,26,2,2022-06-07
21942,Liam Taylor,liam.taylor942@example.com,Small Business,56,1,2022-06-23
21943,James Moore,james.moore943@example.com,Consumer,67,1,2024-05-18
21944,Mia Davis,mia.davis944@example.com,Small Business,64,8,2024-11-20
21945,Jack Thomas,jack.thomas945@example.com,Consumer,33,2,2024-04-10
21946,Olivia Thomas,olivia.thomas946@example.com,Consumer,43,7,2025-12-09
21947,Ethan Thomas,ethan.thomas947@example.com,Small Business,23,11,2024-12-17
21948,Zoe Davis,zoe.davis948@example.com,Corporate,69,3,2025-10-13
21949,Henry Lee,henry.lee949@example.com,Consumer,29,4,2022-12-25
21950,Henry Garcia,henry.garcia950@example.com,Consumer,31,1,2024-05-15
21951,Harper Johnson,harper.johnson951@example.com,Consumer,55,6,2025-10-22
21952,Sophia Jones,sophia.jones952@example.com,Consumer,34,5,2024-09-16
21953,Olivia Thomas,olivia.thomas953@example.com,Consumer,40,11,2025-03-10
21954,Henry Martin,henry.martin954@example.com,Corporate,52,1,2024-08-06
21955,Emma Garcia,emma.garcia955@example.com,Consumer,40,1,2025-06-14
21956,Harper Johnson,harper.johnson956@example.com,Corporate,32,1,2023-12-18
21957,Ella Garcia,ella.garcia957@example.com,Consumer,33,1,2022-07-27
21958,Ava Wilson,ava.wilson958@example.com,Consumer,52,9,2022-11-11
21959,Olivia Williams,olivia.williams959@example.com,Consumer,46,11,2023-05-28
21960,Harper Jones,harper.jones960@example.com,Corporate,55,6,2024-05-27
21961,Lucas Johnson,lucas.johnson961@example.com,Small Business,31,8,2025-09-06
21962,Mia Garcia,mia.garcia962@example.com,Consumer,66,12,2024-06-07
21963,Noah Johnson,noah.johnson963@example.com,Consumer,46,4,2023-08-07
21964,Grace Thomas,grace.thomas964@example.com,Consumer,33,6,2022-03-06
21965,James Anderson,james.anderson965@example.com,Consumer,56,5,2022-09-01
21966,James Moore,james.moore966@example.com,Consumer,69,11,2022-09-18
21967,Ella Wilson,ella.wilson967@example.com,Consumer,27,12,2024-03-07
21968,Olivia Williams,olivia.williams968@example.com,Consumer,70,3,2023-12-06
21969,Ethan Smith,ethan.smith969@example.com,Consumer,59,11,2023-12-02
21970,Olivia Miller,olivia.miller970@example.com,Consumer,26,8,2023-08-16
21971,Grace Brown,grace.brown971@example.com,Small Business,32,10,2022-11-09
21972,Ethan Jones,ethan.jones972@example.com,Corporate,36,2,2023-06-24
21973,Grace Brown,grace.brown973@example.com,Small Business,27,8,2025-12-17
21974,Henry Taylor,henry.taylor974@example.com,Corporate,58,3,2023-01-22
21975,Mia Brown,mia.brown975@example.com,Consumer,38,2,2022-09-28
21976,Noah Lee,noah.lee976@example.com,Consumer,33,3,2024-05-23
21977,Ava Martin,ava.martin977@example.com,Consumer,40,1,2024-02-18
21978,Ethan Brown,ethan.brown978@example.com,Consumer,53,6,2024-05-22
21979,Grace Anderson,grace.anderson979@example.com,Consumer,44,1,2023-09-16
21980,Lucas Garcia,lucas.garcia980@example.com,Consumer,24,12,2024-05-06
21981,Liam Smith,liam.smith981@example.com,Consumer,41,1,2022-04-17
21982,Noah Jones,noah.jones982@example.com,Corporate,27,8,2023-07-28
21983,Grace Williams,grace.williams983@example.com,Consumer,40,5,2024-10-03
21984,Sophia Johnson,sophia.johnson984@example.com,Small Business,70,11,2022-01-28
21985,Mia Garcia,mia.garcia985@example.com,Small Business,58,6,2024-01-11
21986,Henry Taylor,henry.taylor986@example.com,Consumer,34,6,2023-05-03
21987,Chloe Miller,chloe.miller987@example.com,Consumer,68,2,2022-08-06
21988,Zoe Johnson,zoe.johnson988@example.com,Corporate,62,1,2025-04-16
21989,Noah Brown,noah.brown989@example.com,Corporate,25,12,2024-07-01
21990,Jack Taylor,jack.taylor990@example.com,Small Business,69,6,2023-09-10
21991,Noah Wilson,noah.wilson991@example.com,Consumer,33,12,2022-11-11
21992,Grace Wilson,grace.wilson992@example.com,Corporate,69,12,2023-06-02
21993,Jack Garcia,jack.garcia993@example.com,Consumer,28,6,2024-07-07
21994,Grace Johnson,grace.johnson994@example.com,Consumer,53,8,2024-05-08
21995,Olivia Williams,olivia.williams995@example.com,Small Business,29,10,2023-07-16
21996,Mason Smith,mason.smith996@example.com,Small Business,65,10,2022-05-05
21997,Noah Thomas,noah.thomas997@example.com,Small Business,53,7,2024-10-10
21998,Ava Williams,ava.williams998@example.com,Consumer,70,8,2024-11-09
21999,Ella Miller,ella.miller999@example.com,Consumer,21,10,2023-07-11
22000,Liam Taylor,liam.taylor0@example.com,Small Business,71,4,2025-04-27
22001,Henry Davis,henry.davis1@example.com,Small Business,37,9,2025-12-20
22002,Mason Martin,mason.martin2@example.com,Small Business,56,4,2023-08-30
22003,Sophia Williams,sophia.williams3@example.com,Consumer,39,4,2022-04-04
22004,Emma Anderson,emma.anderson4@example.com,Corporate,38,3,2023-07-23
22005,Emma Anderson,emma.anderson5@example.com,Consumer,21,4,2023-03-07
22006,Harper Anderson,harper.anderson6@example.com,Consumer,66,10,2024-01-26
22007,Jack Jones,jack.jones7@example.com,Consumer,60,12,2022-10-01
22008,Mason Garcia,mason.garcia8@example.com,Small Business,43,1,2025-07-05
22009,Ethan Thomas,ethan.thomas9@example.com,Consumer,22,5,2022-12-28
22010,Jack Anderson,jack.anderson10@example.com,Small Business,65,10,2022-08-06
22011,Ella Anderson,ella.anderson11@example.com,Consumer,56,5,2025-07-06
22012,Noah Martin,noah.martin12@example.com,Consumer,34,8,2023-03-28
22013,Chloe Anderson,chloe.anderson13@example.com,Consumer,67,7,2022-11-15
22014,Grace Garcia,grace.garcia14@example.com,Consumer,32,3,2024-09-08
22015,Leo Williams,leo.williams15@example.com,Consumer,67,3,2023-01-22
22016,Liam Anderson,liam.anderson16@example.com,Consumer,32,5,2022-02-13
22017,Ella Anderson,ella.anderson17@example.com,Consumer,25,10,2023-01-20
22018,Grace Brown,grace.brown18@example.com,Corporate,27,8,2025-08-14
22019,Henry Williams,henry.williams19@example.com,Consumer,45,12,2022-01-25
22020,Ella Smith,ella.smith20@example.com,Small Business,62,2,2022-01-28
22021,Emma Williams,emma.williams21@example.com,Consumer,61,4,2022-06-21
22022,Zoe Smith,zoe.smith22@example.com,Consumer,42,1,2022-08-06
22023,Ava Brown,ava.brown23@example.com,Small Business,49,3,2024-09-10
22024,Liam Jones,liam.jones24@example.com,Consumer,24,6,2024-09-07
22025,Jack Thomas,jack.thomas25@example.com,Consumer,22,5,2025-07-09
22026,Emma Johnson,emma.johnson26@example.com,Consumer,47,9,2023-08-31
22027,Mia Smith,mia.smith27@example.com,Consumer,45,4,2022-02-19
22028,Mia Garcia,mia.garcia28@example.com,Consumer,64,11,2023-08-11
22029,Ella Anderson,ella.anderson29@example.com,Consumer,28,12,2022-08-19
22030,Ethan Johnson,ethan.johnson30@example.com,Consumer,42,5,2024-01-02
22031,Sophia Garcia,sophia.garcia31@example.com,Consumer,32,2,2022-03-30
22032,Grace Wilson,grace.wilson32@example.com,Consumer,48,6,2025-05-13
22033,Mia Lee,mia.lee33@example.com,Consumer,39,11,2025-11-08
22034,Harper Lee,harper.lee34@example.com,Corporate,63,2,2023-07-10
22035,Harper Lee,harper.lee35@example.com,Small Business,71,5,2025-12-27
22036,Olivia Martin,olivia.martin36@example.com,Consumer,30,3,2025-09-05
22037,Ella Davis,ella.davis37@example.com,Small Business,28,12,2024-09-06
22038,Chloe Miller,chloe.miller38@example.com,Consumer,41,12,2023-07-25
22039,Mia Williams,mia.williams39@example.com,Consumer,48,7,2023-12-24
22040,James Thomas,james.thomas40@example.com,Small Business,42,7,2025-05-17
22041,Mia Moore,mia.moore41@example.com,Consumer,56,11,2023-05-19
22042,James Wilson,james.wilson42@example.com,Consumer,35,9,2024-10-05
22043,Ella Johnson,ella.johnson43@example.com,Consumer,70,10,2024-05-13
22044,Ethan Thomas,ethan.thomas44@example.com,Consumer,34,2,2023-04-27
22045,Olivia Garcia,olivia.garcia45@example.com,Corporate,28,9,2024-08-28
22046,Emma Lee,emma.lee46@example.com,Small Business,70,6,2024-01-10
22047,Mia Jones,mia.jones47@example.com,Small Business,56,8,2022-10-23
22048,Grace Brown,grace.brown48@example.com,Consumer,29,4,2023-04-05
22049,Sophia Thomas,sophia.thomas49@example.com,Consumer,22,12,2022-10-21
22050,Grace Garcia,grace.garcia50@example.com,Consumer,58,1,2025-12-07
22051,Ava Davis,ava.davis51@example.com,Consumer,44,10,2022-11-20
22052,Mia Johnson,mia.johnson52@example.com,Consumer,47,4,2022-06-07
22053,Mia Moore,mia.moore53@example.com,Small Business,68,3,2024-08-20
22054,Henry Thomas,henry.thomas54@example.com,Consumer,42,5,2024-08-20
22055,Leo Moore,leo.moore55@example.com,Consumer,28,11,2025-11-24
22056,Mia Smith,mia.smith56@example.com,Consumer,32,11,2022-03-07
22057,Henry Williams,henry.williams57@example.com,Small Business,64,1,2024-03-22
22058,Leo Wilson,leo.wilson58@example.com,Corporate,53,12,2023-06-13
22059,Mason Thomas,mason.thomas59@example.com,Corporate,38,4,2024-05-17
22060,Ava Wilson,ava.wilson60@example.com,Small Business,46,7,2022-09-14
22061,Zoe Smith,zoe.smith61@example.com,Consumer,68,4,2024-03-14
22062,Jack Taylor,jack.taylor62@example.com,Consumer,41,2,2025-11-19
22063,Ella Martin,ella.martin63@example.com,Consumer,44,7,2022-12-04
22064,Grace Brown,grace.brown64@example.com,Consumer,44,5,2022-08-11
22065,Zoe Moore,zoe.moore65@example.com,Consumer,31,6,2022-02-27
22066,Jack Johnson,jack.johnson66@example.com,Consumer,69,2,2023-03-10
22067,Mason Brown,mason.brown67@example.com,Consumer,23,9,2023-02-18
22068,Ethan Jones,ethan.jones68@example.com,Consumer,57,2,2025-03-13
22069,James Smith,james.smith69@example.com,Consumer,40,1,2023-10-07
22070,Olivia Garcia,olivia.garcia70@example.com,Consumer,41,5,2024-03-26
22071,Ella Thomas,ella.thomas71@example.com,Small Business,27,6,2022-09-23
22072,Amelia Miller,amelia.miller72@example.com,Consumer,72,12,2024-10-28
22073,Mia Smith,mia.smith73@example.com,Consumer,23,10,2024-02-22
22074,Mason Williams,mason.williams74@example.com,Consumer,61,3,2025-10-29
22075,Ava Thomas,ava.thomas75@example.com,Small Business,62,4,2023-03-18
22076,Mia Moore,mia.moore76@example.com,Corporate,53,12,2022-11-26
22077,Henry Thomas,henry.thomas77@example.com,Consumer,70,10,2025-08-27
22078,Amelia Davis,amelia.davis78@example.com,Consumer,60,3,2023-11-26
22079,Grace Smith,grace.smith79@example.com,Consumer,34,12,2025-10-30
22080,Zoe Taylor,zoe.taylor80@example.com,Consumer,52,2,2022-11-09
22081,Sophia Moore,sophia.moore81@example.com,Small Business,40,1,2022-10-20
22082,Jack Martin,jack.martin82@example.com,Consumer,41,2,2024-10-18
22083,Liam Lee,liam.lee83@example.com,Consumer,57,5,2022-11-27
22084,Harper Garcia,harper.garcia84@example.com,Consumer,70,2,2022-05-26
22085,Leo Jones,leo.jones85@example.com,Small Business,49,8,2023-06-09
22086,Mia Johnson,mia.johnson86@example.com,Consumer,39,10,2024-09-26
22087,Ella Miller,ella.miller87@example.com,Consumer,44,10,2025-10-25
22088,Henry Martin,henry.martin88@example.com,Consumer,64,10,2023-10-05
22089,Grace Wilson,grace.wilson89@example.com,Small Business,64,8,2023-06-23
22090,Emma Taylor,emma.taylor90@example.com,Small Business,36,11,2022-04-27
22091,Jack Smith,jack.smith91@example.com,Consumer,31,3,2022-08-04
22092,Chloe Miller,chloe.miller92@example.com,Consumer,50,2,2023-04-02
22093,Ava Garcia,ava.garcia93@example.com,Consumer,50,8,2024-08-17
22094,Sophia Johnson,sophia.johnson94@example.com,Corporate,46,3,2022-08-10
22095,Grace Brown,grace.brown95@example.com,Consumer,42,7,2023-11-05
22096,Zoe Davis,zoe.davis96@example.com,Small Business,28,4,2025-12-09
22097,Lucas Davis,lucas.davis97@example.com,Consumer,51,1,2025-01-21
22098,Mia Anderson,mia.anderson98@example.com,Consumer,59,4,2023-10-18
22099,Ella Smith,ella.smith99@example.com,Corporate,34,6,2024-05-30
22100,Emma Brown,emma.brown100@example.com,Consumer,37,1,2025-11-01
22101,Liam Johnson,liam.johnson101@example.com,Consumer,26,3,2022-05-22
22102,Mason Martin,mason.martin102@example.com,Small Business,54,12,2024-07-13
22103,Noah Anderson,noah.anderson103@example.com,Small Business,26,5,2023-01-12
22104,Grace Garcia,grace.garcia104@example.com,Consumer,47,5,2022-12-03
22105,James Davis,james.davis105@example.com,Small Business,65,9,2025-11-11
22106,Grace Garcia,grace.garcia106@example.com,Consumer,21,12,2025-03-14
22107,Jack Moore,jack.moore107@example.com,Consumer,63,10,2023-02-11
22108,Chloe Taylor,chloe.taylor108@example.com,Consumer,67,3,2023-10-26
22109,Amelia Smith,amelia.smith109@example.com,Corporate,52,3,2024-07-28
22110,Amelia Johnson,amelia.johnson110@example.com,Consumer,67,11,2024-04-12
22111,Olivia Davis,olivia.davis111@example.com,Consumer,58,3,2025-07-23
22112,Sophia Smith,sophia.smith112@example.com,Consumer,55,4,2023-01-20
22113,Liam Taylor,liam.taylor113@example.com,Consumer,33,7,2023-03-19
22114,Chloe Smith,chloe.smith114@example.com,Consumer,40,6,2024-01-16
22115,Henry Martin,henry.martin115@example.com,Consumer,50,2,2025-12-03
22116,Grace Miller,grace.miller116@example.com,Small Business,48,6,2023-12-23
22117,Henry Moore,henry.moore117@example.com,Corporate,50,6,2022-08-21
22118,Grace Garcia,grace.garcia118@example.com,Consumer,55,3,2025-02-06
22119,Grace Miller,grace.miller119@example.com,Small Business,48,5,2025-09-12
22120,Mason Thomas,mason.thomas120@example.com,Corporate,72,10,2022-07-23
22121,Sophia Johnson,sophia.johnson121@example.com,Consumer,47,11,2022-02-03
22122,Sophia Davis,sophia.davis122@example.com,Corporate,27,12,2025-07-01
22123,Leo Wilson,leo.wilson123@example.com,Consumer,47,10,2022-03-08
22124,Noah Brown,noah.brown124@example.com,Consumer,33,8,2025-02-03
22125,James Johnson,james.johnson125@example.com,Consumer,62,6,2024-08-08
22126,Ella Smith,ella.smith126@example.com,Consumer,38,6,2023-04-04
22127,Lucas Jones,lucas.jones127@example.com,Consumer,47,7,2025-10-10
22128,Emma Smith,emma.smith128@example.com,Small Business,54,1,2022-11-11
22129,Zoe Garcia,zoe.garcia129@example.com,Corporate,48,6,2022-12-16
22130,Ethan Wilson,ethan.wilson130@example.com,Consumer,46,7,2023-01-30
22131,Emma Moore,emma.moore131@example.com,Consumer,61,10,2024-05-28
22132,Ella Thomas,ella.thomas132@example.com,Corporate,54,3,2024-04-05
22133,Liam Miller,liam.miller133@example.com,Small Business,29,4,2022-07-23
22134,Henry Johnson,henry.johnson134@example.com,Small Business,69,11,2025-03-27
22135,Lucas Martin,lucas.martin135@example.com,Corporate,34,9,2022-11-22
22136,Ava Johnson,ava.johnson136@example.com,Consumer,70,1,2024-06-14
22137,Chloe Williams,chloe.williams137@example.com,Small Business,26,1,2025-06-19
22138,Chloe Miller,chloe.miller138@example.com,Corporate,61,1,2022-09-25
22139,Harper Williams,harper.williams139@example.com,Corporate,40,4,2025-08-29
22140,Noah Wilson,noah.wilson140@example.com,Small Business,63,4,2024-02-14
22141,Emma Jones,emma.jones141@example.com,Consumer,61,2,2022-10-22
22142,Chloe Martin,chloe.martin142@example.com,Consumer,59,2,2022-08-16
22143,Sophia Johnson,sophia.johnson143@example.com,Consumer,32,3,2023-08-02
22144,Ava Johnson,ava.johnson144@example.com,Corporate,34,8,2024-01-11
22145,Ella Johnson,ella.johnson145@example.com,Consumer,52,8,2022-02-14
22146,Ava Brown,ava.brown146@example.com,Consumer,41,11,2024-05-09
22147,Leo Moore,leo.moore147@example.com,Consumer,32,3,2023-01-04
22148,Chloe Anderson,chloe.anderson148@example.com,Consumer,42,10,2022-03-06
22149,Harper Davis,harper.davis149@example.com,Consumer,31,10,2025-05-13
22150,Henry Thomas,henry.thomas150@example.com,Consumer,22,5,2022-09-07
22151,Jack Smith,jack.smith151@example.com,Small Business,34,9,2024-11-14
22152,Harper Johnson,harper.johnson152@example.com,Consumer,35,4,2022-03-02
22153,Ava Thomas,ava.thomas153@example.com,Consumer,51,12,2022-09-17
22154,Noah Johnson,noah.johnson154@example.com,Consumer,39,6,2025-12-21
22155,Leo Thomas,leo.thomas155@example.com,Consumer,46,8,2024-06-12
22156,Noah Jones,noah.jones156@example.com,Small Business,66,3,2023-02-10
22157,Lucas Miller,lucas.miller157@example.com,Small Business,58,2,2025-04-10
22158,Mason Williams,mason.williams158@example.com,Consumer,49,4,2024-09-26
22159,Grace Taylor,grace.taylor159@example.com,Small Business,60,12,2023-07-11
22160,Sophia Taylor,sophia.taylor160@example.com,Consumer,43,7,2024-05-29
22161,Harper Lee,harper.lee161@example.com,Consumer,23,11,2022-05-12
22162,Henry Jones,henry.jones162@example.com,Consumer,62,10,2024-04-19
22163,Henry Garcia,henry.garcia163@example.com,Consumer,72,7,2022-03-03
22164,Amelia Miller,amelia.miller164@example.com,Consumer,34,3,2024-01-03
22165,Harper Garcia,harper.garcia165@example.com,Consumer,41,3,2023-10-06
22166,Olivia Thomas,olivia.thomas166@example.com,Consumer,71,6,2023-03-14
22167,Amelia Lee,amelia.lee167@example.com,Consumer,39,4,2025-02-24
22168,Zoe Brown,zoe.brown168@example.com,Consumer,38,9,2023-03-22
22169,Zoe Lee,zoe.lee169@example.com,Consumer,62,11,2022-06-03
22170,Grace Anderson,grace.anderson170@example.com,Small Business,33,7,2023-10-13
22171,Noah Smith,noah.smith171@example.com,Consumer,38,8,2024-10-18
22172,Grace Johnson,grace.johnson172@example.com,Consumer,41,2,2024-07-16
22173,Chloe Miller,chloe.miller173@example.com,Consumer,22,4,2025-03-26
22174,Chloe Smith,chloe.smith174@example.com,Consumer,46,8,2023-08-06
22175,Emma Lee,emma.lee175@example.com,Consumer,62,9,2024-12-16
22176,Olivia Johnson,olivia.johnson176@example.com,Small Business,47,8,2022-07-14
22177,Mason Jones,mason.jones177@example.com,Consumer,56,6,2023-12-10
22178,Amelia Davis,amelia.davis178@example.com,Consumer,65,10,2022-04-07
22179,Leo Davis,leo.davis179@example.com,Small Business,60,11,2022-09-06
22180,Sophia Smith,sophia.smith180@example.com,Small Business,29,4,2022-04-08
22181,Sophia Garcia,sophia.garcia181@example.com,Consumer,26,12,2024-06-11
22182,Noah Thomas,noah.thomas182@example.com,Corporate,65,6,2025-01-05
22183,Emma Jones,emma.jones183@example.com,Consumer,40,1,2022-08-15
22184,Ava Jones,ava.jones184@example.com,Consumer,72,6,2025-11-09
22185,Ella Jones,ella.jones185@example.com,Corporate,58,12,2022-12-15
22186,Leo Johnson,leo.johnson186@example.com,Small Business,69,3,2023-10-16
22187,Chloe Lee,chloe.lee187@example.com,Consumer,28,7,2025-07-28
22188,Henry Wilson,henry.wilson188@example.com,Consumer,52,4,2025-03-29
22189,Lucas Garcia,lucas.garcia189@example.com,Consumer,37,12,2024-09-15
22190,Mason Thomas,mason.thomas190@example.com,Consumer,36,2,2023-12-24
22191,Noah Thomas,noah.thomas191@example.com,Corporate,24,2,2022-06-03
22192,Noah Smith,noah.smith192@example.com,Consumer,45,11,2023-03-19
22193,Noah Davis,noah.davis193@example.com,Consumer,58,2,2023-11-29
22194,Henry Wilson,henry.wilson194@example.com,Small Business,62,6,2023-10-01
22195,Mia Martin,mia.martin195@example.com,Corporate,35,9,2022-08-05
22196,Harper Miller,harper.miller196@example.com,Consumer,70,8,2025-06-24
22197,Ella Brown,ella.brown197@example.com,Consumer,64,2,2023-07-24
22198,Mason Martin,mason.martin198@example.com,Consumer,50,10,2025-08-20
22199,Sophia Thomas,sophia.thomas199@example.com,Consumer,50,2,2023-05-08
22200,Liam Jones,liam.jones200@example.com,Consumer,49,1,2024-09-02
22201,Harper Jones,harper.jones201@example.com,Consumer,48,2,2025-02-01
22202,Noah Williams,noah.williams202@example.com,Consumer,42,7,2024-10-25
22203,Emma Davis,emma.davis203@example.com,Consumer,62,5,2024-01-28
22204,Ella Thomas,ella.thomas204@example.com,Consumer,46,7,2023-02-02
22205,Liam Taylor,liam.taylor205@example.com,Consumer,54,5,2024-12-20
22206,Grace Johnson,grace.johnson206@example.com,Consumer,28,11,2022-04-13
22207,Ethan Johnson,ethan.johnson207@example.com,Consumer,36,1,2022-03-15
22208,Ava Wilson,ava.wilson208@example.com,Consumer,60,2,2023-07-19
22209,Ella Miller,ella.miller209@example.com,Consumer,65,7,2022-07-27
22210,Lucas Davis,lucas.davis210@example.com,Small Business,43,4,2022-12-17
22211,Mason Thomas,mason.thomas211@example.com,Small Business,27,10,2023-08-13
22212,Liam Wilson,liam.wilson212@example.com,Consumer,40,12,2025-06-28
22213,Ethan Williams,ethan.williams213@example.com,Consumer,32,6,2025-10-27
22214,Amelia Lee,amelia.lee214@example.com,Corporate,63,8,2022-10-18
22215,James Miller,james.miller215@example.com,Consumer,37,6,2022-02-12
22216,Ava Williams,ava.williams216@example.com,Consumer,51,11,2022-01-20
22217,Chloe Smith,chloe.smith217@example.com,Consumer,23,8,2023-05-22
22218,Olivia Taylor,olivia.taylor218@example.com,Small Business,54,11,2023-08-19
22219,Henry Williams,henry.williams219@example.com,Consumer,72,3,2022-07-12
22220,Amelia Davis,amelia.davis220@example.com,Corporate,37,8,2023-12-20
22221,James Jones,james.jones221@example.com,Consumer,43,6,2024-07-28
22222,Mason Thomas,mason.thomas222@example.com,Small Business,59,6,2024-11-26
22223,James Johnson,james.johnson223@example.com,Consumer,61,5,2025-11-05
22224,Olivia Williams,olivia.williams224@example.com,Consumer,30,7,2023-03-28
22225,Harper Davis,harper.davis225@example.com,Consumer,65,1,2023-05-16
22226,Grace Garcia,grace.garcia226@example.com,Consumer,45,4,2022-07-02
22227,Sophia Jones,sophia.jones227@example.com,Consumer,49,11,2025-10-22
22228,Henry Williams,henry.williams228@example.com,Consumer,42,5,2025-10-22
22229,Ella Taylor,ella.taylor229@example.com,Consumer,23,7,2023-07-20
22230,Chloe Wilson,chloe.wilson230@example.com,Small Business,28,12,2023-12-05
22231,Grace Moore,grace.moore231@example.com,Corporate,71,8,2025-03-06
22232,Harper Jones,harper.jones232@example.com,Consumer,64,2,2022-01-18
22233,Mia Davis,mia.davis233@example.com,Consumer,39,11,2022-11-04
22234,Zoe Wilson,zoe.wilson234@example.com,Consumer,39,11,2022-11-30
22235,Ava Moore,ava.moore235@example.com,Consumer,34,5,2022-02-01
22236,Mason Martin,mason.martin236@example.com,Consumer,40,10,2022-09-10
22237,Olivia Miller,olivia.miller237@example.com,Small Business,24,6,2025-09-14
22238,Lucas Williams,lucas.williams238@example.com,Small Business,53,6,2023-08-04
22239,Jack Williams,jack.williams239@example.com,Consumer,67,2,2023-07-09
22240,Noah Miller,noah.miller240@example.com,Consumer,23,10,2022-06-15
22241,James Lee,james.lee241@example.com,Small Business,61,6,2023-05-25
22242,Ella Miller,ella.miller242@example.com,Corporate,40,7,2022-07-20
22243,Zoe Jones,zoe.jones243@example.com,Consumer,41,3,2025-02-28
22244,Chloe Williams,chloe.williams244@example.com,Consumer,47,11,2023-02-13
22245,Jack Brown,jack.brown245@example.com,Consumer,57,5,2023-09-17
22246,Leo Wilson,leo.wilson246@example.com,Small Business,48,3,2024-02-09
22247,Sophia Williams,sophia.williams247@example.com,Small Business,53,9,2024-06-24
22248,Harper Davis,harper.davis248@example.com,Consumer,47,6,2024-05-25
22249,Leo Smith,leo.smith249@example.com,Corporate,47,9,2022-02-24
22250,Ava Moore,ava.moore250@example.com,Corporate,71,3,2025-06-13
22251,Ethan Taylor,ethan.taylor251@example.com,Consumer,55,9,2024-02-04
22252,Chloe Lee,chloe.lee252@example.com,Small Business,46,5,2022-04-20
22253,Mia Miller,mia.miller253@example.com,Consumer,69,11,2022-01-13
22254,Henry Davis,henry.davis254@example.com,Consumer,62,1,2022-06-23
22255,Sophia Garcia,sophia.garcia255@example.com,Small Business,57,10,2022-07-19
22256,James Thomas,james.thomas256@example.com,Consumer,58,6,2022-05-05
22257,Henry Thomas,henry.thomas257@example.com,Small Business,54,12,2022-04-19
22258,Mia Wilson,mia.wilson258@example.com,Consumer,64,12,2024-10-11
22259,Mia Jones,mia.jones259@example.com,Small Business,21,11,2023-09-29
22260,James Taylor,james.taylor260@example.com,Consumer,21,12,2023-02-16
22261,Mia Taylor,mia.taylor261@example.com,Consumer,34,2,2024-11-30
22262,Sophia Davis,sophia.davis262@example.com,Consumer,24,1,2024-11-01
22263,Sophia Jones,sophia.jones263@example.com,Corporate,36,7,2024-09-17
22264,Jack Jones,jack.jones264@example.com,Consumer,63,10,2025-10-27
22265,Zoe Johnson,zoe.johnson265@example.com,Consumer,32,7,2022-10-27
22266,Mia Martin,mia.martin266@example.com,Consumer,53,12,2025-09-08
22267,Jack Brown,jack.brown267@example.com,Consumer,63,8,2024-09-10
22268,Sophia Taylor,sophia.taylor268@example.com,Consumer,46,8,2024-01-23
22269,Ella Thomas,ella.thomas269@example.com,Consumer,48,2,2024-08-08
22270,Mia Smith,mia.smith270@example.com,Consumer,45,5,2024-07-25
22271,Olivia Taylor,olivia.taylor271@example.com,Consumer,63,5,2022-03-11
22272,Zoe Davis,zoe.davis272@example.com,Corporate,50,1,2023-12-28
22273,Leo Jones,leo.jones273@example.com,Consumer,53,1,2022-11-21
22274,Noah Garcia,noah.garcia274@example.com,Consumer,25,12,2024-12-11
22275,Liam Anderson,liam.anderson275@example.com,Consumer,57,3,2023-12-22
22276,Amelia Davis,amelia.davis276@example.com,Consumer,69,12,2022-10-14
22277,Mason Lee,mason.lee277@example.com,Corporate,62,7,2022-05-20
22278,James Miller,james.miller278@example.com,Consumer,57,8,2025-05-25
22279,Henry Moore,henry.moore279@example.com,Consumer,65,11,2024-12-12
22280,Amelia Taylor,amelia.taylor280@example.com,Consumer,46,10,2023-12-14
22281,Ava Smith,ava.smith281@example.com,Consumer,63,1,2022-11-22
22282,Sophia Davis,sophia.davis282@example.com,Consumer,35,11,2024-09-02
22283,Ethan Johnson,ethan.johnson283@example.com,Small Business,47,3,2024-02-26
22284,Ava Smith,ava.smith284@example.com,Consumer,68,10,2023-05-28
22285,Ava Davis,ava.davis285@example.com,Consumer,22,6,2025-05-27
22286,Liam Garcia,liam.garcia286@example.com,Consumer,29,2,2025-12-01
22287,Chloe Wilson,chloe.wilson287@example.com,Consumer,49,4,2023-02-05
22288,Mason Brown,mason.brown288@example.com,Consumer,54,4,2022-11-28
22289,Noah Johnson,noah.johnson289@example.com,Consumer,63,10,2022-02-19
22290,Sophia Brown,sophia.brown290@example.com,Corporate,44,1,2022-10-15
22291,Grace Taylor,grace.taylor291@example.com,Consumer,64,9,2022-05-28
22292,Henry Davis,henry.davis292@example.com,Consumer,51,4,2023-03-01
22293,Henry Garcia,henry.garcia293@example.com,Corporate,29,6,2025-06-20
22294,Ava Davis,ava.davis294@example.com,Consumer,25,7,2025-07-04
22295,Chloe Johnson,chloe.johnson295@example.com,Consumer,28,3,2024-11-25
22296,James Brown,james.brown296@example.com,Consumer,22,1,2025-05-16
22297,Ethan Martin,ethan.martin297@example.com,Consumer,43,5,2023-05-30
22298,Ava Martin,ava.martin298@example.com,Consumer,57,3,2023-08-13
22299,Ethan Martin,ethan.martin299@example.com,Consumer,46,9,2025-06-05
22300,Zoe Smith,zoe.smith300@example.com,Corporate,58,9,2025-11-29
22301,James Lee,james.lee301@example.com,Consumer,42,5,2025-08-30
22302,Grace Jones,grace.jones302@example.com,Corporate,24,4,2023-11-17
22303,Mia Brown,mia.brown303@example.com,Corporate,63,9,2023-11-07
22304,Emma Brown,emma.brown304@example.com,Small Business,57,8,2022-05-30
22305,Zoe Thomas,zoe.thomas305@example.com,Corporate,47,1,2023-12-10
22306,Zoe Thomas,zoe.thomas306@example.com,Corporate,51,10,2022-06-15
22307,Mia Jones,mia.jones307@example.com,Consumer,52,12,2022-03-27
22308,Henry Brown,henry.brown308@example.com,Consumer,40,11,2023-12-19
22309,Ethan Smith,ethan.smith309@example.com,Small Business,72,1,2022-02-23
22310,Noah Wilson,noah.wilson310@example.com,Small Business,68,10,2024-02-16
22311,Olivia Wilson,olivia.wilson311@example.com,Consumer,45,8,2022-04-17
22312,Mia Miller,mia.miller312@example.com,Consumer,28,12,2024-05-24
22313,Leo Johnson,leo.johnson313@example.com,Consumer,42,10,2024-01-24
22314,Grace Lee,grace.lee314@example.com,Consumer,58,1,2023-05-03
22315,Olivia Brown,olivia.brown315@example.com,Consumer,72,7,2025-01-03
22316,Olivia Martin,olivia.martin316@example.com,Small Business,25,12,2023-05-27
22317,Emma Williams,emma.williams317@example.com,Consumer,41,8,2023-01-05
22318,Harper Taylor,harper.taylor318@example.com,Corporate,29,11,2023-05-16
22319,Zoe Miller,zoe.miller319@example.com,Consumer,25,8,2025-09-08
22320,Ava Jones,ava.jones320@example.com,Consumer,68,9,2023-02-26
22321,Harper Lee,harper.lee321@example.com,Small Business,44,4,2024-06-27
22322,Jack Jones,jack.jones322@example.com,Consumer,38,11,2023-05-16
22323,Amelia Thomas,amelia.thomas323@example.com,Consumer,43,9,2024-10-28
22324,Grace Thomas,grace.thomas324@example.com,Consumer,34,10,2024-09-22
22325,Mia Martin,mia.martin325@example.com,Consumer,56,9,2023-04-18
22326,Noah Johnson,noah.johnson326@example.com,Consumer,36,6,2022-10-18
22327,Leo Anderson,leo.anderson327@example.com,Consumer,23,8,2022-08-22
22328,Lucas Jones,lucas.jones328@example.com,Consumer,26,10,2024-02-26
22329,Emma Jones,emma.jones329@example.com,Consumer,45,10,2024-02-26
22330,Ella Davis,ella.davis330@example.com,Consumer,32,1,2023-04-05
22331,Grace Wilson,grace.wilson331@example.com,Consumer,55,1,2025-09-14
22332,Harper Lee,harper.lee332@example.com,Small Business,42,1,2025-05-31
22333,Lucas Moore,lucas.moore333@example.com,Small Business,42,10,2023-03-20
22334,Zoe Miller,zoe.miller334@example.com,Small Business,56,7,2022-04-27
22335,Ella Thomas,ella.thomas335@example.com,Small Business,55,11,2023-08-12
22336,Leo Miller,leo.miller336@example.com,Small Business,37,10,2025-03-09
22337,Liam Miller,liam.miller337@example.com,Consumer,21,8,2023-05-03
22338,Lucas Moore,lucas.moore338@example.com,Consumer,36,11,2023-07-16
22339,Jack Jones,jack.jones339@example.com,Consumer,60,6,2025-03-15
22340,Lucas Garcia,lucas.garcia340@example.com,Consumer,62,5,2025-09-12
22341,Zoe Smith,zoe.smith341@example.com,Consumer,41,2,2023-09-21
22342,Lucas Martin,lucas.martin342@example.com,Consumer,49,3,2024-06-27
22343,Olivia Davis,olivia.davis343@example.com,Consumer,56,1,2024-01-05
22344,Noah Miller,noah.miller344@example.com,Corporate,38,1,2025-04-01
22345,Zoe Wilson,zoe.wilson345@example.com,Consumer,37,6,2022-05-12
22346,Lucas Jones,lucas.jones346@example.com,Consumer,32,8,2022-09-18
22347,Mia Martin,mia.martin347@example.com,Consumer,28,10,2025-09-05
22348,Emma Williams,emma.williams348@example.com,Small Business,58,11,2024-11-03
22349,Amelia Smith,amelia.smith349@example.com,Consumer,66,9,2023-04-12
22350,Lucas Jones,lucas.jones350@example.com,Small Business,43,1,2025-10-21
22351,Jack Thomas,jack.thomas351@example.com,Consumer,27,1,2025-05-14
22352,Ava Wilson,ava.wilson352@example.com,Consumer,36,8,2022-08-20
22353,Noah Garcia,noah.garcia353@example.com,Small Business,64,10,2024-01-31
22354,Grace Johnson,grace.johnson354@example.com,Small Business,30,11,2024-05-23
22355,Olivia Garcia,olivia.garcia355@example.com,Consumer,47,10,2024-01-08
22356,Harper Davis,harper.davis356@example.com,Consumer,44,5,2025-06-27
22357,Emma Jones,emma.jones357@example.com,Consumer,59,3,2025-04-25
22358,Noah Moore,noah.moore358@example.com,Small Business,68,6,2024-11-12
22359,Henry Moore,henry.moore359@example.com,Consumer,34,10,2025-12-30
22360,Ella Martin,ella.martin360@example.com,Consumer,30,10,2022-03-08
22361,Ella Moore,ella.moore361@example.com,Corporate,35,11,2022-06-10
22362,Chloe Wilson,chloe.wilson362@example.com,Consumer,47,10,2025-07-14
22363,Jack Thomas,jack.thomas363@example.com,Small Business,59,2,2024-12-16
22364,James Anderson,james.anderson364@example.com,Consumer,38,9,2024-12-01
22365,Noah Martin,noah.martin365@example.com,Corporate,42,10,2023-08-24
22366,Ethan Moore,ethan.moore366@example.com,Consumer,68,6,2023-04-18
22367,Sophia Thomas,sophia.thomas367@example.com,Small Business,47,4,2024-06-30
22368,Harper Johnson,harper.johnson368@example.com,Consumer,44,6,2025-02-21
22369,James Taylor,james.taylor369@example.com,Small Business,35,4,2024-07-08
22370,Chloe Martin,chloe.martin370@example.com,Consumer,47,3,2025-01-06
22371,Chloe Anderson,chloe.anderson371@example.com,Consumer,39,3,2025-05-25
22372,Amelia Garcia,amelia.garcia372@example.com,Consumer,53,2,2022-06-16
22373,Mia Taylor,mia.taylor373@example.com,Corporate,33,8,2025-07-19
22374,Liam Lee,liam.lee374@example.com,Consumer,47,8,2022-02-01
22375,Lucas Moore,lucas.moore375@example.com,Corporate,68,9,2025-12-27
22376,Sophia Williams,sophia.williams376@example.com,Consumer,31,1,2024-06-02
22377,Ava Williams,ava.williams377@example.com,Corporate,48,9,2024-12-20
22378,Harper Williams,harper.williams378@example.com,Consumer,66,7,2025-11-28
22379,Mason Johnson,mason.johnson379@example.com,Consumer,60,6,2023-11-21
22380,Sophia Thomas,sophia.thomas380@example.com,Small Business,43,1,2022-06-01
22381,Leo Lee,leo.lee381@example.com,Consumer,48,7,2025-07-15
22382,Mason Moore,mason.moore382@example.com,Consumer,32,8,2025-12-04
22383,Chloe Lee,chloe.lee383@example.com,Consumer,21,9,2022-06-21
22384,Chloe Taylor,chloe.taylor384@example.com,Consumer,45,6,2025-10-12
22385,Amelia Davis,amelia.davis385@example.com,Small Business,38,3,2024-11-07
22386,Sophia Brown,sophia.brown386@example.com,Consumer,57,5,2024-10-07
22387,Henry Lee,henry.lee387@example.com,Consumer,48,9,2025-04-02
22388,Mason Garcia,mason.garcia388@example.com,Small Business,30,7,2023-10-15
22389,Emma Martin,emma.martin389@example.com,Consumer,38,12,2023-03-08
22390,Chloe Lee,chloe.lee390@example.com,Consumer,39,10,2023-10-06
22391,Liam Johnson,liam.johnson391@example.com,Consumer,35,5,2023-07-15
22392,Liam Jones,liam.jones392@example.com,Small Business,35,5,2025-05-26
22393,Lucas Williams,lucas.williams393@example.com,Consumer,53,2,2023-02-28
22394,Liam Smith,liam.smith394@example.com,Corporate,55,10,2022-03-23
22395,Jack Moore,jack.moore395@example.com,Consumer,22,4,2022-01-14
22396,Harper Brown,harper.brown396@example.com,Consumer,49,5,2025-03-15
22397,Henry Williams,henry.williams397@example.com,Corporate,66,8,2023-08-28
22398,Sophia Davis,sophia.davis398@example.com,Consumer,29,7,2024-10-07
22399,Lucas Thomas,lucas.thomas399@example.com,Corporate,72,11,2022-08-27
22400,Ava Thomas,ava.thomas400@example.com,Consumer,53,4,2022-06-02
22401,Amelia Jones,amelia.jones401@example.com,Small Business,64,8,2025-07-15
22402,Ava Thomas,ava.thomas402@example.com,Corporate,23,12,2023-10-07
22403,Grace Johnson,grace.johnson403@example.com,Consumer,56,12,2024-12-03
22404,Emma Anderson,emma.anderson404@example.com,Consumer,58,11,2022-01-17
22405,Ella Martin,ella.martin405@example.com,Consumer,51,4,2025-10-11
22406,Mia Davis,mia.davis406@example.com,Consumer,33,3,2024-10-14
22407,Ava Wilson,ava.wilson407@example.com,Consumer,25,12,2023-03-15
22408,James Wilson,james.wilson408@example.com,Small Business,23,10,2023-03-04
22409,Grace Thomas,grace.thomas409@example.com,Consumer,58,5,2025-06-10
22410,Ethan Anderson,ethan.anderson410@example.com,Consumer,32,6,2024-09-18
22411,Mason Martin,mason.martin411@example.com,Consumer,52,4,2023-08-22
22412,Ella Taylor,ella.taylor412@example.com,Consumer,27,6,2025-01-17
22413,Ethan Johnson,ethan.johnson413@example.com,Corporate,41,5,2024-05-09
22414,Ethan Anderson,ethan.anderson414@example.com,Consumer,41,7,2022-08-26
22415,Sophia Garcia,sophia.garcia415@example.com,Small Business,70,12,2024-03-26
22416,James Martin,james.martin416@example.com,Consumer,36,8,2025-05-15
22417,Olivia Jones,olivia.jones417@example.com,Consumer,71,5,2024-11-05
22418,Grace Smith,grace.smith418@example.com,Consumer,41,9,2023-10-24
22419,Grace Miller,grace.miller419@example.com,Consumer,24,8,2024-05-20
22420,Lucas Davis,lucas.davis420@example.com,Consumer,23,12,2023-03-25
22421,Mason Davis,mason.davis421@example.com,Consumer,31,7,2023-03-30
22422,Jack Brown,jack.brown422@example.com,Corporate,60,11,2022-08-14
22423,Zoe Garcia,zoe.garcia423@example.com,Consumer,67,3,2025-05-23
22424,Olivia Moore,olivia.moore424@example.com,Small Business,42,7,2022-07-04
22425,Harper Moore,harper.moore425@example.com,Consumer,54,9,2022-05-10
22426,Noah Garcia,noah.garcia426@example.com,Corporate,55,9,2023-02-11
22427,Ella Martin,ella.martin427@example.com,Consumer,31,12,2023-04-15
22428,Harper Garcia,harper.garcia428@example.com,Consumer,36,7,2023-03-18
22429,Olivia Smith,olivia.smith429@example.com,Consumer,46,1,2024-12-14
22430,James Smith,james.smith430@example.com,Consumer,35,3,2023-08-03
22431,Ethan Smith,ethan.smith431@example.com,Small Business,45,5,2022-09-11
22432,Ella Williams,ella.williams432@example.com,Small Business,25,12,2023-07-07
22433,Ava Wilson,ava.wilson433@example.com,Small Business,47,12,2025-12-11
22434,Olivia Smith,olivia.smith434@example.com,Consumer,30,12,2025-01-14
22435,Sophia Thomas,sophia.thomas435@example.com,Consumer,59,10,2024-03-12
22436,Mason Moore,mason.moore436@example.com,Consumer,22,6,2024-05-20
22437,Mason Jones,mason.jones437@example.com,Consumer,62,8,2023-02-20
22438,Chloe Davis,chloe.davis438@example.com,Consumer,35,7,2023-08-20
22439,Grace Wilson,grace.wilson439@example.com,Consumer,65,5,2024-09-16
22440,Jack Wilson,jack.wilson440@example.com,Consumer,52,4,2024-02-23
22441,Ella Garcia,ella.garcia441@example.com,Consumer,57,9,2022-08-10
22442,Olivia Miller,olivia.miller442@example.com,Consumer,57,4,2024-07-04
22443,Sophia Anderson,sophia.anderson443@example.com,Consumer,61,5,2023-11-12
22444,Ava Johnson,ava.johnson444@example.com,Consumer,52,9,2022-12-13
22445,Chloe Brown,chloe.brown445@example.com,Consumer,51,2,2022-10-17
22446,Henry Thomas,henry.thomas446@example.com,Consumer,52,10,2023-04-22
22447,Lucas Miller,lucas.miller447@example.com,Small Business,23,5,2023-11-23
22448,Amelia Thomas,amelia.thomas448@example.com,Consumer,21,10,2025-05-11
22449,Lucas Thomas,lucas.thomas449@example.com,Small Business,55,4,2025-02-25
22450,James Garcia,james.garcia450@example.com,Consumer,66,11,2023-04-28
22451,James Wilson,james.wilson451@example.com,Corporate,48,9,2022-06-16
22452,Ava Miller,ava.miller452@example.com,Consumer,68,3,2022-01-28
22453,Sophia Williams,sophia.williams453@example.com,Small Business,28,4,2024-06-15
22454,Emma Lee,emma.lee454@example.com,Consumer,72,7,2024-10-11
22455,Henry Davis,henry.davis455@example.com,Consumer,21,3,2025-01-25
22456,Mason Johnson,mason.johnson456@example.com,Small Business,64,7,2023-08-26
22457,Lucas Wilson,lucas.wilson457@example.com,Corporate,57,6,2025-06-13
22458,Liam Williams,liam.williams458@example.com,Small Business,72,5,2024-12-07
22459,Zoe Thomas,zoe.thomas459@example.com,Consumer,51,6,2024-11-29
22460,Leo Brown,leo.brown460@example.com,Consumer,66,6,2022-10-05
22461,James Smith,james.smith461@example.com,Consumer,51,6,2024-05-02
22462,Ava Smith,ava.smith462@example.com,Consumer,65,5,2025-12-07
22463,Sophia Wilson,sophia.wilson463@example.com,Consumer,60,8,2023-11-09
22464,Leo Taylor,leo.taylor464@example.com,Consumer,56,3,2022-05-17
22465,Ethan Garcia,ethan.garcia465@example.com,Corporate,38,11,2022-01-29
22466,Mason Martin,mason.martin466@example.com,Small Business,44,7,2025-04-11
22467,Zoe Moore,zoe.moore467@example.com,Consumer,62,7,2023-06-06
22468,Noah Johnson,noah.johnson468@example.com,Consumer,34,10,2022-11-09
22469,Lucas Williams,lucas.williams469@example.com,Consumer,72,5,2025-02-28
22470,Henry Taylor,henry.taylor470@example.com,Consumer,70,11,2024-02-24
22471,Chloe Taylor,chloe.taylor471@example.com,Consumer,51,5,2025-06-15
22472,Noah Williams,noah.williams472@example.com,Corporate,26,1,2023-04-20
22473,Zoe Williams,zoe.williams473@example.com,Consumer,21,3,2022-12-04
22474,Amelia Johnson,amelia.johnson474@example.com,Consumer,49,1,2022-10-08
22475,Grace Anderson,grace.anderson475@example.com,Consumer,69,8,2023-11-01
22476,Sophia Brown,sophia.brown476@example.com,Consumer,45,9,2024-03-16
22477,James Garcia,james.garcia477@example.com,Consumer,26,5,2024-12-05
22478,Zoe Martin,zoe.martin478@example.com,Corporate,38,4,2022-12-07
22479,Mia Martin,mia.martin479@example.com,Consumer,65,7,2025-02-21
22480,Lucas Anderson,lucas.anderson480@example.com,Corporate,62,2,2025-02-16
22481,Harper Williams,harper.williams481@example.com,Small Business,70,1,2024-01-19
22482,Harper Thomas,harper.thomas482@example.com,Consumer,33,7,2023-03-14
22483,Ella Garcia,ella.garcia483@example.com,Consumer,44,3,2022-01-22
22484,Henry Brown,henry.brown484@example.com,Consumer,27,1,2025-04-15
22485,Harper Lee,harper.lee485@example.com,Corporate,59,5,2024-10-26
22486,Lucas Smith,lucas.smith486@example.com,Consumer,46,11,2023-07-18
22487,Emma Thomas,emma.thomas487@example.com,Consumer,24,12,2023-06-03
22488,Chloe Martin,chloe.martin488@example.com,Corporate,61,1,2024-08-22
22489,Leo Davis,leo.davis489@example.com,Small Business,62,3,2024-08-27
22490,Jack Moore,jack.moore490@example.com,Consumer,60,2,2022-03-20
22491,Mia Thomas,mia.thomas491@example.com,Small Business,29,12,2022-12-29
22492,Ava Miller,ava.miller492@example.com,Consumer,66,2,2022-04-25
22493,Emma Garcia,emma.garcia493@example.com,Consumer,33,2,2025-01-19
22494,Zoe Thomas,zoe.thomas494@example.com,Small Business,41,1,2023-11-13
22495,Liam Lee,liam.lee495@example.com,Consumer,63,10,2024-01-21
22496,Ella Miller,ella.miller496@example.com,Consumer,33,11,2025-10-03
22497,Henry Williams,henry.williams497@example.com,Consumer,49,12,2023-07-01
22498,Emma Jones,emma.jones498@example.com,Small Business,47,10,2023-02-11
22499,Liam Anderson,liam.anderson499@example.com,Consumer,56,12,2022-01-07
22500,Harper Johnson,harper.johnson500@example.com,Consumer,65,6,2024-08-12
