ReturnID,OrderID,ReturnDate,ProductID,CustomerID,ReturnReason,RefundAmount,Resolution
700001,500018,2024-06-12,1022,21744,Changed mind,101.77,Refunded
700002,500020,2024-07-28,1030,21415,Changed mind,160.95,Refunded
700003,500022,2023-07-02,1008,21776,Late delivery,408.71,Replaced
700004,500053,2024-10-09,1014,20250,Damaged,92.18,Refunded
700005,500062,2025-04-09,1001,21709,Wrong item,190.26,Replaced
700006,500074,2024-12-05,1034,21860,Changed mind,94.99,Replaced
700007,500087,2025-05-01,1035,20191,Late delivery,125.95,Replaced
700008,500091,2025-12-30,1037,22118,Late delivery,330.06,Refunded
700009,500119,2024-09-02,1006,22336,Wrong item,81.27,Refunded
700010,500125,2024-01-11,1036,20091,Changed mind,84.31,Refunded
700011,500128,2023-06-12,1034,20261,Damaged,87.13,Refunded
700012,500144,2024-03-01,1014,22029,Changed mind,51.38,Replaced
700013,500154,2025-07-09,1016,20285,Quality issue,193.87,Refunded
700014,500174,2023-12-22,1017,21496,Changed mind,552.3,Replaced
700015,500178,2023-07-13,1033,21306,Wrong item,1002.11,Refunded
700016,500193,2023-05-29,1031,21325,Wrong item,316.67,Replaced
700017,500208,2025-04-13,1036,20635,Quality issue,64.66,Refunded
700018,500215,2024-09-05,1038,20878,Wrong item,538.11,Replaced
700019,500246,2023-04-10,1013,20952,Changed mind,705.9,Refunded
700020,500259,2025-08-06,1022,22202,Changed mind,89.42,Replaced
700021,500267,2024-05-16,1006,20412,Changed mind,168.42,Replaced
700022,500277,2024-01-20,1035,20626,Damaged,121.84,Refunded
700023,500297,2024-11-23,1006,21226,Late delivery,297.06,Replaced
700024,500303,2024-01-05,1032,21601,Changed mind,347.19,Refunded
700025,500316,2024-06-08,1017,21618,Changed mind,813.59,Replaced
700026,500328,2024-12-09,1040,20491,Wrong item,117.13,Replaced
700027,500329,2023-11-21,1022,21150,Changed mind,81.99,Refunded
700028,500347,2023-09-02,1024,21097,Damaged,46.96,Replaced
700029,500393,2023-09-16,1037,22155,Late delivery,281.4,Refunded
700030,500396,2025-10-08,1028,21620,Wrong item,243.08,Refunded
700031,500401,2024-12-25,1016,21223,Changed mind,272.73,Refunded
700032,500415,2025-11-15,1005,20828,Damaged,135.07,Replaced
700033,500434,2026-01-11,1016,21100,Damaged,812.67,Refunded
700034,500449,2025-10-10,1031,22454,Changed mind,951.95,Replaced
700035,500483,2023-01-17,1027,22362,Wrong item,190.6,Refunded
700036,500486,2025-06-22,1013,21019,Late delivery,721.63,Replaced
700037,500494,2023-10-11,1034,21153,Changed mind,69.2,Refunded
700038,500498,2025-04-26,1015,22269,Quality issue,524.48,Replaced
700039,500504,2025-03-20,1010,21790,Changed mind,254.54,Replaced
700040,500511,2024-11-19,1012,21790,Changed mind,380.75,Replaced
700041,500523,2025-02-11,1035,21572,Wrong item,129.3,Refunded
700042,500529,2023-02-22,1024,20679,Changed mind,47.55,Replaced
700043,500554,2024-02-26,1035,22274,Damaged,394.05,Replaced
700044,500566,2023-02-02,1015,20759,Quality issue,684.97,Replaced
700045,500587,2025-08-11,1006,20985,Changed mind,413.01,Refunded
700046,500593,2025-12-02,1031,20579,Damaged,263.73,Replaced
700047,500624,2024-10-28,1030,22331,Changed mind,173.01,Replaced
700048,500626,2024-08-07,1020,21359,Wrong item,290.76,Refunded
700049,500643,2024-08-23,1012,21888,Wrong item,114.81,Replaced
700050,500652,2024-10-16,1004,20875,Damaged,640.43,Replaced
700051,500657,2023-04-08,1010,21463,Wrong item,1164.72,Refunded
700052,500662,2023-11-13,1010,20693,Late delivery,531.44,Refunded
700053,500673,2025-04-09,1037,20939,Changed mind,323.03,Refunded
700054,500693,2024-03-30,1035,22358,Damaged,114.15,Refunded
700055,500695,2023-10-23,1003,20515,Quality issue,242.11,Refunded
700056,500712,2025-09-15,1021,22029,Quality issue,442.28,Replaced
700057,500738,2026-01-07,1011,20396,Wrong item,625.72,Refunded
700058,500745,2024-05-03,1012,21431,Late delivery,114.41,Refunded
700059,500748,2025-06-01,1035,22374,Wrong item,122.03,Replaced
700060,500756,2025-04-01,1021,20041,Changed mind,1311.83,Refunded
700061,500759,2023-08-14,1023,22267,Damaged,201.03,Replaced
700062,500772,2023-08-25,1008,21664,Damaged,455.21,Refunded
700063,500777,2023-05-27,1012,21445,Damaged,125.7,Replaced
700064,500781,2025-03-02,1017,21762,Quality issue,341.23,Refunded
700065,500800,2025-09-01,1012,21992,Changed mind,239.1,Refunded
700066,500811,2025-06-06,1012,20095,Wrong item,136.97,Refunded
700067,500813,2024-07-28,1037,20409,Quality issue,1470.93,Refunded
700068,500815,2025-05-11,1012,20839,Wrong item,119.33,Refunded
700069,500816,2023-08-11,1040,22186,Wrong item,111.34,Replaced
700070,500819,2023-10-23,1037,21367,Wrong item,277.57,Refunded
700071,500830,2023-07-15,1008,22313,Quality issue,492.39,Refunded
700072,500841,2023-02-19,1017,20775,Late delivery,209.11,Replaced
700073,500845,2025-08-26,1023,20932,Damaged,35.34,Refunded
700074,500847,2023-02-10,1026,21175,Wrong item,296.3,Refunded
700075,500869,2025-01-23,1008,20039,Quality issue,241.55,Replaced
700076,500877,2025-01-18,1006,20582,Wrong item,214.1,Refunded
700077,500886,2025-02-14,1028,21148,Late delivery,206.75,Replaced
700078,500903,2023-03-01,1006,20885,Wrong item,143.36,Replaced
700079,500909,2024-10-13,1014,21458,Quality issue,95.83,Refunded
700080,500935,2025-04-07,1029,20698,Changed mind,64.67,Refunded
700081,500954,2023-06-03,1020,21507,Late delivery,963.81,Refunded
700082,500959,2023-02-20,1029,22097,Wrong item,80.0,Refunded
700083,500960,2024-10-08,1033,20693,Changed mind,264.96,Refunded
700084,500962,2025-04-21,1014,21601,Quality issue,53.1,Refunded
700085,501011,2025-03-01,1028,21158,Quality issue,558.79,Replaced
700086,501023,2023-09-18,1014,20045,Wrong item,214.68,Replaced
700087,501031,2023-10-05,1023,20806,Damaged,45.98,Refunded
700088,501037,2025-09-08,1012,20202,Damaged,413.88,Refunded
700089,501041,2026-01-15,1010,21386,Quality issue,247.66,Refunded
700090,501046,2025-10-20,1030,21841,Late delivery,73.78,Replaced
700091,501067,2026-01-08,1002,21745,Late delivery,256.97,Replaced
700092,501071,2023-11-18,1018,22275,Changed mind,305.98,Replaced
700093,501076,2023-09-08,1005,21265,Wrong item,818.35,Replaced
700094,501118,2023-12-19,1032,20749,Quality issue,526.26,Refunded
700095,501143,2024-05-01,1018,21328,Damaged,128.02,Refunded
700096,501169,2024-08-01,1034,22133,Damaged,95.59,Replaced
700097,501173,2025-11-30,1012,21725,Late delivery,117.55,Refunded
700098,501179,2025-01-17,1036,22005,Damaged,81.05,Replaced
700099,501184,2024-11-10,1036,21360,Changed mind,154.48,Refunded
700100,501199,2024-06-06,1024,20867,Quality issue,54.38,Replaced
700101,501209,2025-12-10,1027,21506,Wrong item,108.45,Replaced
700102,501219,2024-03-23,1018,21055,Wrong item,137.0,Replaced
700103,501246,2025-09-17,1025,22065,Changed mind,204.66,Replaced
700104,501253,2024-11-18,1007,20153,Changed mind,89.88,Refunded
700105,501261,2025-06-08,1025,20890,Quality issue,241.7,Refunded
700106,501279,2024-02-16,1008,20074,Wrong item,232.93,Refunded
700107,501282,2025-03-26,1009,21735,Changed mind,84.98,Refunded
700108,501290,2024-10-03,1004,21308,Wrong item,295.84,Refunded
700109,501336,2023-11-03,1008,22433,Damaged,228.78,Refunded
700110,501363,2023-06-01,1013,20112,Wrong item,306.19,Replaced
700111,501382,2024-05-19,1036,21668,Wrong item,89.46,Replaced
700112,501384,2025-10-07,1023,21883,Late delivery,42.52,Replaced
700113,501400,2023-02-26,1009,21528,Wrong item,202.64,Refunded
700114,501404,2024-01-09,1030,21070,Wrong item,86.48,Refunded
700115,501406,2025-10-27,1020,21963,Quality issue,296.64,Replaced
700116,501442,2024-11-28,1011,22457,Changed mind,544.14,Replaced
700117,501459,2024-05-17,1022,22120,Changed mind,91.15,Replaced
700118,501468,2025-12-25,1008,21076,Late delivery,184.98,Replaced
700119,501478,2025-05-13,1005,21809,Wrong item,161.89,Replaced
700120,501490,2025-09-26,1027,20270,Damaged,104.78,Refunded
700121,501493,2025-10-12,1015,20064,Damaged,662.56,Replaced
700122,501495,2024-05-27,1039,20275,Damaged,638.73,Refunded
700123,501506,2025-07-08,1008,20890,Quality issue,231.33,Replaced
700124,501534,2023-01-21,1024,20392,Changed mind,36.97,Refunded
700125,501535,2023-04-15,1036,20489,Quality issue,96.17,Refunded
700126,501551,2024-09-30,1016,21905,Damaged,570.2,Replaced
700127,501553,2023-05-03,1012,21164,Late delivery,297.12,Replaced
700128,501559,2023-10-18,1007,21338,Changed mind,30.72,Refunded
700129,501567,2024-09-29,1014,20778,Late delivery,223.44,Refunded
700130,501580,2023-11-14,1007,20052,Changed mind,27.22,Refunded
700131,501585,2024-02-10,1007,21472,Wrong item,26.74,Refunded
700132,501620,2023-07-29,1026,22216,Late delivery,152.84,Refunded
700133,501635,2024-07-05,1016,21599,Wrong item,246.54,Replaced
700134,501651,2024-06-27,1018,21532,Quality issue,136.72,Replaced
700135,501669,2023-08-12,1017,22237,Late delivery,186.39,Replaced
700136,501695,2023-12-12,1010,22243,Wrong item,256.26,Refunded
700137,501696,2024-09-08,1027,21060,Late delivery,245.31,Refunded
700138,501705,2023-07-11,1039,22363,Late delivery,326.6,Refunded
700139,501714,2024-05-03,1028,21820,Changed mind,202.82,Refunded
700140,501728,2024-04-05,1001,21704,Quality issue,190.27,Replaced
700141,501744,2024-12-11,1012,21742,Changed mind,363.78,Replaced
700142,501753,2024-10-28,1004,20846,Wrong item,293.89,Replaced
700143,501781,2023-10-10,1014,21016,Quality issue,46.39,Refunded
700144,501783,2026-01-19,1019,22011,Late delivery,532.85,Replaced
700145,501818,2025-01-11,1005,21882,Wrong item,492.77,Replaced
700146,501828,2025-10-02,1008,21508,Changed mind,241.11,Refunded
700147,501832,2023-01-23,1038,22226,Wrong item,185.58,Refunded
700148,501859,2024-11-25,1008,20725,Damaged,193.17,Replaced
700149,501871,2024-03-02,1037,21145,Wrong item,265.99,Refunded
700150,501880,2025-11-03,1017,20419,Damaged,414.65,Replaced
700151,501894,2024-08-07,1015,21058,Quality issue,316.49,Replaced
700152,501905,2023-03-26,1019,21970,Damaged,1104.14,Replaced
700153,501913,2025-12-25,1026,20895,Late delivery,119.38,Replaced
700154,501917,2025-01-17,1028,22402,Quality issue,226.09,Refunded
700155,501961,2024-07-10,1003,21095,Changed mind,524.41,Replaced
700156,501990,2024-03-03,1006,22447,Wrong item,100.16,Refunded
700157,501998,2024-11-22,1006,21022,Late delivery,98.5,Refunded
700158,502013,2023-08-01,1019,20464,Late delivery,324.06,Replaced
700159,502022,2025-05-17,1031,21356,Wrong item,289.42,Replaced
700160,502026,2023-05-11,1037,20012,Wrong item,540.8,Replaced
700161,502033,2024-11-25,1013,22339,Late delivery,258.31,Refunded
700162,502035,2023-03-16,1025,20528,Wrong item,194.71,Refunded
700163,502106,2024-10-01,1017,22030,Changed mind,225.25,Refunded
700164,502112,2025-11-12,1033,21679,Late delivery,334.03,Refunded
700165,502155,2025-12-17,1039,20885,Wrong item,1112.63,Refunded
700166,502181,2024-07-10,1029,22467,Late delivery,63.62,Replaced
700167,502188,2023-12-17,1021,20503,Changed mind,596.58,Replaced
700168,502192,2025-02-24,1028,21941,Changed mind,267.98,Refunded
700169,502194,2023-10-07,1036,22431,Quality issue,86.96,Refunded
700170,502195,2025-05-25,1011,22488,Late delivery,241.82,Replaced
700171,502197,2024-02-06,1016,22322,Changed mind,292.26,Replaced
700172,502220,2025-08-28,1019,20359,Late delivery,286.66,Replaced
700173,502222,2024-03-28,1037,20657,Wrong item,250.3,Replaced
700174,502224,2025-09-17,1004,20436,Late delivery,576.15,Refunded
700175,502247,2023-06-15,1014,20554,Wrong item,86.31,Refunded
700176,502250,2023-05-03,1016,20752,Wrong item,250.6,Replaced
700177,502254,2025-08-31,1036,20240,Wrong item,77.18,Refunded
700178,502255,2024-03-18,1037,21160,Quality issue,356.62,Refunded
700179,502261,2024-12-05,1002,20855,Damaged,105.33,Replaced
700180,502273,2024-10-13,1005,21357,Changed mind,160.34,Replaced
700181,502287,2024-03-10,1014,21324,Changed mind,103.06,Replaced
700182,502328,2025-05-30,1036,21171,Changed mind,65.47,Replaced
700183,502334,2025-09-10,1039,22000,Wrong item,287.43,Refunded
700184,502336,2025-10-28,1018,20989,Quality issue,153.98,Refunded
700185,502348,2023-02-12,1024,22147,Changed mind,52.81,Refunded
700186,502349,2025-01-19,1030,22009,Changed mind,76.96,Refunded
700187,502367,2025-01-30,1013,22422,Damaged,700.18,Replaced
700188,502368,2024-05-14,1003,21679,Wrong item,1543.36,Refunded
700189,502369,2023-08-16,1011,20274,Late delivery,210.54,Replaced
700190,502378,2023-03-17,1039,22272,Wrong item,565.93,Refunded
700191,502380,2023-04-03,1023,20805,Changed mind,48.34,Refunded
700192,502393,2024-05-05,1023,22226,Quality issue,39.07,Refunded
700193,502399,2025-03-07,1030,22376,Quality issue,142.53,Replaced
700194,502407,2024-08-28,1020,20862,Changed mind,567.57,Refunded
700195,502442,2025-10-24,1030,21248,Quality issue,74.33,Refunded
700196,502453,2023-02-17,1008,22020,Changed mind,340.01,Replaced
700197,502460,2023-08-18,1019,21948,Damaged,1071.83,Refunded
700198,502480,2023-08-11,1007,20010,Quality issue,60.76,Replaced
700199,502483,2025-12-04,1035,20172,Damaged,121.76,Refunded
700200,502503,2023-04-18,1028,21739,Damaged,239.55,Refunded
700201,502519,2023-04-22,1026,22315,Changed mind,242.74,Replaced
700202,502532,2023-08-20,1026,22348,Damaged,303.26,Replaced
700203,502533,2025-04-08,1014,21643,Damaged,49.6,Refunded
700204,502552,2024-06-02,1021,21181,Wrong item,280.43,Refunded
700205,502582,2025-09-30,1019,22064,Damaged,285.81,Replaced
700206,502584,2025-01-24,1028,21567,Changed mind,224.7,Replaced
700207,502585,2023-04-02,1038,22269,Late delivery,191.14,Replaced
700208,502623,2025-08-15,1018,20339,Late delivery,111.32,Refunded
700209,502629,2025-06-24,1026,20888,Changed mind,117.81,Replaced
700210,502634,2023-06-27,1018,21589,Wrong item,526.63,Refunded
700211,502645,2024-03-08,1005,21818,Late delivery,503.95,Replaced
700212,502680,2023-08-22,1036,21738,Quality issue,82.77,Replaced
700213,502684,2024-11-09,1034,22080,Wrong item,199.44,Refunded
700214,502686,2025-01-21,1030,20898,Damaged,72.25,Replaced
700215,502690,2023-03-04,1007,21697,Damaged,84.62,Replaced
700216,502696,2025-02-04,1024,20348,Late delivery,171.61,Replaced
700217,502711,2024-06-23,1016,21660,Wrong item,260.87,Replaced
700218,502737,2024-01-31,1031,21838,Changed mind,603.13,Refunded
700219,502761,2025-05-25,1027,20725,Quality issue,466.78,Refunded
700220,502770,2025-08-18,1038,21602,Late delivery,413.31,Refunded
700221,502781,2023-10-13,1034,22002,Damaged,91.32,Refunded
700222,502806,2024-07-23,1001,22289,Changed mind,228.38,Refunded
700223,502820,2024-01-29,1027,22307,Wrong item,109.9,Refunded
700224,502830,2023-05-23,1013,21311,Changed mind,733.84,Replaced
700225,502870,2024-12-02,1030,20903,Quality issue,108.75,Replaced
700226,502883,2023-04-14,1028,21245,Quality issue,234.42,Replaced
700227,502892,2025-04-18,1014,20952,Quality issue,43.28,Refunded
700228,502895,2025-02-24,1014,20421,Wrong item,160.86,Refunded
700229,502897,2023-07-24,1037,20838,Wrong item,904.0,Refunded
700230,502898,2025-06-08,1021,21061,Quality issue,215.25,Replaced
700231,502911,2024-02-15,1024,20052,Late delivery,113.16,Refunded
700232,502913,2026-01-06,1006,20281,Late delivery,188.74,Replaced
700233,502915,2025-10-20,1027,22031,Wrong item,105.21,Replaced
700234,502927,2025-06-11,1021,20541,Changed mind,817.82,Replaced
700235,502935,2024-12-25,1039,20431,Damaged,357.95,Refunded
700236,502938,2025-10-28,1001,20675,Late delivery,984.82,Replaced
700237,502948,2023-08-28,1035,20108,Late delivery,584.86,Replaced
700238,502965,2024-09-05,1013,20308,Changed mind,912.38,Refunded
700239,502973,2025-08-12,1010,20548,Quality issue,1612.63,Refunded
700240,502983,2025-12-07,1007,21698,Late delivery,79.16,Refunded
700241,503006,2023-04-28,1008,22240,Wrong item,276.09,Replaced
700242,503016,2025-10-02,1028,22123,Quality issue,209.43,Refunded
700243,503054,2025-11-17,1023,21832,Wrong item,37.7,Replaced
700244,503063,2023-10-29,1009,20870,Damaged,92.26,Refunded
700245,503069,2024-02-07,1014,21084,Late delivery,119.75,Replaced
700246,503081,2024-06-10,1002,21968,Damaged,101.68,Refunded
700247,503097,2023-09-27,1024,21050,Changed mind,171.83,Replaced
700248,503110,2023-12-11,1024,20463,Wrong item,267.62,Refunded
700249,503183,2025-01-08,1040,20689,Late delivery,179.7,Refunded
700250,503189,2024-03-24,1005,21960,Late delivery,328.68,Refunded
700251,503198,2025-06-13,1023,21823,Damaged,43.35,Refunded
700252,503202,2023-09-28,1032,20148,Changed mind,194.73,Refunded
700253,503214,2025-04-10,1036,20238,Quality issue,323.66,Refunded
700254,503216,2025-01-01,1026,20181,Damaged,152.61,Replaced
700255,503227,2023-04-08,1014,20106,Wrong item,47.19,Refunded
700256,503242,2024-03-03,1025,21040,Late delivery,1293.31,Refunded
700257,503259,2024-06-09,1029,22479,Changed mind,76.3,Replaced
700258,503291,2023-10-23,1006,22368,Damaged,323.76,Replaced
700259,503301,2024-12-08,1025,22066,Quality issue,1182.77,Refunded
700260,503304,2025-01-16,1004,20841,Changed mind,1369.46,Refunded
700261,503325,2025-09-29,1002,22057,Wrong item,198.14,Replaced
700262,503349,2023-08-27,1033,21142,Wrong item,285.47,Refunded
700263,503352,2023-08-27,1003,20112,Late delivery,445.67,Refunded
700264,503356,2024-06-20,1022,22448,Late delivery,113.72,Replaced
700265,503372,2025-05-02,1026,22140,Wrong item,152.9,Replaced
700266,503378,2024-12-27,1007,22058,Quality issue,63.3,Replaced
700267,503406,2023-02-13,1039,20480,Damaged,961.93,Replaced
700268,503417,2023-03-11,1026,22375,Changed mind,363.5,Replaced
700269,503442,2025-08-25,1013,20058,Changed mind,745.23,Refunded
700270,503480,2024-10-24,1039,20460,Wrong item,347.77,Replaced
700271,503497,2024-03-18,1007,21127,Damaged,24.29,Replaced
700272,503504,2024-03-05,1019,20769,Quality issue,636.15,Refunded
700273,503516,2024-02-27,1013,21668,Wrong item,397.62,Refunded
700274,503519,2024-08-07,1025,22025,Changed mind,211.65,Replaced
700275,503523,2024-09-05,1029,22476,Wrong item,72.22,Replaced
700276,503542,2025-03-08,1035,20293,Damaged,141.3,Refunded
700277,503544,2023-03-29,1005,20500,Late delivery,285.78,Replaced
700278,503551,2024-10-22,1033,21178,Wrong item,759.63,Refunded
700279,503577,2024-01-06,1019,20767,Changed mind,298.28,Replaced
700280,503590,2023-07-15,1021,20357,Damaged,277.17,Replaced
700281,503596,2024-05-14,1013,21776,Wrong item,343.95,Replaced
700282,503600,2024-08-21,1014,22109,Late delivery,44.44,Refunded
700283,503618,2024-05-23,1015,22486,Quality issue,557.81,Replaced
700284,503650,2023-02-19,1005,21060,Changed mind,154.96,Replaced
700285,503692,2023-04-01,1021,20782,Damaged,426.85,Replaced
700286,503697,2025-01-19,1021,21708,Changed mind,265.14,Replaced
700287,503714,2023-10-20,1028,22105,Late delivery,174.12,Refunded
700288,503719,2023-08-20,1038,21146,Late delivery,405.38,Replaced
700289,503728,2023-05-14,1004,21556,Damaged,586.71,Refunded
700290,503738,2025-02-04,1014,21173,Late delivery,78.33,Replaced
700291,503751,2024-08-23,1030,22302,Changed mind,61.29,Replaced
700292,503767,2025-03-23,1008,21597,Late delivery,234.16,Refunded
700293,503799,2023-09-12,1033,22407,Quality issue,265.62,Refunded
700294,503803,2024-07-19,1027,20457,Quality issue,482.56,Refunded
700295,503848,2023-04-27,1021,22433,Late delivery,263.58,Refunded
700296,503851,2023-04-06,1034,20584,Damaged,405.15,Replaced
700297,503854,2023-03-09,1013,21313,Late delivery,304.48,Refunded
700298,503892,2024-05-16,1018,22343,Changed mind,150.67,Replaced
700299,503898,2023-09-14,1031,22084,Wrong item,326.94,Refunded
700300,503902,2025-11-23,1030,21496,Changed mind,53.98,Replaced
700301,503931,2023-06-13,1018,22057,Wrong item,143.43,Replaced
700302,503958,2024-02-12,1013,20097,Changed mind,307.39,Refunded
700303,503967,2023-12-19,1037,21201,Wrong item,585.01,Refunded
700304,503973,2024-09-04,1025,21170,Late delivery,263.59,Replaced
700305,503988,2025-06-11,1015,20140,Late delivery,569.56,Refunded
700306,503995,2024-11-30,1021,22437,Quality issue,257.35,Refunded
700307,504003,2024-10-21,1033,20329,Quality issue,249.42,Replaced
700308,504007,2023-12-31,1025,21595,Quality issue,719.71,Replaced
700309,504017,2025-07-19,1023,22328,Changed mind,66.96,Refunded
700310,504020,2024-07-09,1012,21219,Changed mind,742.17,Refunded
700311,504025,2023-01-24,1036,20337,Wrong item,153.35,Replaced
700312,504029,2025-05-05,1024,21038,Wrong item,46.64,Refunded
700313,504031,2023-07-21,1024,20549,Damaged,86.09,Refunded
700314,504037,2025-08-09,1005,20655,Quality issue,711.1,Refunded
700315,504039,2024-05-29,1003,20308,Wrong item,225.87,Refunded
700316,504063,2025-09-16,1015,21998,Wrong item,261.52,Replaced
700317,504066,2025-12-19,1012,20719,Changed mind,116.08,Refunded
700318,504073,2024-09-03,1029,20020,Quality issue,66.97,Refunded
700319,504103,2024-10-16,1006,20732,Changed mind,330.8,Replaced
700320,504122,2023-04-15,1035,20912,Late delivery,487.62,Replaced
700321,504155,2025-08-12,1030,20855,Damaged,278.8,Replaced
700322,504159,2025-11-14,1013,21664,Changed mind,619.63,Refunded
700323,504168,2023-04-28,1023,20346,Wrong item,132.34,Refunded
700324,504173,2025-03-23,1028,21760,Quality issue,467.43,Refunded
700325,504184,2023-11-29,1019,22154,Damaged,268.81,Refunded
700326,504185,2024-07-17,1038,22426,Quality issue,694.38,Replaced
700327,504197,2024-05-10,1005,20012,Changed mind,149.73,Refunded
700328,504215,2025-03-20,1024,20199,Wrong item,46.09,Refunded
700329,504216,2025-04-16,1009,22260,Wrong item,225.94,Refunded
700330,504219,2025-06-29,1006,20564,Quality issue,80.28,Replaced
700331,504222,2025-11-19,1017,20791,Late delivery,550.4,Replaced
700332,504228,2023-02-08,1013,22281,Quality issue,313.12,Replaced
700333,504234,2023-04-10,1015,20769,Wrong item,524.38,Replaced
700334,504240,2025-09-07,1001,21870,Late delivery,191.18,Replaced
700335,504288,2024-01-15,1020,20983,Late delivery,667.08,Refunded
700336,504301,2024-10-19,1021,21418,Damaged,417.3,Refunded
700337,504309,2024-05-02,1002,21125,Damaged,207.78,Refunded
700338,504317,2024-02-22,1001,20618,Changed mind,718.71,Refunded
700339,504330,2024-06-22,1034,20966,Changed mind,92.6,Replaced
700340,504335,2024-02-17,1027,21757,Wrong item,120.67,Replaced
700341,504355,2024-04-19,1025,21537,Quality issue,215.82,Refunded
700342,504356,2025-12-11,1033,20948,Late delivery,267.36,Replaced
700343,504400,2024-10-17,1023,20199,Late delivery,88.68,Refunded
700344,504446,2023-06-16,1035,21930,Quality issue,409.15,Refunded
700345,504456,2024-12-10,1006,20465,Damaged,87.23,Replaced
700346,504465,2025-09-17,1020,21851,Wrong item,255.81,Replaced
700347,504466,2025-09-06,1005,20709,Quality issue,281.37,Replaced
700348,504487,2025-01-28,1004,21902,Wrong item,706.94,Replaced
700349,504490,2025-10-05,1025,20379,Late delivery,206.41,Refunded
700350,504516,2024-09-11,1022,20613,Quality issue,96.75,Refunded
700351,504539,2023-07-27,1007,20606,Changed mind,34.15,Refunded
700352,504540,2025-01-30,1030,21898,Late delivery,61.3,Replaced
700353,504551,2023-09-23,1018,20119,Wrong item,160.58,Refunded
700354,504562,2025-02-21,1026,22196,Quality issue,124.12,Replaced
700355,504574,2024-10-11,1020,20355,Late delivery,221.64,Refunded
700356,504578,2025-01-20,1035,22215,Quality issue,399.55,Refunded
700357,504587,2023-08-03,1026,22312,Changed mind,163.21,Refunded
700358,504591,2025-07-25,1038,21069,Quality issue,274.99,Replaced
700359,504602,2023-12-25,1001,20487,Late delivery,449.4,Replaced
700360,504618,2025-04-06,1027,20668,Damaged,242.61,Refunded
700361,504621,2024-07-31,1009,21876,Late delivery,235.55,Refunded
700362,504628,2024-09-30,1026,21673,Wrong item,116.89,Replaced
700363,504640,2024-07-21,1039,20288,Damaged,282.96,Replaced
700364,504657,2023-11-21,1033,22182,Late delivery,266.63,Replaced
700365,504670,2025-05-24,1026,20939,Wrong item,147.24,Refunded
700366,504683,2024-01-26,1033,22077,Changed mind,260.09,Replaced
700367,504685,2025-07-24,1022,21057,Late delivery,102.6,Refunded
700368,504689,2025-01-18,1010,20522,Late delivery,580.1,Refunded
700369,504702,2023-06-03,1033,20130,Damaged,610.06,Replaced
700370,504705,2025-12-13,1005,20544,Damaged,164.32,Replaced
700371,504715,2025-10-08,1012,20032,Damaged,299.42,Refunded
700372,504734,2023-06-18,1032,22208,Damaged,203.08,Refunded
700373,504748,2023-11-24,1008,20313,Quality issue,232.8,Refunded
700374,504772,2023-07-25,1034,20370,Quality issue,99.07,Replaced
700375,504784,2024-03-21,1037,22382,Late delivery,275.79,Refunded
700376,504806,2024-09-20,1040,20501,Quality issue,206.95,Refunded
700377,504816,2023-05-07,1021,20411,Changed mind,726.95,Refunded
700378,504830,2025-06-04,1001,20912,Late delivery,787.22,Refunded
700379,504843,2025-05-06,1022,21587,Wrong item,485.2,Replaced
700380,504879,2025-12-06,1033,22417,Late delivery,260.9,Refunded
700381,504886,2023-04-02,1034,21420,Damaged,88.84,Replaced
700382,504887,2023-05-23,1007,21066,Late delivery,47.1,Refunded
700383,504892,2025-04-27,1014,22101,Wrong item,51.35,Refunded
700384,504907,2025-06-13,1011,20325,Changed mind,852.27,Replaced
700385,504914,2023-09-15,1028,22165,Late delivery,203.09,Replaced
700386,504915,2024-01-20,1001,20435,Changed mind,241.69,Replaced
700387,504920,2023-05-11,1015,20385,Quality issue,290.44,Refunded
700388,504928,2023-08-17,1036,21934,Changed mind,99.51,Replaced
700389,504936,2023-03-06,1003,21342,Late delivery,280.94,Refunded
700390,504962,2025-02-22,1022,22161,Late delivery,92.34,Replaced
700391,504985,2025-12-12,1038,21837,Quality issue,410.31,Replaced
700392,504988,2025-08-27,1002,21548,Changed mind,114.6,Refunded
700393,505016,2025-11-21,1040,21339,Changed mind,469.02,Replaced
700394,505060,2023-10-10,1027,20591,Late delivery,121.32,Replaced
700395,505068,2024-11-16,1021,21192,Wrong item,256.68,Replaced
700396,505083,2024-05-21,1038,20266,Late delivery,205.75,Refunded
700397,505085,2024-09-29,1040,20440,Damaged,396.8,Refunded
700398,505090,2023-03-04,1038,21994,Quality issue,535.1,Refunded
700399,505104,2023-02-15,1040,21056,Wrong item,287.51,Replaced
700400,505114,2023-08-27,1012,21143,Changed mind,265.98,Refunded
700401,505124,2024-08-16,1035,21602,Late delivery,292.38,Refunded
700402,505143,2025-03-12,1013,20319,Late delivery,254.34,Replaced
700403,505164,2025-04-23,1032,20581,Late delivery,161.16,Refunded
700404,505167,2023-02-07,1036,21648,Late delivery,173.93,Refunded
700405,505188,2025-06-27,1033,22077,Damaged,336.78,Replaced
700406,505198,2023-01-23,1022,22374,Wrong item,168.0,Replaced
700407,505201,2025-07-23,1028,20022,Wrong item,217.56,Replaced
700408,505233,2024-06-08,1007,20895,Changed mind,92.5,Replaced
700409,505234,2023-06-18,1023,20040,Late delivery,77.81,Refunded
700410,505239,2025-04-28,1010,21712,Changed mind,245.9,Replaced
700411,505248,2023-06-04,1013,22401,Changed mind,397.12,Replaced
700412,505261,2024-01-26,1004,22380,Quality issue,1220.95,Refunded
700413,505273,2023-04-12,1019,21597,Changed mind,273.52,Refunded
700414,505278,2024-06-21,1033,20006,Damaged,523.12,Refunded
700415,505295,2024-06-16,1005,20316,Wrong item,740.31,Replaced
700416,505299,2023-02-12,1023,20149,Changed mind,42.24,Refunded
700417,505304,2024-09-04,1014,20227,Quality issue,159.34,Refunded
700418,505317,2023-10-19,1008,20304,Damaged,995.67,Replaced
700419,505330,2025-06-24,1022,21438,Quality issue,316.94,Replaced
700420,505343,2023-03-03,1020,22130,Quality issue,279.35,Replaced
700421,505346,2023-12-30,1039,22486,Changed mind,278.64,Refunded
700422,505349,2023-10-23,1033,22152,Wrong item,411.2,Refunded
700423,505382,2025-12-04,1001,21243,Late delivery,194.85,Replaced
700424,505384,2024-02-21,1015,21867,Damaged,243.24,Replaced
700425,505399,2023-07-29,1019,22072,Wrong item,280.76,Replaced
700426,505402,2023-07-11,1040,21931,Changed mind,100.37,Refunded
700427,505439,2024-11-01,1039,21237,Changed mind,344.88,Replaced
700428,505455,2023-06-25,1017,22357,Late delivery,177.86,Replaced
700429,505493,2024-09-01,1030,20981,Damaged,170.78,Refunded
700430,505494,2025-08-04,1004,21292,Late delivery,943.06,Replaced
700431,505498,2025-11-12,1008,21048,Late delivery,181.66,Replaced
700432,505506,2025-12-07,1012,22280,Damaged,251.35,Refunded
700433,505523,2024-11-06,1022,20816,Damaged,77.69,Replaced
700434,505524,2024-11-13,1001,21495,Wrong item,230.91,Replaced
700435,505527,2023-02-13,1026,20894,Late delivery,159.52,Replaced
700436,505528,2024-09-27,1015,22034,Quality issue,273.94,Replaced
700437,505558,2023-05-20,1033,21717,Damaged,647.62,Replaced
700438,505595,2023-10-09,1001,21046,Wrong item,276.74,Refunded
700439,505601,2023-10-19,1002,21299,Late delivery,306.06,Replaced
700440,505615,2025-11-16,1007,20658,Late delivery,23.83,Refunded
700441,505623,2025-11-07,1038,22187,Wrong item,193.45,Replaced
700442,505626,2023-01-31,1027,20393,Wrong item,98.51,Refunded
700443,505628,2025-04-27,1017,21322,Late delivery,463.37,Refunded
700444,505646,2023-08-11,1023,22393,Changed mind,106.01,Refunded
700445,505662,2025-12-05,1011,20922,Quality issue,686.08,Replaced
700446,505666,2025-12-22,1019,20753,Wrong item,1122.59,Replaced
700447,505690,2024-04-30,1012,21240,Changed mind,223.41,Refunded
700448,505691,2024-03-15,1012,21616,Damaged,579.55,Replaced
700449,505701,2025-08-14,1033,20632,Changed mind,268.53,Replaced
700450,505720,2024-03-15,1020,20736,Changed mind,813.51,Refunded
700451,505727,2024-04-17,1004,21718,Late delivery,256.66,Replaced
700452,505738,2025-09-05,1012,21630,Damaged,313.75,Refunded
700453,505757,2023-05-13,1005,20042,Late delivery,861.62,Replaced
700454,505784,2025-03-05,1030,20223,Damaged,78.8,Refunded
700455,505820,2024-10-15,1017,22190,Late delivery,202.2,Replaced
700456,505832,2025-06-19,1010,21038,Changed mind,550.81,Replaced
700457,505852,2023-01-15,1031,21854,Quality issue,1165.95,Refunded
700458,505867,2025-12-30,1010,21764,Late delivery,243.4,Refunded
700459,505888,2023-01-31,1027,21236,Late delivery,128.56,Replaced
700460,505925,2024-07-12,1024,22379,Late delivery,129.67,Refunded
700461,505929,2024-02-08,1006,20212,Quality issue,82.95,Refunded
700462,505950,2024-09-04,1013,21481,Quality issue,641.83,Replaced
700463,505975,2025-01-09,1018,21844,Changed mind,312.0,Replaced
700464,505979,2023-11-22,1001,21726,Late delivery,389.53,Replaced
700465,505996,2023-03-04,1026,20979,Late delivery,256.54,Replaced
700466,506010,2023-06-14,1022,22402,Late delivery,362.21,Refunded
700467,506029,2025-11-03,1007,20193,Late delivery,130.81,Replaced
700468,506043,2024-04-27,1001,20214,Wrong item,409.79,Refunded
700469,506053,2023-06-01,1030,22447,Wrong item,132.16,Refunded
700470,506057,2025-01-29,1011,20421,Wrong item,264.27,Refunded
700471,506058,2023-05-08,1001,20223,Quality issue,267.74,Refunded
700472,506072,2024-03-08,1021,22351,Changed mind,236.47,Replaced
700473,506080,2025-01-19,1012,21851,Quality issue,136.6,Replaced
700474,506093,2024-10-13,1027,20518,Damaged,93.44,Refunded
700475,506145,2025-03-23,1001,21874,Late delivery,773.08,Refunded
700476,506147,2023-08-13,1007,21458,Wrong item,62.52,Replaced
700477,506173,2025-11-08,1015,22339,Wrong item,262.83,Replaced
700478,506190,2024-06-30,1009,21239,Wrong item,99.04,Refunded
700479,506192,2024-09-21,1028,21135,Changed mind,489.7,Replaced
700480,506196,2025-10-10,1033,21169,Wrong item,998.99,Refunded
700481,506197,2024-05-16,1023,21977,Changed mind,78.56,Replaced
700482,506235,2023-04-30,1024,21735,Wrong item,62.47,Replaced
700483,506284,2025-01-17,1033,22089,Damaged,527.54,Replaced
700484,506303,2023-04-28,1033,21915,Damaged,313.23,Replaced
700485,506316,2024-05-11,1022,20433,Quality issue,96.51,Refunded
700486,506318,2023-04-10,1015,20202,Damaged,1361.76,Replaced
700487,506352,2024-07-18,1021,22320,Late delivery,1050.45,Replaced
700488,506357,2023-11-01,1032,21230,Quality issue,243.51,Refunded
700489,506376,2025-01-15,1032,22183,Quality issue,687.71,Replaced
700490,506452,2023-07-28,1014,20993,Changed mind,49.93,Refunded
700491,506464,2023-04-29,1008,21799,Late delivery,279.23,Refunded
700492,506473,2024-04-17,1015,21564,Quality issue,986.3,Replaced
700493,506474,2025-07-20,1009,21809,Changed mind,97.19,Refunded
700494,506490,2023-07-16,1012,22104,Wrong item,308.68,Refunded
700495,506491,2023-08-13,1007,20736,Late delivery,53.03,Replaced
700496,506504,2023-10-13,1008,21498,Late delivery,415.88,Replaced
700497,506514,2025-10-17,1024,20495,Wrong item,149.35,Replaced
700498,506515,2023-07-09,1027,22152,Late delivery,115.82,Replaced
700499,506521,2025-11-24,1026,21169,Quality issue,125.29,Replaced
700500,506522,2025-02-27,1030,22463,Changed mind,237.29,Replaced
700501,506554,2024-05-26,1028,21324,Late delivery,415.81,Refunded
700502,506604,2025-04-04,1028,21613,Late delivery,271.3,Replaced
700503,506605,2023-11-06,1029,21399,Damaged,275.69,Refunded
700504,506633,2023-02-13,1022,22181,Late delivery,162.16,Refunded
700505,506717,2023-09-02,1030,20402,Quality issue,152.96,Refunded
700506,506725,2025-12-25,1037,22133,Quality issue,291.81,Replaced
700507,506753,2023-07-21,1009,22376,Changed mind,87.48,Refunded
700508,506756,2023-02-17,1034,21365,Wrong item,95.69,Replaced
700509,506760,2025-05-19,1002,21929,Late delivery,112.33,Replaced
700510,506782,2023-01-28,1021,22241,Wrong item,266.05,Refunded
700511,506834,2024-03-05,1005,22075,Wrong item,709.74,Refunded
700512,506847,2025-08-21,1008,21985,Quality issue,209.01,Replaced
700513,506850,2023-09-07,1008,22172,Quality issue,610.15,Refunded
700514,506868,2024-04-01,1002,20145,Changed mind,114.54,Refunded
700515,506908,2025-06-20,1004,20167,Changed mind,288.61,Replaced
700516,506920,2024-05-29,1002,20263,Changed mind,240.36,Replaced
700517,506953,2023-10-03,1005,20684,Changed mind,124.11,Refunded
700518,506972,2024-03-18,1018,21677,Wrong item,491.59,Refunded
700519,506990,2023-05-02,1010,20871,Damaged,304.77,Replaced
700520,506996,2023-05-01,1019,21160,Damaged,306.73,Refunded
700521,507082,2025-06-05,1029,20952,Quality issue,159.29,Replaced
700522,507085,2025-11-27,1029,21263,Wrong item,76.93,Replaced
700523,507089,2025-07-06,1034,20214,Changed mind,105.55,Refunded
700524,507107,2024-04-26,1023,20693,Wrong item,44.36,Refunded
700525,507118,2024-03-03,1025,20557,Changed mind,261.06,Replaced
700526,507121,2024-06-03,1039,20080,Wrong item,346.83,Replaced
700527,507129,2025-04-10,1019,21515,Quality issue,1368.19,Refunded
700528,507150,2024-02-03,1014,20899,Quality issue,51.84,Replaced
700529,507158,2024-03-05,1030,20533,Quality issue,268.46,Replaced
700530,507163,2024-11-14,1014,21612,Late delivery,47.48,Refunded
700531,507165,2024-09-27,1029,21153,Wrong item,89.54,Replaced
700532,507166,2024-05-01,1033,20359,Damaged,636.53,Refunded
700533,507213,2025-04-13,1037,21853,Wrong item,330.02,Refunded
700534,507218,2025-07-15,1024,21118,Damaged,49.24,Replaced
700535,507220,2023-05-29,1009,20911,Damaged,525.53,Replaced
700536,507240,2024-08-09,1036,21103,Wrong item,70.79,Refunded
700537,507257,2025-01-04,1003,21125,Wrong item,800.47,Replaced
700538,507264,2023-04-26,1028,20347,Changed mind,213.48,Refunded
700539,507273,2023-06-17,1039,22376,Damaged,292.44,Refunded
700540,507284,2023-11-19,1033,22303,Quality issue,266.27,Refunded
700541,507289,2025-11-28,1013,22126,Damaged,483.55,Refunded
700542,507297,2025-09-19,1006,21666,Changed mind,94.71,Refunded
700543,507323,2025-12-01,1001,22147,Quality issue,186.41,Refunded
700544,507367,2023-05-05,1021,21661,Quality issue,893.5,Refunded
700545,507371,2024-06-11,1003,22149,Changed mind,602.97,Refunded
700546,507377,2025-12-19,1009,21164,Quality issue,149.76,Refunded
700547,507396,2023-03-12,1002,20962,Late delivery,520.59,Refunded
700548,507398,2025-04-03,1028,21915,Quality issue,176.88,Refunded
700549,507405,2025-09-22,1010,20994,Changed mind,293.44,Refunded
700550,507413,2023-03-23,1003,22081,Late delivery,518.52,Replaced
700551,507421,2025-06-17,1001,21932,Quality issue,371.36,Replaced
700552,507448,2023-06-22,1017,20584,Damaged,176.4,Refunded
700553,507450,2024-11-12,1004,21165,Quality issue,587.84,Replaced
700554,507451,2024-02-11,1011,20854,Changed mind,298.37,Refunded
700555,507452,2023-09-16,1008,20038,Late delivery,1004.04,Replaced
700556,507454,2024-06-27,1015,21861,Changed mind,297.61,Replaced
700557,507455,2024-07-16,1003,21781,Damaged,1109.63,Replaced
700558,507481,2025-04-27,1034,21334,Late delivery,99.23,Replaced
700559,507593,2023-06-24,1027,20405,Quality issue,97.54,Replaced
700560,507615,2024-06-07,1030,20147,Late delivery,151.93,Replaced
700561,507619,2023-08-09,1021,20394,Quality issue,281.7,Refunded
700562,507638,2023-02-18,1032,21336,Late delivery,157.52,Refunded
700563,507641,2025-07-05,1010,22241,Quality issue,1020.33,Replaced
700564,507664,2024-04-25,1005,21870,Wrong item,367.34,Replaced
700565,507672,2023-08-02,1029,22308,Late delivery,76.96,Replaced
700566,507683,2023-08-29,1015,20225,Quality issue,519.34,Replaced
700567,507700,2023-07-13,1019,22219,Late delivery,329.01,Refunded
700568,507712,2023-08-20,1024,21771,Damaged,151.82,Replaced
700569,507720,2025-08-18,1001,21835,Quality issue,527.91,Replaced
700570,507736,2023-11-10,1026,21782,Late delivery,466.08,Refunded
700571,507757,2025-04-26,1030,20168,Quality issue,244.1,Replaced
700572,507775,2024-02-15,1002,21349,Wrong item,186.55,Replaced
700573,507783,2023-05-05,1026,21961,Changed mind,134.18,Refunded
700574,507813,2024-07-27,1014,21466,Damaged,59.42,Refunded
700575,507815,2023-04-11,1002,22220,Quality issue,382.79,Replaced
700576,507819,2023-12-02,1022,21210,Quality issue,106.68,Refunded
700577,507824,2024-03-30,1026,20397,Damaged,431.23,Replaced
700578,507843,2025-09-19,1009,22397,Late delivery,94.38,Refunded
700579,507848,2025-11-22,1037,21081,Late delivery,312.41,Refunded
700580,507883,2023-01-27,1028,22347,Late delivery,501.34,Replaced
700581,507891,2024-01-27,1011,21033,Damaged,333.3,Replaced
700582,507896,2023-07-09,1026,20488,Quality issue,102.95,Replaced
700583,507903,2025-04-07,1012,21652,Wrong item,235.69,Replaced
700584,507931,2023-10-25,1014,20195,Late delivery,52.86,Refunded
700585,507933,2023-02-12,1017,21120,Late delivery,197.88,Refunded
700586,507950,2024-06-21,1006,22035,Damaged,77.16,Replaced
700587,507970,2025-04-01,1009,21754,Late delivery,213.66,Replaced
700588,507974,2024-10-07,1039,21403,Quality issue,1284.18,Replaced
700589,507980,2025-08-20,1025,22340,Late delivery,215.7,Refunded
700590,507981,2025-12-08,1030,20770,Quality issue,73.95,Refunded
700591,508009,2025-05-06,1035,21144,Quality issue,285.52,Refunded
700592,508020,2023-07-22,1001,20714,Changed mind,213.18,Replaced
700593,508036,2023-07-15,1016,22440,Wrong item,247.05,Refunded
700594,508045,2025-01-13,1040,21061,Changed mind,112.12,Replaced
700595,508049,2025-01-05,1035,20053,Late delivery,110.56,Refunded
700596,508056,2024-07-12,1027,20212,Wrong item,346.32,Replaced
700597,508058,2025-09-12,1002,21528,Quality issue,94.51,Refunded
700598,508072,2023-06-01,1028,21248,Late delivery,209.09,Replaced
700599,508084,2024-12-23,1020,20880,Changed mind,343.81,Refunded
700600,508087,2023-02-19,1025,21938,Damaged,218.4,Replaced
700601,508092,2023-10-21,1026,20070,Late delivery,133.25,Replaced
700602,508097,2024-12-10,1013,20971,Changed mind,587.77,Replaced
700603,508116,2024-04-24,1007,20228,Damaged,65.84,Replaced
700604,508127,2024-11-24,1026,22127,Changed mind,137.05,Refunded
700605,508131,2024-07-03,1020,21922,Wrong item,492.32,Replaced
700606,508136,2024-03-25,1026,20797,Quality issue,114.84,Refunded
700607,508145,2025-01-14,1023,21344,Quality issue,101.39,Replaced
700608,508186,2024-03-22,1011,22371,Damaged,324.81,Replaced
700609,508188,2024-11-18,1016,21551,Quality issue,870.76,Refunded
700610,508218,2024-03-13,1017,22235,Changed mind,172.07,Refunded
700611,508251,2023-04-02,1005,21928,Wrong item,176.33,Replaced
700612,508278,2025-03-27,1010,22409,Damaged,280.41,Refunded
700613,508281,2023-08-10,1023,22078,Late delivery,37.85,Replaced
700614,508288,2023-04-23,1040,21849,Wrong item,202.79,Replaced
700615,508294,2025-05-02,1006,21128,Late delivery,95.04,Refunded
700616,508298,2024-08-12,1003,20938,Damaged,829.78,Replaced
700617,508301,2023-07-17,1038,20733,Late delivery,710.96,Refunded
700618,508328,2024-10-31,1006,20407,Quality issue,334.35,Refunded
700619,508333,2025-02-15,1025,21088,Quality issue,199.79,Refunded
700620,508352,2023-04-01,1014,21622,Quality issue,102.41,Replaced
700621,508353,2025-10-11,1031,22274,Quality issue,748.54,Refunded
700622,508359,2025-04-29,1026,20699,Damaged,148.19,Replaced
700623,508385,2023-08-23,1030,21343,Wrong item,260.86,Replaced
700624,508399,2023-06-10,1016,20057,Wrong item,336.39,Refunded
700625,508410,2024-07-16,1033,21202,Changed mind,231.55,Refunded
700626,508427,2023-02-07,1003,21723,Late delivery,865.75,Refunded
700627,508438,2024-06-28,1007,22099,Changed mind,28.71,Refunded
700628,508476,2023-10-12,1032,20583,Damaged,215.85,Refunded
700629,508487,2024-05-26,1023,22207,Quality issue,84.52,Refunded
700630,508501,2025-09-08,1006,21122,Changed mind,77.9,Replaced
700631,508506,2024-05-30,1040,20282,Changed mind,221.66,Replaced
700632,508520,2025-09-26,1011,20193,Late delivery,736.17,Refunded
700633,508526,2023-01-03,1023,21850,Quality issue,49.94,Replaced
700634,508546,2025-10-22,1039,21223,Quality issue,1324.05,Replaced
700635,508564,2023-01-11,1037,21572,Changed mind,343.03,Replaced
700636,508589,2023-03-16,1026,21380,Changed mind,324.91,Replaced
700637,508665,2025-09-21,1022,21174,Wrong item,390.46,Refunded
700638,508685,2025-01-14,1019,21895,Wrong item,921.06,Replaced
700639,508688,2025-10-25,1038,21645,Changed mind,200.38,Refunded
700640,508703,2025-12-23,1009,20276,Changed mind,216.14,Refunded
700641,508730,2024-05-13,1031,20099,Changed mind,561.08,Refunded
700642,508734,2025-10-24,1013,20665,Late delivery,299.01,Refunded
700643,508743,2023-10-08,1030,22354,Changed mind,79.15,Replaced
700644,508746,2023-04-01,1024,21173,Changed mind,45.88,Refunded
700645,508767,2024-07-26,1012,21548,Wrong item,119.78,Refunded
700646,508786,2024-02-25,1008,22344,Damaged,410.89,Refunded
700647,508789,2023-09-22,1014,21214,Changed mind,42.85,Refunded
700648,508792,2024-04-14,1040,20114,Damaged,207.62,Refunded
700649,508821,2025-05-10,1033,20112,Damaged,588.48,Replaced
700650,508826,2026-01-20,1012,20553,Quality issue,94.53,Replaced
700651,508827,2023-08-28,1008,20048,Wrong item,224.65,Refunded
700652,508846,2025-03-11,1013,22470,Wrong item,696.25,Refunded
700653,508860,2024-12-27,1003,20033,Late delivery,402.25,Replaced
700654,508871,2024-08-23,1013,20592,Wrong item,515.56,Replaced
700655,508873,2023-02-18,1024,22059,Wrong item,176.65,Replaced
700656,508895,2024-06-04,1036,21725,Late delivery,169.5,Replaced
700657,508902,2025-11-11,1029,21818,Quality issue,74.1,Replaced
700658,508915,2024-08-07,1018,21901,Quality issue,151.63,Refunded
700659,508920,2024-08-07,1002,21492,Damaged,207.05,Refunded
700660,508921,2023-10-26,1033,21840,Wrong item,286.52,Refunded
700661,508947,2023-03-18,1031,20908,Changed mind,384.77,Replaced
700662,508955,2024-01-15,1030,21288,Changed mind,79.34,Refunded
700663,508959,2024-10-23,1014,22237,Changed mind,45.5,Refunded
700664,508960,2023-06-08,1013,22291,Changed mind,1604.62,Refunded
700665,508977,2024-06-25,1024,21622,Quality issue,43.32,Refunded
700666,508985,2023-01-15,1024,21000,Quality issue,54.48,Refunded
700667,508989,2023-12-08,1021,20018,Changed mind,514.6,Replaced
700668,508993,2024-12-09,1032,21032,Wrong item,156.16,Replaced
700669,509008,2024-08-30,1031,22465,Quality issue,389.55,Refunded
700670,509011,2023-08-23,1003,20944,Late delivery,551.52,Replaced
700671,509026,2024-06-24,1030,21450,Late delivery,74.72,Refunded
700672,509052,2025-09-15,1019,21297,Damaged,266.75,Replaced
700673,509072,2024-04-22,1009,20991,Late delivery,101.52,Refunded
700674,509092,2025-07-18,1002,20069,Late delivery,213.85,Replaced
700675,509096,2025-01-11,1008,21780,Damaged,548.74,Replaced
700676,509100,2024-11-08,1022,21124,Changed mind,214.25,Replaced
700677,509106,2023-12-01,1009,22217,Wrong item,106.71,Refunded
700678,509111,2024-01-24,1002,21622,Quality issue,229.28,Replaced
700679,509117,2025-09-22,1021,21144,Late delivery,433.46,Refunded
700680,509134,2025-08-31,1029,21509,Quality issue,66.38,Refunded
700681,509150,2023-06-14,1022,22169,Wrong item,86.63,Replaced
700682,509167,2023-03-12,1033,20693,Wrong item,201.66,Refunded
700683,509169,2024-12-26,1008,21544,Wrong item,1002.4,Replaced
700684,509174,2025-11-04,1024,21344,Changed mind,43.67,Replaced
700685,509207,2025-07-11,1009,21544,Damaged,416.86,Refunded
700686,509213,2025-08-18,1018,20358,Changed mind,150.06,Refunded
700687,509235,2024-12-16,1007,21537,Damaged,107.88,Replaced
700688,509260,2024-04-04,1019,21631,Wrong item,267.2,Replaced
700689,509262,2024-04-18,1020,22066,Quality issue,770.78,Replaced
700690,509267,2025-04-08,1030,22021,Changed mind,220.83,Refunded
700691,509280,2025-10-16,1027,20169,Damaged,88.66,Replaced
700692,509285,2024-10-04,1009,20536,Changed mind,310.61,Refunded
700693,509310,2024-01-29,1002,21549,Late delivery,286.96,Refunded
700694,509315,2023-09-06,1009,21192,Changed mind,76.97,Refunded
700695,509329,2023-12-24,1028,21987,Damaged,226.64,Refunded
700696,509366,2023-07-29,1004,21574,Quality issue,376.34,Refunded
700697,509395,2025-12-20,1014,21872,Quality issue,86.39,Refunded
700698,509433,2024-02-13,1036,22063,Damaged,90.16,Refunded
700699,509435,2023-07-27,1032,20353,Late delivery,431.19,Refunded
700700,509444,2025-05-16,1011,22434,Quality issue,315.12,Refunded
700701,509465,2023-03-28,1002,22397,Changed mind,123.84,Replaced
700702,509466,2024-01-26,1037,21973,Wrong item,617.1,Replaced
700703,509473,2023-11-19,1005,20874,Late delivery,129.13,Refunded
700704,509501,2025-01-20,1015,22420,Wrong item,508.4,Refunded
700705,509509,2025-10-19,1025,22020,Changed mind,229.27,Refunded
700706,509543,2025-08-21,1016,21930,Damaged,205.39,Refunded
700707,509574,2024-07-10,1025,22139,Wrong item,628.88,Refunded
700708,509578,2023-10-01,1013,22361,Changed mind,270.09,Refunded
700709,509579,2024-05-18,1005,20460,Late delivery,130.02,Replaced
700710,509585,2024-01-22,1039,21568,Damaged,1324.23,Replaced
700711,509589,2024-03-07,1013,22003,Late delivery,321.93,Refunded
700712,509591,2024-01-20,1040,22019,Late delivery,215.84,Refunded
700713,509593,2025-06-09,1005,21729,Late delivery,151.91,Replaced
700714,509611,2024-07-27,1039,20074,Changed mind,304.27,Refunded
700715,509637,2024-02-06,1005,22039,Damaged,321.79,Refunded
700716,509645,2023-08-06,1022,20744,Late delivery,98.8,Refunded
700717,509673,2026-01-21,1023,21258,Changed mind,50.66,Refunded
700718,509695,2023-04-15,1004,21223,Late delivery,340.8,Replaced
700719,509703,2024-10-17,1020,21786,Late delivery,310.62,Replaced
700720,509721,2024-02-10,1007,21546,Damaged,47.82,Replaced
700721,509722,2023-09-15,1033,21323,Late delivery,1318.69,Replaced
700722,509727,2023-06-29,1024,21320,Quality issue,57.45,Replaced
700723,509728,2024-12-09,1009,22314,Quality issue,504.38,Replaced
700724,509734,2024-03-09,1019,21434,Changed mind,294.3,Refunded
700725,509778,2025-02-22,1035,20657,Changed mind,131.1,Refunded
700726,509789,2025-01-10,1010,20518,Wrong item,509.7,Refunded
700727,509810,2025-12-01,1003,20471,Damaged,246.26,Replaced
700728,509816,2025-08-26,1031,20282,Changed mind,675.77,Replaced
700729,509831,2023-07-07,1022,21860,Damaged,73.48,Refunded
700730,509864,2025-12-25,1024,21580,Changed mind,157.73,Replaced
700731,509866,2024-06-07,1037,20045,Wrong item,247.87,Refunded
700732,509883,2024-02-19,1017,21961,Changed mind,628.52,Refunded
700733,509885,2023-05-26,1037,21400,Changed mind,333.76,Refunded
700734,509902,2024-11-15,1016,20206,Quality issue,776.55,Replaced
700735,509904,2024-06-04,1011,22122,Late delivery,1095.81,Replaced
700736,509930,2026-01-22,1032,22151,Quality issue,564.7,Replaced
700737,509936,2023-03-06,1008,20229,Damaged,997.25,Replaced
700738,509951,2024-05-31,1012,22355,Late delivery,307.13,Refunded
700739,509968,2023-05-10,1013,21163,Damaged,303.36,Refunded
700740,509970,2024-06-03,1006,22225,Damaged,85.76,Replaced
700741,509979,2024-12-25,1016,21730,Late delivery,1459.07,Replaced
700742,509997,2025-04-01,1037,21425,Quality issue,718.69,Refunded
700743,510001,2024-04-20,1016,21891,Wrong item,266.03,Replaced
700744,510023,2023-07-12,1024,20270,Late delivery,46.55,Refunded
700745,510054,2025-10-11,1039,21011,Damaged,1042.5,Refunded
700746,510076,2024-05-03,1029,21929,Changed mind,65.26,Replaced
700747,510086,2023-10-31,1026,20162,Quality issue,486.44,Refunded
700748,510097,2024-03-09,1028,21482,Late delivery,214.7,Replaced
700749,510109,2024-12-12,1036,20508,Damaged,70.76,Refunded
700750,510139,2026-01-03,1031,21296,Quality issue,544.14,Refunded
700751,510140,2023-02-17,1003,21862,Wrong item,488.78,Replaced
700752,510151,2024-12-19,1014,20788,Changed mind,58.82,Refunded
700753,510166,2024-04-29,1035,22320,Wrong item,213.26,Replaced
700754,510167,2024-01-21,1035,21495,Late delivery,103.23,Replaced
700755,510170,2025-09-17,1008,21173,Quality issue,214.62,Refunded
700756,510174,2025-09-24,1009,20350,Late delivery,78.43,Refunded
700757,510187,2023-02-04,1014,21951,Wrong item,100.72,Refunded
700758,510210,2024-09-15,1025,21468,Damaged,623.4,Replaced
700759,510227,2023-03-12,1019,22302,Damaged,280.61,Replaced
700760,510230,2025-05-17,1033,20018,Changed mind,247.31,Replaced
700761,510249,2025-10-13,1035,20216,Quality issue,110.39,Refunded
700762,510261,2025-08-14,1030,21251,Quality issue,152.5,Refunded
700763,510263,2025-09-07,1003,20482,Wrong item,1209.41,Replaced
700764,510288,2025-04-10,1006,20428,Changed mind,193.6,Refunded
700765,510303,2024-09-09,1023,21814,Changed mind,33.92,Replaced
700766,510315,2025-11-04,1023,20404,Wrong item,37.44,Refunded
700767,510324,2023-04-12,1036,20137,Changed mind,75.44,Replaced
700768,510352,2024-10-08,1013,21653,Damaged,588.15,Refunded
700769,510353,2023-07-17,1014,21964,Quality issue,50.13,Replaced
700770,510363,2023-11-01,1032,20912,Wrong item,172.61,Replaced
700771,510372,2024-02-26,1039,20215,Damaged,904.27,Replaced
700772,510377,2023-06-05,1029,21284,Wrong item,77.09,Replaced
700773,510398,2023-03-14,1035,22224,Late delivery,122.04,Replaced
700774,510431,2024-06-10,1029,20554,Wrong item,203.59,Replaced
700775,510438,2023-02-17,1035,20425,Late delivery,130.57,Refunded
700776,510445,2025-10-28,1006,21219,Changed mind,319.55,Replaced
700777,510446,2024-07-06,1012,22299,Quality issue,133.24,Replaced
700778,510460,2025-12-31,1021,22186,Changed mind,216.55,Replaced
700779,510470,2025-06-27,1024,20539,Damaged,226.51,Refunded
700780,510487,2023-06-23,1012,22298,Changed mind,131.26,Refunded
700781,510490,2025-02-08,1001,21155,Wrong item,210.31,Refunded
700782,510501,2024-01-11,1001,21540,Wrong item,451.37,Refunded
700783,510503,2025-07-04,1003,20459,Late delivery,269.27,Replaced
700784,510505,2025-06-30,1014,21488,Late delivery,53.77,Refunded
700785,510508,2023-04-09,1001,20141,Damaged,883.59,Refunded
700786,510518,2025-04-05,1009,21899,Wrong item,185.24,Refunded
700787,510550,2024-07-26,1020,20406,Late delivery,566.58,Refunded
700788,510557,2025-03-14,1040,21355,Wrong item,84.62,Refunded
700789,510558,2024-09-20,1040,21939,Damaged,110.54,Refunded
700790,510561,2024-10-20,1002,22477,Late delivery,256.11,Refunded
700791,510573,2023-07-01,1024,20853,Late delivery,45.39,Refunded
700792,510589,2023-04-20,1037,22352,Damaged,668.92,Refunded
700793,510608,2024-12-14,1032,22069,Changed mind,240.8,Refunded
700794,510637,2024-08-30,1013,22326,Wrong item,298.19,Replaced
700795,510649,2025-08-16,1021,20371,Wrong item,191.89,Refunded
700796,510677,2025-04-16,1039,20414,Quality issue,306.67,Refunded
700797,510682,2024-01-05,1021,22312,Quality issue,752.52,Replaced
700798,510686,2024-02-05,1003,20755,Wrong item,473.72,Replaced
700799,510692,2025-05-29,1014,20477,Quality issue,60.39,Replaced
700800,510695,2023-10-13,1036,21714,Late delivery,79.51,Refunded
700801,510697,2023-07-20,1026,21145,Quality issue,327.95,Refunded
700802,510700,2024-06-28,1032,22169,Wrong item,332.22,Replaced
700803,510705,2023-03-23,1012,20963,Late delivery,313.36,Refunded
700804,510707,2023-10-19,1026,20312,Changed mind,450.09,Replaced
700805,510769,2024-09-23,1011,20849,Wrong item,270.22,Refunded
700806,510806,2024-03-31,1008,21459,Wrong item,779.5,Refunded
700807,510827,2025-04-15,1009,21670,Quality issue,97.1,Replaced
700808,510838,2024-03-18,1040,22383,Late delivery,114.33,Replaced
700809,510849,2025-02-27,1031,21788,Damaged,387.05,Refunded
700810,510864,2024-02-08,1016,22372,Wrong item,259.2,Replaced
700811,510885,2025-05-28,1039,20487,Changed mind,1481.53,Refunded
700812,510889,2024-11-06,1033,20160,Wrong item,339.07,Refunded
700813,510898,2023-03-25,1009,21305,Quality issue,196.65,Replaced
700814,510911,2023-02-05,1015,20539,Damaged,255.87,Replaced
700815,510926,2026-01-15,1039,22011,Late delivery,677.34,Replaced
700816,510938,2023-05-03,1014,22049,Changed mind,107.3,Replaced
700817,510954,2023-06-28,1005,21622,Quality issue,188.5,Refunded
700818,510961,2024-11-05,1017,21532,Changed mind,212.14,Refunded
700819,510975,2024-07-27,1021,21935,Quality issue,529.0,Replaced
700820,510977,2023-11-24,1009,20475,Late delivery,177.3,Refunded
700821,510990,2025-05-09,1037,22053,Quality issue,287.43,Replaced
700822,511010,2024-09-29,1009,21627,Damaged,81.66,Replaced
700823,511014,2023-05-28,1021,21281,Damaged,709.33,Replaced
700824,511048,2024-02-29,1009,21291,Wrong item,155.85,Refunded
700825,511049,2024-11-22,1034,22202,Damaged,318.32,Refunded
700826,511052,2025-10-23,1018,21786,Quality issue,296.74,Refunded
700827,511056,2023-03-29,1013,21632,Changed mind,691.36,Replaced
700828,511058,2023-10-31,1022,20774,Late delivery,81.27,Replaced
700829,511068,2023-06-13,1033,21982,Wrong item,674.19,Refunded
700830,511071,2025-10-10,1010,21565,Late delivery,276.14,Replaced
700831,511072,2024-12-31,1016,22243,Changed mind,255.73,Refunded
700832,511109,2023-08-03,1004,21665,Late delivery,645.11,Refunded
700833,511115,2024-10-09,1025,20717,Changed mind,470.18,Refunded
700834,511120,2025-12-11,1035,22129,Wrong item,205.82,Refunded
700835,511139,2025-06-07,1022,20573,Late delivery,102.45,Replaced
700836,511149,2024-09-21,1023,20702,Changed mind,42.62,Replaced
700837,511150,2025-03-28,1010,22309,Wrong item,1289.05,Replaced
700838,511160,2024-02-07,1018,20605,Late delivery,131.12,Replaced
700839,511164,2024-11-17,1027,21992,Quality issue,124.39,Replaced
700840,511175,2024-02-03,1011,20211,Quality issue,540.77,Replaced
700841,511179,2024-07-28,1016,21047,Late delivery,495.92,Refunded
700842,511200,2024-01-12,1018,20149,Damaged,117.76,Replaced
700843,511262,2023-06-15,1034,22047,Changed mind,111.52,Replaced
700844,511305,2023-12-19,1003,20748,Quality issue,295.95,Replaced
700845,511315,2025-02-19,1010,20142,Quality issue,535.49,Replaced
700846,511336,2024-04-13,1037,21673,Late delivery,487.78,Replaced
700847,511345,2024-10-24,1033,20383,Wrong item,818.29,Refunded
700848,511368,2024-08-07,1023,21419,Changed mind,44.18,Refunded
700849,511387,2025-04-22,1038,21764,Wrong item,217.05,Refunded
700850,511416,2025-07-28,1017,22179,Wrong item,211.98,Replaced
700851,511428,2025-02-14,1021,21473,Wrong item,1021.1,Refunded
700852,511570,2025-12-18,1011,21515,Changed mind,492.33,Replaced
700853,511571,2024-07-06,1016,20728,Wrong item,307.75,Refunded
700854,511577,2025-09-10,1010,22498,Changed mind,615.5,Replaced
700855,511643,2025-07-07,1026,21798,Changed mind,165.62,Refunded
700856,511657,2023-11-23,1034,21248,Changed mind,88.57,Replaced
700857,511674,2024-06-16,1012,21115,Quality issue,114.07,Replaced
700858,511676,2024-11-16,1004,22468,Quality issue,697.72,Refunded
700859,511681,2025-05-13,1026,21482,Late delivery,161.31,Refunded
700860,511686,2023-05-20,1028,22145,Wrong item,224.71,Replaced
700861,511700,2023-12-17,1006,21797,Wrong item,178.14,Refunded
700862,511709,2023-02-12,1032,21256,Changed mind,138.45,Replaced
700863,511714,2025-12-01,1008,22323,Changed mind,239.51,Replaced
700864,511736,2024-09-06,1020,21146,Changed mind,283.0,Refunded
700865,511739,2024-04-09,1018,21691,Damaged,160.94,Refunded
700866,511783,2024-03-07,1021,21720,Quality issue,901.03,Refunded
700867,511819,2023-02-25,1016,21544,Late delivery,334.21,Replaced
700868,511821,2023-12-02,1023,21860,Wrong item,41.61,Refunded
700869,511828,2023-07-13,1032,22141,Quality issue,765.96,Replaced
700870,511855,2023-04-06,1008,21968,Changed mind,242.82,Replaced
700871,511876,2023-03-09,1021,20639,Late delivery,270.52,Replaced
700872,511891,2023-04-16,1009,21692,Wrong item,70.64,Replaced
700873,511896,2025-02-15,1031,20947,Wrong item,378.41,Replaced
700874,511910,2025-09-10,1024,20599,Quality issue,42.59,Refunded
700875,511917,2023-03-25,1001,20150,Late delivery,217.0,Refunded
700876,511935,2023-06-13,1038,21796,Wrong item,653.76,Replaced
700877,511940,2023-09-06,1033,20748,Quality issue,201.4,Replaced
700878,511966,2025-05-01,1039,20338,Changed mind,342.48,Replaced
700879,511993,2025-10-08,1014,20532,Damaged,45.67,Replaced
700880,512014,2023-03-07,1006,20968,Quality issue,87.02,Refunded
700881,512021,2026-01-04,1001,21916,Changed mind,222.47,Refunded
700882,512032,2024-12-12,1022,22279,Wrong item,97.12,Refunded
700883,512035,2024-03-08,1004,22080,Late delivery,1027.55,Refunded
700884,512044,2024-01-05,1020,20504,Late delivery,288.45,Refunded
700885,512048,2025-07-15,1006,22118,Wrong item,86.84,Refunded
700886,512066,2025-10-04,1036,20212,Wrong item,71.89,Refunded
700887,512069,2025-03-14,1011,22457,Damaged,594.26,Replaced
700888,512090,2023-10-31,1001,22322,Late delivery,202.73,Refunded
700889,512103,2024-01-16,1040,21224,Wrong item,181.86,Refunded
700890,512111,2023-11-27,1015,20079,Late delivery,646.25,Replaced
700891,512114,2025-06-01,1008,21661,Wrong item,217.62,Refunded
700892,512116,2025-01-18,1021,20513,Wrong item,266.55,Refunded
700893,512120,2023-04-24,1003,22303,Changed mind,265.62,Refunded
700894,512132,2025-01-28,1030,21171,Quality issue,81.77,Refunded
700895,512139,2025-05-10,1031,22443,Damaged,317.52,Refunded
700896,512151,2025-06-29,1019,22090,Wrong item,754.82,Refunded
700897,512171,2025-01-29,1016,20416,Wrong item,801.52,Replaced
700898,512172,2023-07-26,1010,22404,Wrong item,260.02,Replaced
700899,512183,2023-05-23,1017,20284,Late delivery,153.27,Refunded
700900,512238,2025-11-13,1002,22314,Damaged,103.92,Refunded
700901,512252,2025-09-10,1006,21334,Late delivery,130.49,Refunded
700902,512269,2023-02-02,1003,21030,Quality issue,552.13,Refunded
700903,512270,2025-07-19,1021,21286,Late delivery,286.78,Refunded
700904,512278,2025-09-07,1035,20696,Changed mind,653.44,Refunded
700905,512311,2024-02-14,1013,21036,Damaged,1388.71,Refunded
700906,512323,2025-06-05,1034,21457,Wrong item,211.35,Refunded
700907,512332,2023-03-05,1015,20027,Damaged,283.69,Refunded
700908,512354,2025-03-25,1008,20631,Wrong item,181.07,Replaced
700909,512372,2023-07-05,1030,20688,Late delivery,166.42,Replaced
700910,512400,2023-08-26,1010,20449,Wrong item,602.97,Refunded
700911,512407,2025-01-04,1030,21926,Damaged,241.43,Replaced
700912,512417,2024-05-14,1018,21283,Late delivery,141.56,Refunded
700913,512446,2025-02-02,1039,20081,Wrong item,267.38,Replaced
700914,512482,2023-01-25,1012,20070,Changed mind,250.6,Replaced
700915,512491,2025-10-04,1008,20983,Damaged,425.05,Refunded
700916,512508,2024-10-12,1035,21420,Quality issue,238.87,Replaced
700917,512539,2025-12-30,1005,21922,Quality issue,131.15,Replaced
700918,512541,2025-04-26,1023,21296,Changed mind,97.39,Replaced
700919,512555,2025-12-20,1034,22245,Changed mind,175.15,Replaced
700920,512560,2024-03-23,1016,21904,Late delivery,527.35,Replaced
700921,512571,2025-03-08,1034,21638,Late delivery,345.92,Refunded
700922,512594,2025-04-19,1018,21368,Late delivery,141.93,Replaced
700923,512615,2023-03-01,1026,21816,Quality issue,166.34,Replaced
700924,512619,2024-02-28,1038,22068,Quality issue,225.78,Replaced
700925,512621,2023-02-01,1035,22460,Quality issue,143.85,Replaced
700926,512658,2024-06-02,1036,22377,Wrong item,92.01,Refunded
700927,512680,2025-05-11,1015,20252,Late delivery,550.17,Replaced
700928,512684,2026-01-01,1013,21495,Wrong item,892.34,Refunded
700929,512697,2023-05-17,1028,21646,Damaged,275.87,Replaced
700930,512726,2024-10-25,1035,22205,Changed mind,399.57,Replaced
700931,512732,2023-10-20,1007,22104,Quality issue,33.73,Replaced
700932,512746,2024-03-28,1011,22013,Changed mind,299.65,Refunded
700933,512748,2025-07-10,1007,20661,Damaged,87.56,Refunded
700934,512754,2025-02-27,1037,21835,Quality issue,972.85,Refunded
700935,512757,2024-04-24,1004,20071,Quality issue,1108.04,Refunded
700936,512763,2024-08-31,1035,20233,Late delivery,127.49,Replaced
700937,512765,2024-05-26,1038,21540,Quality issue,545.63,Refunded
700938,512777,2023-06-12,1007,21088,Late delivery,27.81,Refunded
700939,512782,2024-01-19,1001,21911,Damaged,238.72,Refunded
700940,512790,2023-09-06,1002,21106,Late delivery,186.38,Refunded
700941,512792,2025-08-30,1012,20535,Damaged,101.48,Refunded
700942,512794,2024-06-10,1002,20448,Wrong item,334.0,Replaced
700943,512817,2025-11-18,1002,21752,Late delivery,213.16,Replaced
700944,512818,2023-05-14,1040,21183,Changed mind,87.93,Replaced
700945,512823,2023-03-22,1007,21849,Late delivery,25.01,Refunded
700946,512825,2024-05-14,1004,20446,Damaged,1137.57,Replaced
700947,512848,2023-05-19,1011,20580,Changed mind,296.41,Refunded
700948,512859,2024-05-14,1013,20259,Late delivery,582.44,Refunded
700949,512872,2023-02-17,1018,22318,Quality issue,325.76,Replaced
700950,512884,2025-02-11,1019,20419,Wrong item,288.4,Refunded
700951,512886,2025-09-07,1012,20684,Late delivery,276.42,Refunded
700952,512887,2024-10-03,1015,20077,Wrong item,256.7,Refunded
700953,512893,2025-12-25,1032,21621,Damaged,639.83,Replaced
700954,512896,2023-05-08,1036,21172,Wrong item,82.21,Replaced
700955,512990,2025-07-22,1002,21419,Late delivery,76.18,Replaced
700956,512991,2023-04-26,1023,21779,Wrong item,48.28,Replaced
700957,512997,2025-06-22,1021,21128,Changed mind,510.81,Refunded
700958,513009,2023-12-11,1011,20623,Damaged,284.11,Refunded
700959,513019,2025-04-29,1038,20282,Wrong item,252.95,Replaced
700960,513031,2024-08-01,1034,22159,Quality issue,202.07,Replaced
700961,513032,2024-04-06,1007,20150,Damaged,32.41,Replaced
700962,513039,2024-05-16,1036,20355,Late delivery,79.16,Replaced
700963,513050,2023-09-07,1033,21342,Late delivery,356.47,Replaced
700964,513058,2023-10-10,1022,20126,Wrong item,96.31,Replaced
700965,513061,2024-01-01,1016,22254,Late delivery,594.13,Refunded
700966,513083,2023-04-19,1016,20227,Wrong item,284.94,Replaced
700967,513096,2024-09-16,1038,22416,Wrong item,555.04,Refunded
700968,513099,2025-01-10,1017,21559,Quality issue,199.2,Refunded
700969,513123,2023-06-14,1011,21117,Damaged,798.57,Refunded
700970,513145,2025-05-17,1006,20097,Wrong item,201.59,Refunded
700971,513146,2025-03-11,1022,21528,Wrong item,180.79,Replaced
700972,513177,2023-03-14,1009,22459,Damaged,78.21,Refunded
700973,513196,2025-05-27,1006,22220,Damaged,86.62,Refunded
700974,513239,2023-06-12,1032,21107,Damaged,211.51,Refunded
700975,513256,2023-07-03,1040,20811,Quality issue,103.37,Refunded
700976,513266,2023-01-28,1004,20216,Late delivery,871.66,Replaced
700977,513279,2024-07-15,1009,21085,Changed mind,89.96,Replaced
700978,513287,2024-03-27,1002,22335,Wrong item,94.79,Refunded
700979,513393,2023-01-24,1035,21210,Late delivery,210.37,Refunded
700980,513414,2025-03-30,1004,20837,Wrong item,369.15,Refunded
700981,513424,2025-09-10,1014,21846,Damaged,49.41,Replaced
700982,513479,2023-07-05,1002,21047,Quality issue,215.8,Replaced
700983,513484,2025-03-24,1017,21855,Damaged,302.64,Replaced
700984,513506,2024-12-07,1037,20181,Wrong item,245.52,Replaced
700985,513515,2025-02-24,1031,20505,Changed mind,352.96,Refunded
700986,513530,2024-01-17,1031,22447,Late delivery,313.41,Refunded
700987,513538,2023-01-16,1022,22318,Wrong item,243.6,Refunded
700988,513577,2023-10-18,1001,21208,Late delivery,211.95,Refunded
700989,513584,2025-04-16,1015,21436,Damaged,239.99,Refunded
700990,513589,2023-06-30,1022,22217,Changed mind,91.24,Replaced
700991,513600,2023-03-15,1019,21173,Late delivery,322.39,Replaced
700992,513628,2024-03-18,1023,22373,Changed mind,45.15,Refunded
700993,513637,2023-05-15,1013,21941,Damaged,311.85,Replaced
700994,513660,2023-01-21,1012,20671,Wrong item,422.65,Refunded
700995,513678,2025-02-17,1029,20011,Damaged,71.66,Refunded
700996,513691,2025-07-29,1039,22427,Wrong item,342.97,Replaced
700997,513695,2025-05-07,1035,20057,Wrong item,430.15,Refunded
700998,513700,2023-08-13,1001,20865,Quality issue,524.94,Replaced
700999,513702,2023-09-14,1036,20513,Damaged,286.4,Replaced
701000,513720,2025-01-24,1020,20837,Damaged,277.9,Replaced
701001,513745,2025-01-06,1020,20962,Late delivery,1287.72,Refunded
701002,513778,2023-08-10,1012,22217,Changed mind,278.94,Refunded
701003,513783,2024-08-18,1020,21846,Changed mind,647.59,Replaced
701004,513784,2025-01-09,1022,21715,Wrong item,97.95,Replaced
701005,513817,2025-06-21,1031,21471,Damaged,1855.53,Replaced
701006,513825,2025-04-27,1021,21570,Damaged,217.86,Replaced
701007,513876,2024-06-24,1036,20685,Late delivery,186.75,Replaced
701008,513884,2024-01-08,1007,20787,Wrong item,22.15,Refunded
701009,513886,2025-07-05,1023,21223,Changed mind,44.76,Refunded
701010,513914,2024-11-29,1023,21786,Changed mind,106.59,Refunded
701011,513927,2024-11-09,1007,21432,Wrong item,27.08,Refunded
701012,513935,2025-05-24,1018,20431,Late delivery,157.77,Replaced
701013,513939,2023-06-10,1037,20189,Late delivery,820.17,Replaced
701014,513949,2023-05-09,1032,20364,Changed mind,365.01,Replaced
701015,513959,2023-04-03,1008,21191,Damaged,213.01,Refunded
701016,513998,2023-04-28,1011,21129,Damaged,254.3,Refunded
701017,514014,2025-02-13,1033,22414,Quality issue,231.26,Replaced
701018,514064,2024-10-17,1006,20694,Changed mind,87.43,Replaced
701019,514073,2024-12-10,1005,20616,Wrong item,119.81,Refunded
701020,514077,2025-06-21,1017,22167,Changed mind,459.5,Refunded
701021,514085,2025-04-07,1036,20900,Damaged,405.89,Replaced
701022,514086,2024-03-28,1015,22403,Changed mind,285.32,Refunded
701023,514161,2024-01-25,1006,20474,Damaged,106.76,Replaced
701024,514170,2025-03-20,1027,20164,Quality issue,105.51,Replaced
701025,514180,2025-05-30,1025,22190,Wrong item,676.16,Refunded
701026,514211,2025-12-16,1021,20455,Quality issue,698.92,Replaced
701027,514219,2024-07-01,1035,22039,Late delivery,374.58,Replaced
701028,514221,2025-01-17,1018,22295,Changed mind,421.24,Refunded
701029,514226,2023-05-22,1003,21195,Changed mind,256.43,Refunded
701030,514229,2024-03-30,1007,22476,Wrong item,56.94,Refunded
701031,514247,2025-03-18,1004,22114,Late delivery,1062.39,Replaced
701032,514259,2023-04-10,1032,20922,Damaged,418.74,Refunded
701033,514270,2023-11-30,1030,21507,Changed mind,62.06,Refunded
701034,514275,2023-08-01,1013,21375,Quality issue,293.23,Replaced
701035,514285,2023-05-15,1018,20235,Changed mind,310.49,Refunded
701036,514296,2023-12-21,1039,21121,Wrong item,976.7,Replaced
701037,514330,2024-06-09,1015,22135,Late delivery,254.89,Replaced
701038,514331,2023-09-01,1022,22307,Quality issue,80.75,Refunded
701039,514348,2023-01-13,1034,20134,Late delivery,85.46,Replaced
701040,514349,2024-06-26,1033,22131,Damaged,294.01,Refunded
701041,514352,2023-11-11,1033,20583,Late delivery,326.82,Refunded
701042,514357,2025-05-20,1037,21537,Wrong item,269.17,Refunded
701043,514373,2025-09-08,1003,21681,Changed mind,294.65,Replaced
701044,514378,2025-02-20,1016,21655,Damaged,243.84,Refunded
701045,514379,2024-04-08,1030,20452,Wrong item,73.0,Refunded
701046,514380,2025-06-14,1010,22311,Late delivery,261.77,Refunded
701047,514414,2023-07-01,1014,21654,Quality issue,97.67,Replaced
701048,514419,2024-05-23,1003,21699,Damaged,238.79,Refunded
701049,514422,2023-02-25,1032,21550,Damaged,205.83,Replaced
701050,514430,2024-02-12,1037,21429,Late delivery,546.73,Replaced
701051,514446,2023-10-26,1015,21885,Damaged,318.11,Refunded
701052,514456,2024-12-30,1038,20480,Wrong item,998.23,Replaced
701053,514503,2024-08-20,1009,22148,Quality issue,214.52,Refunded
701054,514512,2023-07-01,1018,21349,Damaged,217.69,Replaced
701055,514522,2023-06-25,1018,22371,Quality issue,460.65,Replaced
701056,514550,2024-07-05,1011,21373,Wrong item,309.31,Refunded
701057,514570,2024-03-19,1024,20999,Damaged,122.79,Refunded
701058,514578,2024-03-18,1004,20613,Changed mind,271.14,Refunded
701059,514615,2024-05-02,1030,20260,Late delivery,67.99,Refunded
701060,514657,2023-11-03,1013,21763,Late delivery,338.28,Replaced
701061,514664,2024-05-18,1020,22403,Damaged,305.28,Replaced
701062,514668,2025-06-26,1008,21184,Late delivery,220.74,Replaced
701063,514674,2024-11-11,1016,20128,Wrong item,286.56,Replaced
701064,514675,2023-01-22,1040,20579,Late delivery,96.23,Replaced
701065,514714,2024-06-11,1012,21332,Late delivery,293.11,Replaced
701066,514729,2025-11-02,1001,22051,Changed mind,237.81,Refunded
701067,514745,2023-05-16,1011,20694,Quality issue,444.55,Replaced
701068,514769,2025-07-31,1022,22234,Wrong item,86.64,Refunded
701069,514774,2025-07-01,1033,20715,Damaged,1033.64,Replaced
701070,514790,2025-02-10,1035,20517,Late delivery,115.82,Refunded
701071,514800,2025-12-30,1033,20996,Changed mind,300.97,Refunded
701072,514830,2024-01-26,1031,20485,Quality issue,343.97,Replaced
701073,514844,2024-05-14,1031,22247,Changed mind,661.97,Refunded
701074,514847,2024-12-14,1020,20089,Changed mind,265.45,Replaced
701075,514896,2025-10-28,1007,21335,Changed mind,30.92,Replaced
701076,514914,2025-12-10,1015,20545,Damaged,522.44,Refunded
701077,514920,2024-10-15,1013,20687,Changed mind,579.61,Refunded
701078,514926,2024-06-21,1032,20283,Changed mind,468.81,Refunded
701079,514932,2023-02-19,1026,21593,Late delivery,167.57,Refunded
701080,514935,2023-06-05,1008,20782,Damaged,246.79,Refunded
701081,514937,2025-05-29,1001,20015,Late delivery,195.81,Replaced
701082,514965,2024-04-05,1020,21223,Late delivery,798.77,Replaced
701083,514976,2025-08-12,1005,21336,Damaged,264.3,Refunded
701084,514985,2024-03-06,1038,20705,Changed mind,549.68,Replaced
701085,515004,2023-09-15,1021,20533,Wrong item,244.04,Refunded
701086,515006,2024-01-01,1007,20252,Late delivery,68.27,Refunded
701087,515015,2024-04-24,1032,22050,Changed mind,148.17,Refunded
701088,515017,2025-03-02,1004,20489,Damaged,303.83,Replaced
701089,515026,2024-03-13,1019,20052,Changed mind,281.53,Replaced
701090,515028,2026-01-07,1021,20827,Damaged,1030.71,Replaced
701091,515030,2025-02-01,1024,20239,Quality issue,47.07,Replaced
701092,515053,2025-07-05,1015,21067,Damaged,297.52,Refunded
701093,515062,2024-03-28,1003,21140,Changed mind,277.52,Replaced
701094,515080,2025-06-27,1008,21593,Quality issue,843.5,Refunded
701095,515091,2024-07-15,1032,20587,Late delivery,220.18,Replaced
701096,515097,2023-07-18,1030,21501,Quality issue,74.28,Replaced
701097,515112,2024-12-05,1002,20065,Quality issue,250.5,Refunded
701098,515122,2024-03-02,1013,22166,Damaged,274.84,Replaced
701099,515130,2024-03-06,1021,20125,Wrong item,212.7,Refunded
701100,515132,2024-03-15,1029,21036,Late delivery,73.1,Refunded
701101,515136,2023-07-07,1017,22142,Damaged,331.69,Replaced
701102,515141,2023-02-10,1033,21844,Quality issue,1015.41,Replaced
701103,515146,2024-11-01,1039,21269,Wrong item,273.91,Refunded
701104,515155,2025-05-04,1012,20882,Wrong item,234.08,Replaced
701105,515172,2023-12-05,1033,20346,Changed mind,279.66,Replaced
701106,515180,2025-01-21,1035,22074,Wrong item,285.55,Refunded
701107,515185,2025-10-08,1040,20144,Wrong item,101.41,Refunded
701108,515213,2024-12-03,1001,22390,Damaged,697.81,Replaced
701109,515217,2025-01-05,1026,20988,Wrong item,156.11,Refunded
701110,515219,2024-11-28,1038,21258,Wrong item,945.29,Replaced
701111,515225,2025-02-04,1027,21054,Late delivery,100.57,Replaced
701112,515234,2024-03-26,1035,20024,Changed mind,122.0,Replaced
701113,515238,2025-08-24,1011,21849,Wrong item,528.31,Replaced
701114,515240,2024-05-24,1038,21131,Damaged,238.53,Refunded
701115,515279,2023-10-13,1029,22014,Changed mind,257.57,Refunded
701116,515301,2026-01-23,1002,20139,Wrong item,106.13,Replaced
701117,515303,2025-06-01,1039,20273,Late delivery,1101.98,Refunded
701118,515311,2024-02-12,1005,21886,Wrong item,145.51,Refunded
701119,515313,2024-10-26,1002,20082,Quality issue,96.07,Refunded
701120,515316,2025-05-30,1008,20682,Late delivery,265.9,Replaced
701121,515339,2024-12-24,1027,20429,Late delivery,302.86,Replaced
701122,515352,2025-12-05,1023,20942,Changed mind,43.31,Refunded
701123,515359,2025-06-06,1012,21628,Late delivery,234.04,Replaced
701124,515372,2024-01-22,1008,20744,Changed mind,212.19,Replaced
701125,515381,2023-01-11,1019,21630,Late delivery,622.56,Replaced
701126,515388,2023-06-10,1025,21757,Changed mind,1146.81,Refunded
701127,515394,2025-08-03,1018,21867,Damaged,289.83,Replaced
701128,515422,2024-12-11,1023,22063,Changed mind,45.63,Replaced
701129,515430,2025-12-11,1034,20018,Wrong item,168.17,Refunded
701130,515431,2025-12-16,1012,20749,Quality issue,236.45,Refunded
701131,515442,2024-07-11,1013,20840,Wrong item,285.17,Replaced
701132,515467,2024-04-28,1028,21232,Late delivery,396.34,Replaced
701133,515468,2024-08-11,1038,21670,Wrong item,1024.63,Replaced
701134,515475,2024-02-17,1017,22374,Damaged,221.24,Refunded
701135,515483,2024-01-05,1019,20948,Damaged,260.8,Refunded
701136,515497,2023-12-07,1002,21847,Late delivery,212.62,Refunded
701137,515505,2024-07-22,1003,20857,Damaged,295.33,Replaced
701138,515515,2025-12-30,1033,20935,Late delivery,238.87,Refunded
701139,515522,2024-05-09,1027,20302,Wrong item,91.08,Replaced
701140,515527,2025-02-15,1035,20265,Changed mind,585.21,Replaced
701141,515532,2024-01-04,1009,21345,Quality issue,99.73,Refunded
701142,515557,2024-06-04,1028,21501,Late delivery,246.08,Replaced
701143,515559,2025-08-16,1022,21107,Damaged,93.89,Replaced
701144,515597,2025-10-04,1029,20012,Changed mind,77.68,Replaced
701145,515613,2025-01-11,1011,21036,Damaged,251.52,Replaced
701146,515633,2024-12-17,1005,21127,Quality issue,129.27,Replaced
701147,515672,2024-09-06,1019,21340,Changed mind,332.21,Replaced
701148,515707,2023-02-15,1036,21682,Late delivery,75.34,Refunded
701149,515722,2023-02-05,1009,20697,Damaged,77.0,Refunded
701150,515743,2023-10-04,1002,22251,Damaged,131.77,Replaced
701151,515748,2025-10-19,1009,20916,Damaged,229.01,Replaced
701152,515754,2024-06-24,1001,21069,Late delivery,192.09,Refunded
701153,515771,2025-03-20,1026,20308,Changed mind,147.54,Refunded
701154,515784,2023-09-02,1007,20588,Late delivery,54.04,Replaced
701155,515812,2024-07-25,1004,21217,Damaged,655.7,Refunded
701156,515822,2024-07-30,1038,21105,Changed mind,196.58,Replaced
701157,515837,2023-02-19,1014,20843,Changed mind,225.22,Replaced
701158,515861,2023-11-17,1003,21396,Damaged,262.04,Replaced
701159,515896,2024-05-12,1035,20765,Damaged,576.99,Replaced
701160,515931,2025-08-14,1023,20122,Changed mind,89.92,Replaced
701161,515942,2023-05-04,1015,20111,Quality issue,595.05,Refunded
701162,515973,2023-05-09,1032,20710,Quality issue,578.4,Replaced
701163,515974,2025-08-06,1011,21576,Wrong item,242.8,Refunded
701164,515981,2023-07-11,1001,21081,Quality issue,232.07,Refunded
701165,515991,2024-03-11,1039,20252,Quality issue,963.12,Replaced
701166,515999,2024-07-26,1031,21894,Late delivery,835.56,Refunded
701167,516014,2025-09-13,1020,21130,Changed mind,337.29,Refunded
701168,516024,2023-08-16,1006,20993,Damaged,81.87,Replaced
701169,516041,2023-09-26,1014,20414,Changed mind,100.43,Replaced
701170,516054,2024-06-02,1006,21490,Quality issue,79.07,Refunded
701171,516065,2023-04-30,1040,20426,Changed mind,294.66,Replaced
701172,516067,2024-04-13,1014,21988,Changed mind,60.11,Refunded
701173,516071,2025-05-18,1031,22218,Late delivery,331.97,Replaced
701174,516073,2025-05-11,1006,21994,Late delivery,137.1,Refunded
701175,516081,2024-05-06,1009,20880,Quality issue,80.22,Replaced
701176,516093,2023-05-17,1012,20433,Quality issue,299.3,Refunded
701177,516141,2023-10-13,1007,21919,Changed mind,30.73,Refunded
701178,516146,2024-10-12,1002,21299,Quality issue,110.24,Refunded
701179,516169,2023-07-26,1030,21484,Damaged,68.04,Replaced
701180,516182,2023-08-13,1011,21450,Quality issue,320.69,Refunded
701181,516202,2023-03-27,1030,21752,Changed mind,79.44,Replaced
701182,516203,2025-09-07,1019,22334,Changed mind,588.8,Refunded
701183,516223,2023-09-01,1033,21493,Damaged,339.75,Replaced
701184,516237,2023-08-28,1012,20419,Wrong item,135.89,Replaced
701185,516254,2023-04-02,1034,21387,Wrong item,188.66,Refunded
701186,516276,2025-08-25,1019,20692,Quality issue,513.89,Refunded
701187,516283,2023-07-21,1016,21018,Damaged,607.29,Replaced
701188,516297,2023-12-28,1019,21579,Damaged,950.55,Refunded
701189,516298,2023-09-01,1025,21671,Damaged,255.86,Replaced
701190,516325,2024-11-02,1028,21102,Quality issue,563.77,Replaced
701191,516343,2024-08-10,1015,20567,Late delivery,800.51,Refunded
701192,516349,2025-12-09,1034,22181,Quality issue,264.17,Refunded
701193,516359,2024-02-26,1017,20664,Quality issue,460.1,Replaced
701194,516406,2025-04-07,1012,20024,Wrong item,585.03,Refunded
701195,516414,2023-04-30,1028,20129,Quality issue,219.92,Refunded
701196,516465,2023-06-28,1028,20769,Wrong item,471.93,Replaced
701197,516473,2024-12-24,1029,20877,Damaged,165.78,Replaced
701198,516504,2024-07-20,1002,21709,Damaged,95.01,Replaced
701199,516506,2024-08-25,1037,20547,Damaged,337.53,Refunded
701200,516517,2024-03-11,1006,21014,Wrong item,197.35,Refunded
701201,516532,2025-05-04,1034,21171,Quality issue,284.72,Replaced
701202,516547,2024-11-11,1017,22141,Quality issue,438.48,Refunded
701203,516554,2023-09-06,1012,20709,Quality issue,540.72,Refunded
701204,516556,2023-06-03,1025,20850,Wrong item,640.22,Replaced
701205,516557,2024-04-05,1006,20522,Late delivery,198.0,Refunded
701206,516560,2024-07-23,1039,20905,Late delivery,293.08,Refunded
701207,516577,2024-01-04,1008,20210,Wrong item,221.46,Replaced
701208,516581,2025-05-03,1010,20378,Damaged,579.56,Replaced
701209,516613,2025-06-06,1030,21094,Quality issue,63.71,Replaced
701210,516621,2023-09-06,1029,21272,Changed mind,143.59,Replaced
701211,516638,2023-06-26,1015,20439,Late delivery,1124.26,Replaced
701212,516662,2025-10-02,1016,20176,Quality issue,225.26,Refunded
701213,516683,2024-07-16,1031,20573,Damaged,325.41,Refunded
701214,516746,2025-05-18,1034,21610,Changed mind,72.99,Refunded
701215,516751,2023-03-17,1006,21468,Wrong item,95.26,Refunded
701216,516771,2025-03-05,1031,21365,Damaged,319.68,Replaced
701217,516775,2023-07-19,1012,20234,Changed mind,322.32,Replaced
701218,516789,2024-11-18,1021,22306,Wrong item,502.61,Replaced
701219,516792,2023-03-11,1012,20222,Wrong item,254.28,Refunded
701220,516795,2024-06-11,1033,22179,Late delivery,657.69,Refunded
701221,516836,2023-03-28,1002,20048,Changed mind,217.14,Replaced
701222,516873,2024-04-30,1040,21622,Wrong item,215.46,Refunded
701223,516884,2024-02-28,1008,20553,Quality issue,158.53,Refunded
701224,516890,2025-05-15,1038,22131,Changed mind,1047.35,Refunded
701225,516896,2023-01-24,1002,22492,Wrong item,212.25,Replaced
701226,516911,2023-10-05,1034,21601,Late delivery,93.83,Replaced
701227,516918,2023-04-05,1017,22465,Late delivery,206.71,Refunded
701228,516951,2025-02-02,1003,20469,Late delivery,466.27,Replaced
701229,516963,2025-08-23,1011,21447,Late delivery,629.09,Replaced
701230,516970,2025-04-19,1038,22086,Quality issue,191.63,Replaced
701231,516975,2025-03-04,1011,20761,Wrong item,1154.74,Refunded
701232,517005,2023-09-01,1038,22236,Changed mind,275.13,Refunded
701233,517006,2025-06-04,1001,21939,Late delivery,481.65,Replaced
701234,517056,2023-06-14,1038,22260,Late delivery,211.49,Replaced
701235,517065,2023-08-26,1029,22455,Quality issue,331.14,Refunded
701236,517090,2023-01-31,1012,21916,Wrong item,131.63,Refunded
701237,517105,2023-05-24,1020,21042,Wrong item,267.58,Refunded
701238,517106,2025-03-23,1017,20982,Quality issue,611.79,Refunded
701239,517109,2024-07-19,1005,20113,Wrong item,611.13,Refunded
701240,517127,2024-07-07,1008,21574,Changed mind,437.04,Refunded
701241,517138,2025-12-24,1011,20762,Changed mind,912.44,Refunded
701242,517155,2023-03-21,1034,21388,Damaged,99.4,Replaced
701243,517158,2023-05-31,1035,20012,Wrong item,97.93,Refunded
701244,517173,2023-07-27,1036,22446,Changed mind,354.92,Refunded
701245,517181,2023-04-24,1010,20249,Late delivery,969.34,Replaced
701246,517190,2024-06-05,1027,22497,Late delivery,310.4,Refunded
701247,517197,2025-06-27,1025,21219,Damaged,495.1,Refunded
701248,517198,2025-11-24,1031,21793,Wrong item,375.14,Refunded
701249,517225,2025-04-28,1019,21610,Damaged,261.31,Replaced
701250,517234,2024-03-19,1009,22053,Late delivery,83.08,Replaced
701251,517237,2023-04-02,1011,20038,Damaged,890.02,Replaced
701252,517240,2025-08-01,1022,22440,Changed mind,187.4,Refunded
701253,517265,2024-03-30,1038,20612,Wrong item,615.02,Replaced
701254,517288,2024-05-23,1032,21797,Damaged,192.08,Replaced
701255,517292,2024-03-09,1030,22035,Damaged,57.79,Replaced
701256,517300,2025-02-13,1009,21100,Wrong item,82.33,Replaced
701257,517374,2024-12-07,1033,21811,Damaged,302.89,Refunded
701258,517378,2024-01-17,1026,21715,Damaged,161.25,Replaced
701259,517384,2025-11-01,1022,22207,Wrong item,90.99,Replaced
701260,517391,2024-04-24,1018,20478,Damaged,146.91,Replaced
701261,517404,2025-01-07,1010,20096,Wrong item,892.31,Replaced
701262,517409,2023-08-25,1039,20814,Wrong item,221.45,Refunded
701263,517421,2023-06-02,1035,21024,Changed mind,106.61,Refunded
701264,517434,2023-07-03,1012,22260,Damaged,149.17,Replaced
701265,517443,2023-02-28,1034,20094,Late delivery,94.52,Refunded
701266,517446,2023-09-13,1015,22489,Wrong item,538.04,Refunded
701267,517460,2023-12-01,1020,20897,Damaged,217.66,Replaced
701268,517478,2023-11-08,1020,21329,Damaged,267.78,Replaced
701269,517482,2025-10-16,1002,20121,Wrong item,101.0,Replaced
701270,517497,2024-07-11,1001,21675,Changed mind,265.14,Replaced
701271,517558,2025-03-24,1007,20729,Changed mind,145.72,Refunded
701272,517561,2023-08-05,1031,20801,Wrong item,324.85,Replaced
701273,517578,2023-07-22,1009,21806,Quality issue,233.4,Replaced
701274,517614,2023-06-25,1029,21685,Late delivery,249.16,Refunded
701275,517661,2025-07-10,1024,20573,Late delivery,92.84,Replaced
701276,517667,2023-06-04,1027,20538,Wrong item,92.69,Replaced
701277,517685,2023-02-22,1006,20821,Late delivery,259.44,Replaced
701278,517690,2026-01-02,1012,21507,Damaged,147.05,Refunded
701279,517700,2023-06-04,1012,21351,Wrong item,240.07,Replaced
701280,517701,2026-01-22,1027,22452,Late delivery,114.1,Refunded
701281,517706,2025-09-06,1021,22047,Damaged,458.43,Refunded
701282,517712,2024-10-06,1005,20206,Damaged,301.12,Refunded
701283,517714,2023-04-25,1030,20683,Changed mind,70.83,Refunded
701284,517751,2025-08-15,1006,22023,Changed mind,95.84,Refunded
701285,517761,2024-11-04,1023,21514,Changed mind,198.28,Refunded
701286,517780,2024-12-22,1013,21055,Late delivery,770.51,Refunded
701287,517785,2025-06-13,1018,21953,Wrong item,104.91,Refunded
701288,517787,2025-03-20,1003,20616,Late delivery,541.45,Replaced
701289,517802,2024-05-22,1033,21992,Quality issue,265.82,Replaced
701290,517828,2023-03-21,1021,21931,Quality issue,241.23,Replaced
701291,517855,2025-05-23,1017,20130,Quality issue,393.97,Replaced
701292,517879,2025-10-05,1003,20642,Late delivery,296.74,Replaced
701293,517891,2023-05-22,1014,20360,Quality issue,41.54,Replaced
701294,517893,2024-08-01,1007,20563,Changed mind,119.11,Refunded
701295,517913,2024-06-14,1012,21966,Late delivery,485.84,Replaced
701296,517918,2024-09-26,1034,20438,Damaged,100.7,Replaced
701297,517925,2023-11-12,1033,21001,Changed mind,332.2,Refunded
701298,517956,2024-05-27,1021,21640,Changed mind,226.57,Replaced
701299,517957,2025-10-20,1020,21779,Changed mind,260.7,Replaced
701300,517963,2023-08-03,1002,21474,Late delivery,232.57,Refunded
701301,517973,2023-05-20,1016,20080,Changed mind,291.32,Refunded
701302,517990,2024-06-23,1014,22142,Changed mind,43.74,Replaced
701303,517998,2023-08-13,1011,21752,Changed mind,257.0,Refunded
701304,518012,2024-01-23,1036,21689,Wrong item,75.29,Replaced
701305,518032,2024-04-05,1003,21217,Wrong item,226.82,Refunded
701306,518037,2025-01-09,1022,21852,Damaged,99.96,Replaced
701307,518068,2025-12-16,1007,21515,Quality issue,30.08,Refunded
701308,518133,2025-12-29,1040,20214,Quality issue,191.77,Refunded
701309,518137,2023-10-27,1015,22374,Damaged,1009.12,Refunded
701310,518157,2024-05-28,1025,20499,Wrong item,243.57,Replaced
701311,518164,2023-03-21,1011,21505,Quality issue,239.71,Replaced
701312,518175,2023-04-24,1017,20018,Late delivery,185.41,Replaced
701313,518177,2023-12-03,1028,20840,Wrong item,882.63,Replaced
701314,518184,2024-01-06,1017,22269,Changed mind,167.19,Refunded
701315,518208,2025-04-06,1031,21975,Changed mind,823.57,Replaced
701316,518222,2024-05-26,1020,20351,Wrong item,310.5,Refunded
701317,518227,2025-10-12,1015,22464,Late delivery,1523.76,Refunded
701318,518228,2025-12-20,1016,21511,Quality issue,658.95,Refunded
701319,518236,2025-07-21,1006,21589,Late delivery,136.61,Replaced
701320,518238,2023-05-30,1024,21908,Damaged,124.78,Refunded
701321,518239,2024-04-22,1016,21280,Quality issue,510.29,Refunded
701322,518264,2025-10-03,1009,21651,Damaged,86.23,Replaced
701323,518274,2023-06-29,1024,20969,Late delivery,53.73,Refunded
701324,518290,2024-03-08,1029,22413,Damaged,278.98,Replaced
701325,518344,2023-09-30,1040,21560,Quality issue,101.3,Replaced
701326,518363,2025-04-02,1004,22486,Late delivery,343.97,Replaced
701327,518375,2024-12-08,1028,21534,Late delivery,280.27,Refunded
701328,518389,2025-07-01,1001,20404,Damaged,245.03,Replaced
701329,518398,2023-11-02,1038,20509,Quality issue,458.2,Refunded
701330,518410,2024-10-26,1038,22205,Late delivery,278.35,Replaced
701331,518439,2025-09-04,1007,22153,Wrong item,50.18,Replaced
701332,518443,2025-05-19,1006,21899,Wrong item,83.58,Replaced
701333,518446,2024-10-12,1026,21675,Quality issue,124.19,Refunded
701334,518454,2025-05-25,1026,20034,Quality issue,149.8,Refunded
701335,518466,2024-09-22,1002,21865,Changed mind,371.41,Replaced
701336,518480,2023-12-03,1029,21106,Wrong item,71.57,Refunded
701337,518496,2023-03-01,1019,21372,Damaged,964.97,Refunded
701338,518503,2023-05-27,1038,22149,Damaged,869.49,Refunded
701339,518522,2023-11-10,1032,21893,Wrong item,189.31,Refunded
701340,518535,2024-08-03,1026,20560,Damaged,118.14,Replaced
701341,518566,2025-11-04,1004,22364,Damaged,337.22,Replaced
701342,518602,2023-11-02,1017,20857,Damaged,199.49,Replaced
701343,518610,2024-08-07,1015,21885,Late delivery,252.59,Refunded
701344,518614,2025-12-24,1040,20509,Damaged,450.9,Replaced
701345,518617,2025-04-18,1025,21461,Wrong item,161.26,Replaced
701346,518639,2025-09-26,1015,22159,Damaged,676.78,Refunded
701347,518642,2024-04-28,1011,20209,Quality issue,248.96,Refunded
701348,518678,2025-05-19,1024,21488,Quality issue,57.95,Refunded
701349,518709,2025-03-07,1040,21273,Wrong item,307.65,Refunded
701350,518724,2024-12-31,1018,21166,Quality issue,106.77,Refunded
701351,518756,2024-07-15,1024,21438,Wrong item,45.75,Refunded
701352,518758,2023-09-29,1033,21102,Late delivery,355.28,Replaced
701353,518787,2023-01-13,1037,20298,Wrong item,591.66,Replaced
701354,518801,2024-12-24,1004,21373,Damaged,799.95,Replaced
701355,518824,2023-08-13,1024,21073,Late delivery,63.96,Replaced
701356,518864,2024-08-06,1018,20088,Late delivery,319.0,Replaced
701357,518897,2024-03-16,1020,21131,Changed mind,585.95,Replaced
701358,518902,2023-03-02,1035,21596,Damaged,117.75,Replaced
701359,518904,2023-12-14,1004,21018,Late delivery,262.62,Replaced
701360,518914,2024-03-29,1005,22317,Quality issue,158.67,Refunded
701361,518915,2024-09-26,1030,22199,Damaged,66.96,Refunded
701362,518922,2024-02-11,1007,21654,Damaged,22.15,Replaced
701363,518932,2025-09-29,1040,21786,Damaged,120.05,Replaced
701364,518933,2024-12-21,1018,21747,Quality issue,158.16,Refunded
701365,518947,2024-09-15,1028,20326,Wrong item,482.99,Refunded
701366,518972,2025-01-17,1037,22156,Damaged,321.48,Refunded
701367,519040,2025-05-07,1039,20436,Late delivery,372.71,Replaced
701368,519050,2024-11-24,1002,21475,Changed mind,375.09,Refunded
701369,519066,2025-04-22,1023,21275,Late delivery,52.72,Replaced
701370,519069,2024-03-11,1038,20977,Late delivery,210.58,Replaced
701371,519132,2023-11-29,1011,20478,Quality issue,825.36,Replaced
701372,519140,2023-07-17,1002,20580,Changed mind,82.38,Replaced
701373,519185,2023-11-26,1019,20585,Late delivery,501.92,Replaced
701374,519187,2025-01-26,1013,20991,Quality issue,257.54,Replaced
701375,519194,2024-10-13,1038,21099,Changed mind,232.27,Replaced
701376,519223,2024-05-19,1036,21464,Changed mind,135.3,Replaced
701377,519246,2025-02-16,1015,20377,Changed mind,341.78,Refunded
701378,519261,2024-08-19,1021,20354,Wrong item,270.3,Replaced
701379,519280,2025-03-29,1024,21640,Damaged,51.81,Replaced
701380,519284,2023-04-22,1006,20628,Quality issue,210.05,Refunded
701381,519294,2025-11-17,1003,21224,Late delivery,799.04,Refunded
701382,519295,2025-10-05,1002,20761,Late delivery,113.87,Refunded
701383,519309,2024-11-12,1024,21674,Quality issue,196.23,Replaced
701384,519312,2023-05-24,1001,20197,Damaged,199.56,Refunded
701385,519342,2024-11-07,1026,20143,Late delivery,577.75,Refunded
701386,519347,2025-10-26,1036,20494,Wrong item,186.37,Replaced
701387,519366,2025-09-29,1037,20345,Quality issue,645.68,Replaced
701388,519400,2024-07-25,1007,20533,Wrong item,65.33,Replaced
701389,519402,2024-07-20,1008,22454,Wrong item,203.3,Replaced
701390,519414,2024-05-17,1039,20393,Late delivery,1710.17,Refunded
701391,519415,2025-01-03,1005,22494,Changed mind,291.8,Refunded
701392,519422,2023-07-24,1039,21719,Wrong item,1092.58,Replaced
701393,519436,2025-03-20,1007,20808,Wrong item,58.49,Refunded
701394,519442,2024-07-07,1015,21010,Late delivery,630.82,Refunded
701395,519462,2023-11-15,1016,20926,Wrong item,335.41,Refunded
701396,519486,2023-05-26,1032,20445,Late delivery,186.68,Replaced
701397,519495,2025-12-11,1032,22455,Quality issue,169.11,Replaced
701398,519506,2023-03-15,1032,20511,Damaged,451.76,Refunded
701399,519514,2025-04-02,1018,21171,Wrong item,477.56,Refunded
701400,519523,2023-02-14,1037,20883,Quality issue,266.07,Replaced
701401,519526,2026-01-19,1020,21993,Changed mind,246.05,Replaced
701402,519550,2024-08-28,1033,22051,Wrong item,333.55,Replaced
701403,519589,2025-12-30,1024,21689,Late delivery,47.53,Refunded
701404,519616,2025-12-05,1006,22140,Late delivery,93.3,Replaced
701405,519659,2024-02-13,1011,21178,Quality issue,335.5,Refunded
701406,519671,2025-09-04,1001,21431,Damaged,205.2,Replaced
701407,519675,2024-12-17,1024,21006,Changed mind,50.86,Replaced
701408,519740,2025-11-30,1025,22455,Late delivery,514.21,Refunded
701409,519746,2023-12-07,1038,20355,Quality issue,424.55,Refunded
701410,519755,2024-02-14,1023,22010,Changed mind,40.27,Refunded
701411,519777,2025-09-06,1025,21056,Changed mind,196.57,Replaced
701412,519822,2025-06-20,1028,20932,Changed mind,193.53,Refunded
701413,519835,2025-06-14,1016,21119,Changed mind,831.85,Replaced
701414,519855,2025-10-07,1005,20989,Late delivery,165.88,Refunded
701415,519861,2024-03-01,1019,21264,Late delivery,342.07,Refunded
701416,519887,2023-11-30,1039,22443,Late delivery,889.8,Replaced
701417,519888,2023-06-25,1006,21760,Late delivery,91.57,Replaced
701418,519902,2024-08-15,1001,21118,Wrong item,241.89,Refunded
701419,519907,2025-03-11,1029,20627,Wrong item,79.42,Replaced
701420,519911,2025-04-15,1028,21037,Wrong item,240.14,Replaced
701421,519918,2023-08-14,1004,21813,Changed mind,270.63,Refunded
701422,519922,2023-09-11,1023,21431,Wrong item,31.63,Refunded
701423,519927,2025-08-08,1017,22473,Changed mind,222.61,Replaced
701424,519936,2024-08-16,1020,20612,Changed mind,311.73,Replaced
701425,519979,2024-12-11,1030,21839,Quality issue,170.12,Refunded
701426,519984,2024-06-16,1022,20308,Wrong item,64.91,Refunded
701427,519986,2025-12-01,1037,21443,Changed mind,1202.24,Refunded
701428,519996,2024-05-07,1035,20608,Damaged,131.67,Replaced
701429,520002,2025-05-25,1037,20078,Quality issue,537.11,Refunded
701430,520023,2025-05-08,1003,21296,Wrong item,605.79,Replaced
701431,520036,2025-12-14,1027,20133,Changed mind,192.67,Refunded
701432,520054,2025-07-29,1030,21593,Damaged,236.29,Replaced
701433,520074,2023-09-15,1006,21259,Wrong item,93.53,Refunded
701434,520104,2025-09-09,1026,22040,Late delivery,132.36,Replaced
701435,520153,2025-06-10,1021,20608,Wrong item,722.04,Refunded
701436,520172,2023-05-19,1001,20223,Late delivery,1009.84,Replaced
701437,520185,2024-05-13,1001,20235,Damaged,250.28,Refunded
701438,520199,2023-08-03,1037,21479,Late delivery,269.86,Replaced
701439,520205,2026-01-18,1031,20837,Wrong item,376.42,Replaced
701440,520212,2024-11-20,1032,20949,Late delivery,455.86,Replaced
701441,520217,2025-03-21,1007,20085,Late delivery,54.04,Refunded
701442,520225,2025-01-22,1037,22038,Quality issue,1419.92,Replaced
701443,520229,2023-12-19,1025,21374,Late delivery,196.1,Replaced
701444,520234,2025-04-05,1039,21114,Quality issue,923.79,Refunded
701445,520245,2024-01-20,1017,20991,Wrong item,590.84,Refunded
701446,520247,2024-04-22,1012,21572,Late delivery,250.41,Refunded
701447,520251,2025-09-16,1024,21736,Quality issue,63.24,Replaced
701448,520253,2025-09-07,1002,21456,Late delivery,123.79,Replaced
701449,520287,2024-12-04,1027,22414,Damaged,90.51,Replaced
701450,520302,2023-09-20,1036,21625,Changed mind,86.38,Replaced
701451,520307,2025-11-21,1030,20040,Late delivery,171.44,Refunded
701452,520311,2025-07-16,1022,20204,Changed mind,74.51,Replaced
701453,520317,2025-05-27,1016,22491,Quality issue,296.42,Replaced
701454,520328,2023-03-25,1039,20373,Changed mind,349.26,Refunded
701455,520336,2025-05-27,1017,20391,Late delivery,195.71,Replaced
701456,520394,2025-06-30,1026,20640,Wrong item,607.36,Refunded
701457,520420,2024-06-15,1021,22070,Damaged,243.04,Refunded
701458,520428,2024-08-25,1015,20036,Damaged,433.68,Replaced
701459,520443,2025-03-02,1010,22040,Late delivery,246.52,Replaced
701460,520450,2024-01-03,1020,20557,Wrong item,327.44,Replaced
701461,520461,2024-10-14,1004,20387,Changed mind,284.4,Replaced
701462,520463,2024-02-25,1040,22416,Quality issue,127.16,Refunded
701463,520545,2024-07-18,1038,21177,Damaged,159.03,Replaced
701464,520557,2025-12-02,1026,20508,Changed mind,128.64,Refunded
701465,520568,2024-01-02,1038,21000,Wrong item,607.15,Refunded
701466,520570,2024-02-05,1040,20296,Changed mind,111.52,Refunded
701467,520573,2024-05-03,1005,21524,Late delivery,400.41,Replaced
701468,520578,2025-04-08,1004,20827,Late delivery,224.52,Refunded
701469,520582,2024-03-25,1032,20159,Wrong item,215.99,Refunded
701470,520596,2025-12-03,1007,21915,Changed mind,145.42,Replaced
701471,520634,2024-10-18,1039,20371,Quality issue,299.24,Refunded
701472,520637,2023-07-20,1007,22279,Late delivery,28.35,Replaced
701473,520650,2023-05-17,1033,21353,Changed mind,299.41,Refunded
701474,520667,2023-11-13,1024,21178,Quality issue,93.2,Refunded
701475,520681,2023-12-22,1033,22172,Changed mind,350.07,Replaced
701476,520686,2024-12-06,1011,20957,Late delivery,239.45,Replaced
701477,520693,2023-03-12,1039,22209,Changed mind,325.85,Replaced
701478,520704,2025-11-12,1018,21956,Damaged,686.35,Replaced
701479,520734,2023-05-29,1034,21601,Damaged,105.84,Replaced
701480,520736,2023-12-11,1010,22231,Damaged,957.07,Refunded
701481,520756,2025-05-10,1030,22234,Quality issue,61.39,Refunded
701482,520759,2023-11-30,1005,20011,Damaged,297.07,Refunded
701483,520764,2024-02-06,1032,21962,Late delivery,198.47,Replaced
701484,520775,2023-12-18,1034,20834,Late delivery,166.81,Replaced
701485,520785,2023-04-03,1019,21218,Late delivery,304.1,Refunded
701486,520790,2024-08-23,1029,21131,Late delivery,89.72,Replaced
701487,520796,2024-01-16,1022,21291,Late delivery,95.18,Refunded
701488,520800,2024-03-31,1026,21942,Late delivery,145.46,Replaced
701489,520858,2023-02-15,1001,22324,Damaged,406.13,Replaced
701490,520861,2025-12-10,1006,20018,Changed mind,81.9,Replaced
701491,520867,2023-03-30,1027,21357,Late delivery,243.54,Refunded
701492,520869,2024-09-10,1003,21444,Late delivery,429.09,Replaced
701493,520891,2023-09-22,1005,20450,Wrong item,140.16,Refunded
701494,520896,2023-10-08,1036,20639,Quality issue,171.16,Replaced
701495,520928,2025-04-14,1027,22435,Wrong item,367.48,Replaced
701496,520945,2023-09-06,1038,20439,Wrong item,231.16,Replaced
701497,520959,2023-03-13,1028,21413,Wrong item,245.14,Refunded
701498,520960,2024-02-23,1009,20766,Wrong item,188.23,Replaced
701499,520970,2023-01-22,1021,21141,Changed mind,855.77,Refunded
701500,520978,2024-02-05,1005,20718,Wrong item,141.18,Replaced
701501,520995,2024-12-15,1027,21041,Quality issue,236.4,Replaced
701502,521004,2023-05-21,1032,20392,Damaged,331.96,Refunded
701503,521005,2024-03-13,1038,20394,Changed mind,263.29,Refunded
701504,521014,2024-07-30,1029,21616,Wrong item,72.18,Refunded
701505,521016,2023-05-03,1033,21897,Quality issue,313.93,Refunded
701506,521040,2024-02-16,1025,21446,Wrong item,714.38,Refunded
701507,521047,2024-01-13,1040,20762,Wrong item,90.99,Refunded
701508,521049,2023-10-13,1033,21290,Changed mind,230.42,Refunded
701509,521055,2025-10-04,1034,21231,Damaged,84.25,Replaced
701510,521071,2023-06-25,1040,21666,Late delivery,92.02,Replaced
701511,521075,2025-07-28,1021,20483,Changed mind,219.79,Refunded
701512,521086,2024-01-13,1002,21466,Changed mind,104.34,Refunded
701513,521089,2024-02-22,1021,21071,Quality issue,232.88,Refunded
701514,521112,2023-02-18,1033,20220,Damaged,228.76,Replaced
701515,521126,2023-06-17,1039,21947,Changed mind,543.59,Refunded
701516,521135,2024-03-20,1024,22449,Changed mind,53.99,Replaced
701517,521155,2023-10-17,1034,21861,Late delivery,97.62,Replaced
701518,521159,2023-08-29,1021,20236,Late delivery,1037.99,Refunded
701519,521163,2025-02-07,1014,22481,Late delivery,40.63,Replaced
701520,521190,2025-03-26,1035,21250,Changed mind,118.85,Refunded
701521,521206,2025-10-15,1013,22066,Quality issue,321.11,Refunded
701522,521237,2024-11-28,1037,21870,Quality issue,368.4,Refunded
701523,521273,2023-08-27,1017,21139,Late delivery,616.74,Refunded
701524,521275,2024-09-12,1023,21947,Late delivery,96.28,Refunded
701525,521313,2025-11-20,1025,21948,Late delivery,408.95,Refunded
701526,521346,2024-10-23,1026,22364,Quality issue,156.98,Refunded
701527,521361,2023-03-24,1017,20310,Late delivery,146.47,Refunded
701528,521364,2025-01-12,1014,20297,Late delivery,109.08,Refunded
701529,521370,2025-07-12,1022,21141,Damaged,305.82,Replaced
701530,521373,2025-10-07,1038,22387,Quality issue,555.58,Refunded
701531,521380,2025-09-29,1030,22260,Quality issue,304.28,Refunded
701532,521408,2023-09-09,1034,20526,Late delivery,93.63,Refunded
701533,521418,2023-10-02,1009,21262,Damaged,237.7,Replaced
701534,521447,2024-08-31,1040,21097,Late delivery,244.34,Replaced
701535,521462,2025-12-11,1036,20052,Damaged,79.12,Replaced
701536,521479,2023-05-16,1016,20236,Wrong item,480.75,Replaced
701537,521491,2023-07-25,1039,20459,Wrong item,316.43,Refunded
701538,521493,2025-08-17,1026,21626,Damaged,124.77,Replaced
701539,521497,2023-03-14,1008,21246,Late delivery,526.47,Replaced
701540,521541,2023-02-03,1017,20488,Wrong item,388.56,Refunded
701541,521555,2024-04-27,1016,21681,Wrong item,681.32,Replaced
701542,521589,2023-06-20,1018,22186,Changed mind,282.13,Refunded
701543,521601,2023-05-10,1037,22413,Late delivery,1215.9,Refunded
701544,521607,2023-01-18,1034,20055,Quality issue,172.03,Refunded
701545,521621,2025-05-03,1005,20787,Wrong item,166.51,Refunded
701546,521634,2024-07-09,1026,22472,Late delivery,102.5,Refunded
701547,521641,2025-08-16,1022,21138,Damaged,221.65,Refunded
701548,521645,2023-08-02,1026,20131,Wrong item,118.38,Replaced
701549,521653,2025-03-06,1033,21237,Wrong item,262.15,Replaced
701550,521674,2023-10-18,1029,21397,Damaged,109.47,Replaced
701551,521676,2023-07-05,1010,20338,Damaged,258.93,Replaced
701552,521680,2024-05-16,1001,21354,Damaged,230.0,Refunded
701553,521698,2025-04-20,1031,21847,Late delivery,329.97,Replaced
701554,521705,2023-07-13,1028,20652,Quality issue,261.77,Replaced
701555,521734,2024-12-13,1013,21057,Late delivery,1016.89,Refunded
701556,521735,2024-12-08,1012,22113,Quality issue,288.57,Refunded
701557,521741,2024-11-11,1033,20354,Late delivery,304.66,Replaced
701558,521756,2024-09-23,1012,20925,Changed mind,631.26,Refunded
701559,521759,2025-01-26,1029,21901,Changed mind,314.61,Refunded
701560,521784,2025-07-15,1009,22407,Wrong item,206.18,Refunded
701561,521809,2024-01-13,1021,21888,Changed mind,269.72,Replaced
701562,521815,2025-05-30,1012,21167,Wrong item,109.78,Replaced
701563,521821,2023-02-05,1009,21934,Late delivery,201.33,Refunded
701564,521823,2025-10-20,1011,22231,Quality issue,201.6,Replaced
701565,521847,2023-06-19,1035,22445,Changed mind,136.37,Replaced
701566,521865,2024-02-03,1024,21780,Changed mind,100.07,Replaced
701567,521868,2025-05-29,1035,21751,Damaged,616.44,Refunded
701568,521926,2026-01-22,1029,20452,Damaged,91.6,Replaced
701569,521943,2023-04-16,1027,20298,Quality issue,109.83,Refunded
701570,521961,2025-11-07,1032,22479,Late delivery,185.28,Replaced
701571,521983,2024-01-07,1032,22444,Wrong item,686.06,Refunded
701572,522009,2024-11-27,1023,20717,Damaged,41.78,Replaced
701573,522015,2025-05-09,1039,20036,Late delivery,383.66,Refunded
701574,522029,2025-12-04,1019,20417,Late delivery,1288.34,Refunded
701575,522043,2025-04-25,1039,22342,Damaged,296.98,Replaced
701576,522079,2023-05-09,1023,20607,Late delivery,40.85,Replaced
701577,522086,2024-01-13,1036,22202,Changed mind,99.12,Refunded
701578,522110,2024-05-28,1012,20720,Quality issue,218.77,Replaced
701579,522134,2023-08-23,1019,22320,Changed mind,297.38,Refunded
701580,522142,2024-03-07,1001,20299,Damaged,198.13,Refunded
701581,522156,2023-05-17,1003,21901,Late delivery,227.01,Replaced
701582,522169,2023-12-24,1014,22343,Damaged,40.52,Replaced
701583,522172,2023-09-10,1026,20122,Damaged,141.36,Replaced
701584,522206,2025-05-29,1028,21835,Late delivery,203.0,Replaced
701585,522216,2025-07-05,1013,20849,Late delivery,642.75,Refunded
701586,522237,2023-04-30,1015,20959,Late delivery,347.22,Refunded
701587,522245,2024-10-10,1040,20448,Quality issue,85.32,Refunded
701588,522247,2024-09-03,1019,21742,Changed mind,299.75,Replaced
701589,522257,2024-09-12,1026,21640,Late delivery,676.39,Replaced
701590,522268,2024-02-20,1024,20710,Quality issue,82.58,Refunded
701591,522274,2024-09-02,1030,21781,Damaged,83.93,Replaced
701592,522280,2025-05-15,1030,20924,Changed mind,56.17,Replaced
701593,522290,2023-04-03,1003,20373,Late delivery,502.37,Refunded
701594,522291,2024-01-22,1027,20414,Changed mind,185.4,Refunded
701595,522293,2024-06-27,1037,21483,Late delivery,1081.19,Replaced
701596,522294,2024-02-22,1013,21164,Wrong item,295.05,Replaced
701597,522307,2024-05-14,1029,20773,Late delivery,79.08,Replaced
701598,522312,2023-10-10,1004,20971,Wrong item,276.73,Refunded
701599,522317,2023-04-06,1008,22170,Quality issue,254.18,Replaced
701600,522318,2023-09-06,1010,22468,Wrong item,542.57,Refunded
701601,522336,2025-10-18,1009,20120,Damaged,200.85,Refunded
701602,522369,2025-03-31,1035,21098,Quality issue,109.39,Replaced
701603,522396,2024-06-22,1009,20076,Damaged,95.92,Refunded
701604,522427,2025-07-07,1028,21690,Late delivery,164.61,Replaced
701605,522434,2024-09-08,1039,20439,Damaged,1781.36,Refunded
701606,522441,2025-01-22,1039,20578,Late delivery,662.6,Replaced
701607,522451,2023-03-22,1008,20796,Damaged,479.04,Replaced
701608,522457,2024-02-01,1031,21905,Wrong item,361.32,Replaced
701609,522470,2023-03-23,1003,21645,Changed mind,532.12,Refunded
701610,522533,2024-12-10,1021,21081,Damaged,741.9,Replaced
701611,522541,2024-12-04,1019,20445,Late delivery,795.65,Refunded
701612,522548,2025-06-10,1022,20358,Quality issue,82.34,Refunded
701613,522599,2025-03-06,1002,20088,Damaged,101.89,Replaced
701614,522618,2023-06-08,1016,22273,Late delivery,318.36,Refunded
701615,522648,2024-09-21,1009,20683,Late delivery,105.77,Refunded
701616,522656,2023-09-23,1015,21955,Damaged,311.52,Replaced
701617,522670,2026-01-09,1001,21663,Wrong item,560.71,Refunded
701618,522685,2023-08-05,1032,20873,Late delivery,445.84,Replaced
701619,522698,2023-10-18,1019,21325,Wrong item,311.53,Replaced
701620,522728,2023-11-09,1034,20720,Changed mind,189.42,Replaced
701621,522735,2023-05-03,1020,21392,Wrong item,1053.47,Replaced
701622,522738,2023-02-05,1013,22289,Late delivery,295.61,Refunded
701623,522756,2024-09-04,1001,22039,Changed mind,491.09,Refunded
701624,522765,2024-12-04,1019,20133,Late delivery,280.32,Replaced
701625,522780,2023-12-31,1022,20696,Damaged,172.84,Refunded
701626,522793,2025-11-06,1019,20574,Changed mind,282.84,Refunded
701627,522826,2024-06-18,1017,20901,Changed mind,360.18,Replaced
701628,522856,2024-04-21,1037,22344,Changed mind,301.42,Replaced
701629,522868,2025-04-16,1030,20174,Changed mind,145.13,Refunded
701630,522872,2023-08-05,1016,20115,Damaged,589.47,Replaced
701631,522878,2023-09-23,1013,21767,Late delivery,1530.34,Refunded
701632,522891,2023-03-19,1037,22001,Quality issue,289.47,Refunded
701633,522908,2023-01-28,1018,22340,Late delivery,269.48,Replaced
701634,522921,2025-03-04,1027,21849,Wrong item,421.33,Refunded
701635,522927,2024-05-21,1037,21349,Damaged,316.5,Replaced
701636,522930,2024-09-10,1018,21935,Wrong item,148.05,Refunded
701637,522963,2023-07-14,1018,20282,Late delivery,344.93,Replaced
701638,522991,2024-04-02,1010,20224,Late delivery,241.53,Refunded
701639,522993,2023-03-01,1030,21021,Quality issue,81.52,Refunded
701640,523003,2024-10-31,1013,20172,Wrong item,332.02,Replaced
701641,523028,2024-09-07,1020,20599,Wrong item,698.81,Replaced
701642,523031,2024-05-23,1036,22300,Quality issue,406.78,Replaced
701643,523044,2024-06-30,1016,22268,Changed mind,1162.28,Refunded
701644,523069,2023-07-01,1024,21657,Changed mind,136.64,Replaced
701645,523089,2023-03-12,1011,21174,Late delivery,258.05,Replaced
701646,523104,2023-11-12,1010,20880,Wrong item,575.18,Replaced
701647,523118,2024-11-15,1004,21407,Wrong item,276.65,Replaced
701648,523134,2025-10-14,1016,20242,Wrong item,245.62,Refunded
701649,523169,2025-12-02,1016,21887,Damaged,266.75,Refunded
701650,523187,2024-12-03,1019,22180,Damaged,747.57,Refunded
701651,523205,2023-06-28,1011,21187,Late delivery,247.12,Replaced
701652,523210,2024-07-21,1034,20877,Damaged,77.95,Refunded
701653,523243,2025-10-27,1027,20612,Damaged,95.76,Replaced
701654,523244,2025-09-11,1034,21469,Wrong item,102.81,Replaced
701655,523247,2024-07-22,1001,21627,Late delivery,767.56,Refunded
701656,523265,2024-08-19,1024,20556,Late delivery,58.36,Replaced
701657,523269,2023-08-29,1028,21856,Damaged,245.22,Replaced
701658,523271,2023-07-07,1034,22387,Quality issue,167.41,Refunded
701659,523321,2024-08-17,1032,21780,Quality issue,222.68,Replaced
701660,523344,2025-11-30,1017,21192,Late delivery,164.38,Refunded
701661,523348,2024-06-05,1029,20926,Damaged,137.43,Replaced
701662,523352,2024-07-16,1020,20848,Damaged,288.59,Replaced
701663,523358,2024-06-10,1032,22084,Quality issue,172.31,Replaced
701664,523367,2023-04-15,1016,21403,Quality issue,296.83,Replaced
701665,523377,2023-09-27,1023,20746,Damaged,50.63,Replaced
701666,523380,2024-03-06,1027,20366,Changed mind,90.09,Replaced
701667,523383,2024-05-21,1030,21077,Damaged,202.35,Replaced
701668,523386,2024-05-03,1018,20027,Quality issue,266.89,Refunded
701669,523405,2023-04-25,1026,20069,Changed mind,142.41,Replaced
701670,523415,2025-01-22,1040,20255,Quality issue,91.18,Refunded
701671,523439,2024-08-25,1003,21892,Late delivery,265.81,Refunded
701672,523476,2025-10-15,1012,20032,Quality issue,277.87,Replaced
701673,523500,2023-10-11,1026,20811,Wrong item,161.32,Replaced
701674,523505,2024-06-23,1006,20591,Wrong item,158.66,Replaced
701675,523521,2023-03-11,1035,20801,Changed mind,139.27,Refunded
701676,523523,2024-11-09,1013,21820,Late delivery,387.24,Refunded
701677,523539,2023-03-04,1005,21218,Quality issue,139.4,Refunded
701678,523592,2025-03-02,1035,21647,Damaged,136.02,Replaced
701679,523612,2024-09-01,1025,22293,Wrong item,255.05,Replaced
701680,523613,2023-07-01,1024,20751,Wrong item,123.89,Replaced
701681,523618,2025-07-28,1038,20904,Late delivery,224.81,Refunded
701682,523657,2025-03-12,1040,20708,Wrong item,245.48,Refunded
701683,523662,2024-11-19,1040,22151,Quality issue,257.5,Refunded
701684,523665,2023-04-23,1039,21400,Damaged,339.16,Replaced
701685,523666,2023-05-06,1006,21512,Wrong item,226.42,Replaced
701686,523681,2023-04-24,1005,22350,Late delivery,175.75,Refunded
701687,523690,2024-12-12,1012,20833,Changed mind,134.42,Refunded
701688,523695,2023-04-02,1013,22269,Wrong item,696.72,Refunded
701689,523722,2024-08-03,1035,21949,Quality issue,104.99,Replaced
701690,523728,2025-11-18,1017,21040,Wrong item,187.25,Replaced
701691,523747,2024-06-13,1023,21040,Late delivery,43.54,Refunded
701692,523777,2025-02-13,1025,20251,Damaged,516.7,Replaced
701693,523799,2023-02-04,1024,21751,Quality issue,118.5,Replaced
701694,523812,2023-06-07,1040,20659,Changed mind,112.08,Replaced
701695,523830,2025-02-24,1010,21187,Quality issue,673.82,Refunded
701696,523844,2024-03-27,1028,22493,Damaged,208.68,Refunded
701697,523859,2024-08-17,1001,20111,Damaged,228.96,Refunded
701698,523889,2025-02-25,1004,20350,Changed mind,277.96,Replaced
701699,523914,2023-04-28,1024,20269,Wrong item,115.68,Refunded
701700,523916,2024-01-23,1037,21633,Quality issue,1315.61,Refunded
701701,523920,2025-11-07,1019,22400,Late delivery,252.01,Replaced
701702,523925,2023-03-03,1002,20984,Damaged,108.88,Refunded
701703,523948,2025-06-07,1003,22189,Quality issue,234.01,Replaced
701704,523988,2025-02-04,1004,20792,Late delivery,751.7,Replaced
701705,524051,2024-03-13,1030,21132,Quality issue,156.47,Replaced
701706,524053,2024-06-05,1007,22000,Changed mind,21.49,Replaced
701707,524087,2024-01-21,1007,21100,Quality issue,126.72,Replaced
701708,524088,2025-12-08,1030,21163,Changed mind,237.09,Replaced
701709,524096,2024-07-04,1021,20195,Late delivery,906.83,Refunded
701710,524100,2024-05-08,1017,22339,Quality issue,174.47,Replaced
701711,524103,2025-10-20,1033,22412,Wrong item,940.94,Refunded
701712,524130,2025-02-14,1029,21034,Wrong item,69.99,Refunded
701713,524163,2025-10-29,1020,21518,Wrong item,595.45,Refunded
701714,524178,2023-01-21,1018,22125,Damaged,158.78,Refunded
701715,524189,2023-09-11,1028,21270,Late delivery,228.42,Refunded
701716,524210,2024-01-30,1017,20250,Changed mind,402.78,Refunded
701717,524218,2024-07-08,1008,20919,Damaged,668.08,Refunded
701718,524221,2023-08-10,1003,21547,Changed mind,235.89,Refunded
701719,524228,2023-09-30,1026,21253,Quality issue,149.1,Replaced
701720,524236,2024-10-18,1004,22166,Quality issue,297.14,Refunded
701721,524241,2025-12-13,1005,22442,Damaged,170.06,Replaced
701722,524264,2023-04-14,1001,21830,Changed mind,218.1,Replaced
701723,524274,2025-11-21,1018,20826,Damaged,275.58,Replaced
701724,524353,2024-12-09,1038,20139,Quality issue,268.97,Refunded
701725,524378,2024-12-19,1024,21271,Late delivery,62.71,Refunded
701726,524404,2023-06-21,1030,21016,Wrong item,82.99,Replaced
701727,524416,2024-11-11,1020,22248,Damaged,256.45,Refunded
701728,524465,2025-01-08,1016,20257,Quality issue,316.4,Replaced
701729,524470,2024-11-16,1035,20002,Quality issue,99.68,Replaced
701730,524485,2023-06-20,1011,20599,Damaged,1158.56,Replaced
701731,524491,2023-07-16,1029,20607,Changed mind,327.06,Refunded
701732,524494,2024-07-20,1008,22036,Changed mind,198.23,Refunded
701733,524543,2025-10-27,1021,22405,Late delivery,214.35,Replaced
701734,524544,2023-11-08,1009,20847,Late delivery,90.5,Replaced
701735,524559,2024-12-09,1017,20255,Late delivery,221.74,Refunded
701736,524562,2024-10-11,1029,21132,Damaged,235.03,Refunded
701737,524569,2023-08-23,1013,21487,Quality issue,1195.83,Replaced
701738,524574,2024-08-30,1038,21253,Quality issue,194.66,Replaced
701739,524586,2024-11-06,1017,21198,Damaged,184.77,Replaced
701740,524600,2024-12-24,1023,20070,Damaged,34.02,Replaced
701741,524618,2023-08-27,1010,20942,Wrong item,254.15,Replaced
701742,524620,2023-12-03,1040,21765,Damaged,206.72,Refunded
701743,524634,2024-02-27,1012,22002,Late delivery,123.69,Refunded
701744,524658,2025-08-27,1002,22455,Late delivery,216.52,Replaced
701745,524699,2023-06-01,1032,20711,Late delivery,427.3,Refunded
701746,524734,2025-02-27,1039,20457,Late delivery,331.27,Replaced
701747,524763,2025-11-04,1031,22331,Late delivery,381.35,Refunded
701748,524779,2023-08-09,1010,22305,Quality issue,241.55,Refunded
701749,524806,2023-08-29,1040,21997,Damaged,452.68,Refunded
701750,524855,2025-11-28,1020,20365,Quality issue,318.46,Replaced
701751,524860,2024-04-16,1011,21728,Wrong item,988.91,Replaced
701752,524872,2023-07-19,1013,20460,Damaged,918.11,Refunded
701753,524909,2024-05-06,1006,21887,Late delivery,78.39,Replaced
701754,524916,2024-02-05,1011,21172,Late delivery,275.95,Refunded
701755,524924,2025-09-20,1009,21629,Late delivery,159.44,Refunded
701756,524925,2024-05-21,1026,21685,Quality issue,308.57,Replaced
701757,524929,2024-09-14,1034,21557,Changed mind,89.79,Replaced
701758,524953,2024-05-24,1016,20642,Late delivery,1161.16,Refunded
701759,524955,2024-02-24,1003,20499,Damaged,494.98,Refunded
701760,525008,2023-10-29,1037,22274,Changed mind,654.28,Replaced
701761,525023,2023-07-20,1029,22438,Quality issue,80.52,Replaced
701762,525049,2023-02-17,1028,22290,Quality issue,966.43,Replaced
701763,525051,2023-05-07,1036,21884,Wrong item,168.24,Refunded
701764,525054,2024-02-19,1025,20642,Changed mind,268.01,Refunded
701765,525057,2024-09-20,1025,21953,Changed mind,527.95,Replaced
701766,525064,2025-08-30,1004,20350,Changed mind,291.98,Replaced
701767,525074,2024-10-19,1022,21578,Quality issue,94.19,Refunded
701768,525078,2025-09-04,1010,20243,Late delivery,505.6,Replaced
701769,525086,2025-02-18,1009,20236,Changed mind,88.07,Refunded
701770,525121,2023-02-12,1005,20959,Changed mind,162.15,Replaced
701771,525153,2023-06-20,1027,20523,Damaged,77.31,Replaced
701772,525159,2023-10-25,1022,21865,Late delivery,279.88,Replaced
701773,525165,2023-07-23,1019,20446,Quality issue,253.84,Replaced
701774,525202,2024-04-03,1008,20211,Changed mind,185.13,Refunded
701775,525205,2024-10-14,1016,21378,Damaged,667.31,Replaced
701776,525237,2023-10-07,1010,21708,Damaged,610.89,Replaced
701777,525255,2025-06-09,1036,21518,Late delivery,196.83,Refunded
701778,525281,2023-07-08,1017,21435,Damaged,467.11,Replaced
701779,525284,2023-02-17,1010,20468,Wrong item,998.23,Replaced
701780,525319,2024-05-21,1040,20453,Wrong item,106.45,Refunded
701781,525329,2024-03-02,1025,20522,Changed mind,243.5,Refunded
701782,525334,2024-10-02,1025,21975,Wrong item,185.08,Refunded
701783,525359,2025-12-24,1025,21438,Quality issue,755.39,Refunded
701784,525368,2023-04-05,1003,22016,Wrong item,299.82,Refunded
701785,525374,2025-11-30,1015,22287,Changed mind,1499.76,Replaced
701786,525468,2024-03-18,1039,20895,Late delivery,280.1,Replaced
701787,525486,2024-06-08,1033,22077,Damaged,529.97,Refunded
701788,525492,2025-03-19,1030,22299,Quality issue,127.83,Refunded
701789,525499,2024-05-21,1039,20471,Quality issue,289.82,Replaced
701790,525503,2024-03-08,1022,22179,Quality issue,165.75,Replaced
701791,525537,2024-05-28,1017,20492,Damaged,221.65,Replaced
701792,525544,2024-06-16,1019,21091,Quality issue,902.72,Replaced
701793,525563,2023-03-11,1039,22160,Quality issue,1258.59,Refunded
701794,525585,2024-04-09,1013,22037,Late delivery,596.47,Refunded
701795,525590,2024-04-17,1004,22448,Changed mind,321.88,Replaced
701796,525598,2023-03-14,1020,21625,Late delivery,329.45,Replaced
701797,525616,2023-04-11,1007,21643,Changed mind,32.17,Refunded
701798,525641,2023-10-19,1022,22155,Quality issue,88.19,Replaced
701799,525654,2025-08-18,1025,22028,Quality issue,234.41,Refunded
701800,525665,2023-07-08,1025,20143,Late delivery,573.4,Replaced
701801,525666,2023-07-03,1005,20481,Quality issue,146.84,Refunded
701802,525668,2025-09-03,1009,21623,Quality issue,81.18,Replaced
701803,525673,2024-08-04,1003,22437,Late delivery,273.4,Replaced
701804,525721,2024-05-02,1021,22335,Changed mind,722.69,Replaced
701805,525741,2024-10-10,1014,21831,Damaged,91.2,Replaced
701806,525757,2023-12-10,1025,20195,Quality issue,605.92,Replaced
701807,525807,2024-11-06,1007,20487,Late delivery,120.61,Refunded
701808,525816,2023-05-19,1036,20445,Late delivery,84.82,Refunded
701809,525836,2023-10-12,1033,22335,Damaged,260.14,Refunded
701810,525837,2025-08-04,1026,22147,Changed mind,148.62,Replaced
701811,525842,2024-11-29,1039,20973,Quality issue,941.01,Refunded
701812,525853,2023-01-23,1027,20150,Wrong item,99.05,Replaced
701813,525868,2023-08-15,1038,21628,Damaged,238.33,Refunded
701814,525881,2024-12-18,1004,20691,Quality issue,363.01,Replaced
701815,525883,2024-05-26,1029,22119,Changed mind,61.17,Replaced
701816,525893,2024-10-07,1008,22235,Late delivery,415.46,Refunded
701817,525898,2025-04-10,1024,20217,Wrong item,52.56,Refunded
701818,525915,2025-06-15,1026,20068,Wrong item,134.08,Refunded
701819,525926,2025-02-05,1029,22024,Damaged,74.14,Replaced
701820,525941,2025-03-08,1002,21115,Quality issue,339.77,Replaced
701821,525953,2024-08-31,1025,21923,Damaged,184.11,Replaced
701822,525962,2023-01-17,1028,20159,Changed mind,212.06,Refunded
701823,525967,2025-07-15,1017,20760,Quality issue,146.49,Refunded
701824,526010,2023-10-31,1010,22152,Quality issue,212.63,Replaced
701825,526056,2025-05-25,1015,20396,Damaged,338.71,Refunded
701826,526079,2023-07-24,1012,21241,Quality issue,114.11,Replaced
701827,526106,2023-09-27,1010,21361,Quality issue,322.19,Refunded
701828,526127,2025-04-09,1032,20361,Damaged,354.98,Replaced
701829,526130,2024-02-24,1005,20382,Late delivery,244.55,Replaced
701830,526141,2023-09-04,1007,21237,Quality issue,27.47,Replaced
701831,526161,2025-11-29,1027,21181,Late delivery,116.7,Replaced
701832,526162,2024-10-15,1001,21083,Damaged,203.33,Replaced
701833,526163,2024-09-15,1010,21787,Wrong item,267.09,Replaced
701834,526170,2023-01-24,1029,22149,Changed mind,413.93,Refunded
701835,526176,2024-06-26,1037,21099,Changed mind,259.77,Replaced
701836,526194,2023-11-02,1006,21119,Changed mind,69.8,Refunded
701837,526223,2023-06-26,1025,20871,Wrong item,195.58,Refunded
701838,526265,2025-02-21,1021,21143,Quality issue,218.46,Refunded
701839,526274,2025-03-24,1040,22472,Late delivery,83.36,Refunded
701840,526323,2025-05-20,1023,20647,Quality issue,142.01,Replaced
701841,526348,2023-02-13,1009,21481,Changed mind,314.21,Replaced
701842,526375,2024-07-15,1028,20477,Wrong item,267.04,Refunded
701843,526379,2024-05-09,1004,21275,Changed mind,487.79,Replaced
701844,526393,2024-09-28,1034,21554,Damaged,278.79,Refunded
701845,526401,2025-09-25,1006,20677,Damaged,87.97,Refunded
701846,526412,2025-05-25,1026,21682,Changed mind,156.59,Refunded
701847,526427,2023-04-05,1029,21286,Late delivery,62.27,Refunded
701848,526443,2026-01-12,1040,21808,Changed mind,122.16,Replaced
701849,526464,2023-11-13,1037,21359,Late delivery,309.51,Replaced
701850,526466,2023-02-15,1012,21798,Late delivery,286.29,Replaced
701851,526477,2025-01-17,1009,21594,Wrong item,271.74,Refunded
701852,526479,2024-09-29,1030,21334,Wrong item,56.56,Replaced
701853,526491,2023-06-01,1014,21146,Quality issue,49.29,Replaced
701854,526493,2023-04-08,1034,22102,Damaged,82.93,Refunded
701855,526496,2023-08-31,1035,21407,Changed mind,357.22,Replaced
701856,526518,2023-10-30,1013,20843,Wrong item,1630.14,Replaced
701857,526551,2024-03-16,1010,20577,Quality issue,277.09,Replaced
701858,526565,2024-04-05,1005,21799,Changed mind,384.61,Replaced
701859,526572,2023-07-03,1016,21207,Damaged,235.93,Replaced
701860,526575,2025-05-31,1002,21707,Wrong item,194.94,Refunded
701861,526579,2025-12-25,1007,21442,Quality issue,21.6,Refunded
701862,526593,2025-08-26,1038,20430,Damaged,495.04,Replaced
701863,526618,2024-10-19,1011,21980,Late delivery,628.49,Refunded
701864,526641,2023-11-19,1010,20070,Changed mind,223.38,Replaced
701865,526644,2023-10-29,1005,21085,Wrong item,734.46,Replaced
701866,526660,2024-10-31,1014,20554,Late delivery,57.73,Refunded
701867,526678,2026-01-11,1026,20172,Late delivery,145.35,Replaced
701868,526707,2023-03-14,1015,22076,Damaged,254.84,Replaced
701869,526708,2024-08-10,1028,20023,Quality issue,790.17,Refunded
701870,526711,2023-05-13,1037,20663,Changed mind,301.95,Replaced
701871,526715,2025-04-14,1007,21294,Damaged,65.75,Refunded
701872,526732,2024-05-12,1035,21387,Late delivery,341.89,Refunded
701873,526741,2023-11-14,1023,22085,Wrong item,44.03,Replaced
701874,526757,2024-12-06,1026,22212,Quality issue,151.77,Replaced
701875,526761,2023-04-24,1038,22293,Late delivery,185.57,Replaced
701876,526763,2025-06-01,1031,20479,Quality issue,283.2,Refunded
701877,526766,2024-09-16,1017,21480,Wrong item,204.63,Refunded
701878,526779,2026-01-14,1010,20421,Quality issue,616.16,Replaced
701879,526792,2023-10-09,1015,20771,Wrong item,804.56,Replaced
701880,526864,2025-08-22,1021,21516,Late delivery,218.6,Replaced
701881,526867,2024-10-31,1005,21413,Wrong item,160.82,Refunded
701882,526868,2025-12-11,1037,21580,Late delivery,222.29,Replaced
701883,526892,2023-02-23,1029,21623,Quality issue,66.24,Refunded
701884,526931,2025-12-17,1009,20566,Wrong item,147.46,Replaced
701885,526945,2025-12-10,1039,21306,Wrong item,571.89,Refunded
701886,526954,2025-11-20,1002,21927,Quality issue,250.99,Refunded
701887,526959,2025-04-10,1012,20382,Damaged,121.63,Replaced
701888,526961,2025-03-30,1005,20320,Quality issue,167.32,Replaced
701889,526965,2023-02-08,1030,21514,Changed mind,71.03,Replaced
701890,526969,2025-12-13,1005,22123,Changed mind,133.72,Refunded
701891,527001,2023-03-27,1001,22248,Wrong item,204.52,Refunded
701892,527006,2023-07-21,1019,20188,Damaged,242.15,Refunded
701893,527017,2024-12-11,1030,20705,Late delivery,213.97,Refunded
701894,527032,2024-05-05,1002,21294,Damaged,259.98,Replaced
701895,527052,2024-06-24,1007,21876,Changed mind,27.7,Replaced
701896,527054,2024-03-22,1005,21399,Late delivery,159.0,Refunded
701897,527067,2025-11-15,1018,21427,Changed mind,127.55,Replaced
701898,527112,2024-04-19,1003,20566,Quality issue,182.77,Replaced
701899,527119,2023-03-24,1032,20323,Late delivery,235.47,Refunded
701900,527150,2024-07-12,1038,20433,Quality issue,446.45,Replaced
701901,527173,2023-03-25,1010,21128,Damaged,266.17,Replaced
701902,527185,2024-02-29,1031,22087,Quality issue,838.17,Refunded
701903,527190,2024-11-06,1023,21833,Quality issue,84.27,Refunded
701904,527231,2023-06-24,1012,21032,Damaged,399.6,Refunded
701905,527256,2024-12-29,1030,22418,Damaged,67.3,Refunded
701906,527304,2025-07-31,1020,22103,Wrong item,275.72,Refunded
701907,527354,2024-02-29,1024,20892,Wrong item,50.73,Refunded
701908,527357,2024-04-30,1012,20749,Late delivery,417.19,Refunded
701909,527375,2025-07-04,1037,22455,Wrong item,1409.88,Refunded
701910,527384,2024-10-25,1023,20353,Quality issue,190.13,Replaced
701911,527395,2025-03-28,1026,21855,Damaged,208.01,Refunded
701912,527398,2023-08-30,1019,21418,Changed mind,337.2,Replaced
701913,527402,2025-11-25,1021,21122,Quality issue,414.86,Replaced
701914,527405,2024-11-03,1016,22133,Wrong item,320.0,Replaced
701915,527409,2025-06-22,1035,20074,Quality issue,538.33,Replaced
701916,527421,2025-11-22,1021,20108,Quality issue,754.61,Replaced
701917,527437,2024-02-10,1008,20681,Damaged,232.84,Refunded
701918,527438,2023-09-04,1025,22490,Late delivery,237.19,Replaced
701919,527456,2023-12-20,1014,22019,Changed mind,149.49,Replaced
701920,527500,2024-12-20,1025,22012,Wrong item,197.03,Replaced
701921,527504,2025-09-03,1036,20355,Wrong item,72.23,Refunded
701922,527519,2024-09-01,1008,21608,Wrong item,195.36,Refunded
701923,527539,2025-04-19,1019,20258,Quality issue,346.13,Refunded
701924,527559,2024-03-28,1030,20839,Changed mind,161.37,Refunded
701925,527567,2025-07-17,1017,21645,Damaged,219.27,Replaced
701926,527574,2025-09-07,1005,21121,Changed mind,830.58,Replaced
701927,527586,2026-01-14,1012,22143,Damaged,115.03,Replaced
701928,527610,2023-12-12,1012,20049,Quality issue,314.16,Replaced
701929,527614,2025-05-08,1011,21239,Damaged,859.07,Replaced
701930,527618,2025-04-02,1012,22499,Late delivery,280.93,Replaced
701931,527639,2024-04-05,1010,20395,Damaged,298.3,Replaced
701932,527664,2025-05-23,1001,20924,Quality issue,593.13,Refunded
701933,527676,2025-02-25,1038,20455,Damaged,1075.9,Replaced
701934,527693,2023-07-08,1040,21680,Quality issue,235.28,Replaced
701935,527702,2024-01-23,1033,20775,Wrong item,332.83,Replaced
701936,527708,2024-01-03,1009,22261,Changed mind,136.16,Refunded
701937,527712,2025-11-22,1022,20865,Damaged,102.56,Replaced
701938,527736,2024-10-01,1033,20809,Quality issue,277.48,Replaced
701939,527739,2023-05-06,1040,21302,Quality issue,103.69,Refunded
701940,527746,2025-06-29,1005,20619,Quality issue,182.33,Replaced
701941,527751,2025-07-21,1037,20960,Changed mind,349.08,Replaced
701942,527759,2025-04-24,1017,21609,Wrong item,193.05,Refunded
701943,527799,2023-04-18,1022,20571,Late delivery,82.64,Refunded
701944,527800,2025-10-29,1023,20637,Late delivery,39.0,Replaced
701945,527805,2025-01-23,1036,22140,Late delivery,78.61,Replaced
701946,527830,2024-04-29,1010,22336,Quality issue,296.89,Refunded
701947,527844,2025-04-19,1006,20565,Wrong item,156.94,Replaced
701948,527863,2026-01-20,1031,21748,Late delivery,688.27,Replaced
701949,527873,2024-10-29,1002,22320,Late delivery,108.18,Refunded
701950,527883,2024-09-10,1021,20205,Changed mind,818.17,Refunded
701951,527886,2025-04-11,1025,20969,Late delivery,662.48,Replaced
701952,527905,2023-12-25,1039,20246,Wrong item,280.67,Replaced
701953,527930,2023-04-07,1006,20988,Late delivery,103.79,Replaced
701954,527934,2023-03-23,1012,21194,Changed mind,143.04,Refunded
701955,527963,2023-12-25,1001,21169,Quality issue,683.86,Refunded
701956,527997,2024-11-07,1017,22299,Late delivery,172.19,Replaced
701957,528024,2024-08-31,1018,22129,Changed mind,253.78,Replaced
701958,528039,2023-05-27,1006,22058,Damaged,102.69,Replaced
701959,528045,2023-03-25,1017,21431,Changed mind,177.72,Replaced
701960,528081,2025-11-13,1013,22104,Late delivery,629.73,Replaced
701961,528084,2024-11-18,1036,21816,Damaged,101.58,Replaced
701962,528101,2023-12-13,1002,22315,Quality issue,197.0,Replaced
701963,528110,2024-09-20,1019,20730,Late delivery,740.12,Refunded
701964,528155,2024-03-03,1038,20880,Changed mind,512.82,Refunded
701965,528157,2025-09-30,1019,22097,Changed mind,956.31,Replaced
701966,528176,2023-07-06,1037,21233,Quality issue,591.85,Replaced
701967,528196,2023-02-24,1025,20974,Damaged,185.71,Refunded
701968,528207,2026-01-10,1037,21428,Wrong item,305.18,Replaced
701969,528208,2023-12-16,1001,21468,Late delivery,822.02,Refunded
701970,528226,2024-01-13,1016,20426,Quality issue,270.85,Refunded
701971,528237,2024-09-07,1004,20756,Wrong item,340.61,Replaced
701972,528245,2023-11-14,1015,20438,Wrong item,1687.02,Replaced
701973,528263,2024-03-03,1005,21101,Quality issue,507.66,Refunded
701974,528274,2025-07-08,1010,21290,Quality issue,554.19,Refunded
701975,528293,2025-12-02,1012,22185,Damaged,101.85,Replaced
701976,528307,2025-01-02,1037,20165,Damaged,212.64,Replaced
701977,528322,2023-11-29,1032,20203,Damaged,169.68,Replaced
701978,528356,2023-12-04,1035,22111,Damaged,109.24,Replaced
701979,528357,2024-11-16,1005,21829,Damaged,124.77,Refunded
701980,528360,2024-09-14,1014,20025,Quality issue,180.26,Refunded
701981,528361,2024-08-25,1036,20047,Damaged,483.81,Refunded
701982,528365,2025-01-20,1019,22058,Quality issue,247.35,Refunded
701983,528376,2025-05-23,1040,20757,Changed mind,188.53,Refunded
701984,528383,2025-11-16,1009,20773,Wrong item,188.5,Replaced
701985,528399,2023-12-21,1026,21375,Changed mind,286.36,Replaced
701986,528413,2025-07-28,1011,20719,Changed mind,525.16,Refunded
701987,528416,2025-03-14,1029,22146,Changed mind,79.9,Refunded
701988,528440,2024-08-20,1016,20292,Quality issue,302.97,Refunded
701989,528448,2023-07-06,1014,21685,Quality issue,43.48,Replaced
701990,528452,2025-05-08,1020,21902,Quality issue,1023.94,Replaced
701991,528454,2025-05-27,1009,20127,Changed mind,109.75,Refunded
701992,528459,2023-03-03,1040,21579,Changed mind,192.69,Refunded
701993,528468,2023-09-03,1022,21665,Late delivery,88.44,Replaced
701994,528474,2023-11-15,1033,20809,Late delivery,244.44,Refunded
701995,528478,2025-11-07,1036,20531,Changed mind,171.76,Replaced
701996,528483,2023-07-01,1023,22496,Quality issue,51.86,Replaced
701997,528496,2025-05-19,1037,20447,Changed mind,363.19,Replaced
701998,528529,2025-07-30,1030,20497,Quality issue,154.37,Replaced
701999,528535,2025-05-19,1012,21736,Late delivery,138.81,Replaced
702000,528536,2025-08-19,1019,21848,Wrong item,327.22,Replaced
702001,528568,2025-06-05,1031,21170,Quality issue,1619.5,Replaced
702002,528574,2023-04-08,1039,20243,Damaged,571.62,Refunded
702003,528590,2024-01-12,1008,20995,Wrong item,246.75,Refunded
702004,528594,2023-02-21,1035,21816,Quality issue,282.05,Refunded
702005,528621,2025-11-05,1031,22164,Changed mind,760.34,Replaced
702006,528623,2023-05-04,1006,20031,Late delivery,205.1,Refunded
702007,528625,2024-05-26,1035,21009,Wrong item,123.1,Refunded
702008,528651,2023-11-16,1038,20921,Quality issue,259.4,Refunded
702009,528665,2024-08-31,1019,21267,Quality issue,543.05,Refunded
702010,528707,2025-03-22,1025,20494,Damaged,833.52,Refunded
702011,528714,2024-05-23,1028,20657,Late delivery,205.89,Replaced
702012,528726,2024-03-01,1002,20092,Wrong item,131.13,Replaced
702013,528729,2025-01-11,1033,20954,Quality issue,323.13,Refunded
702014,528751,2024-05-01,1017,21979,Late delivery,223.72,Refunded
702015,528754,2023-08-23,1023,20142,Wrong item,51.41,Refunded
702016,528794,2024-09-18,1026,20079,Damaged,148.97,Refunded
702017,528807,2025-09-18,1034,22068,Changed mind,179.43,Replaced
702018,528808,2023-12-12,1033,22072,Late delivery,305.06,Replaced
702019,528813,2024-07-12,1030,21997,Late delivery,68.79,Replaced
702020,528839,2024-06-21,1040,21800,Damaged,126.78,Refunded
702021,528843,2024-03-22,1016,21228,Quality issue,262.81,Replaced
702022,528852,2025-01-09,1029,20565,Quality issue,78.38,Replaced
702023,528854,2025-06-06,1015,20101,Late delivery,285.41,Refunded
702024,528864,2023-12-25,1037,20894,Wrong item,285.09,Replaced
702025,528880,2023-03-10,1021,21735,Quality issue,517.18,Refunded
702026,528901,2024-04-11,1018,21028,Wrong item,135.65,Replaced
702027,528913,2024-02-08,1023,21522,Quality issue,44.63,Replaced
702028,528950,2023-02-03,1018,21597,Changed mind,146.12,Refunded
702029,528952,2023-10-04,1019,20043,Wrong item,271.14,Refunded
702030,528966,2024-12-27,1004,22072,Changed mind,1807.63,Refunded
702031,528971,2023-05-14,1024,22119,Damaged,103.89,Refunded
702032,528977,2024-06-09,1020,21165,Wrong item,325.1,Replaced
702033,529012,2023-04-11,1016,21855,Damaged,280.69,Refunded
702034,529025,2023-03-14,1032,20100,Damaged,685.82,Replaced
702035,529027,2023-12-16,1022,21716,Changed mind,98.63,Replaced
702036,529042,2023-09-19,1011,20678,Late delivery,820.98,Replaced
702037,529049,2025-05-31,1007,22313,Late delivery,54.23,Refunded
702038,529054,2023-10-21,1011,22343,Quality issue,286.81,Refunded
702039,529060,2023-06-03,1023,22480,Quality issue,105.34,Refunded
702040,529085,2023-05-25,1038,22274,Late delivery,241.04,Replaced
702041,529087,2025-08-01,1011,21929,Wrong item,271.27,Replaced
702042,529111,2024-12-31,1017,20148,Wrong item,448.09,Refunded
702043,529125,2024-04-02,1027,22318,Late delivery,92.82,Refunded
702044,529127,2024-12-03,1010,21121,Late delivery,533.03,Replaced
702045,529145,2025-12-08,1005,21519,Changed mind,375.51,Replaced
702046,529148,2024-09-21,1021,22055,Wrong item,600.36,Replaced
702047,529180,2024-02-19,1029,20640,Changed mind,67.23,Refunded
702048,529193,2024-06-19,1040,20155,Late delivery,189.1,Replaced
702049,529206,2024-06-25,1008,21981,Late delivery,906.93,Refunded
702050,529208,2024-12-25,1023,21200,Changed mind,95.34,Replaced
702051,529228,2023-03-26,1033,20125,Damaged,556.02,Refunded
702052,529229,2025-07-23,1039,20869,Quality issue,311.53,Replaced
702053,529271,2024-04-10,1011,20479,Late delivery,298.3,Replaced
702054,529272,2024-03-12,1001,21868,Changed mind,211.87,Replaced
702055,529282,2025-12-08,1022,21248,Changed mind,79.22,Refunded
702056,529288,2023-08-23,1010,21811,Late delivery,599.76,Refunded
702057,529295,2023-06-06,1010,20571,Changed mind,566.4,Refunded
702058,529298,2024-12-16,1034,21994,Wrong item,82.87,Refunded
702059,529300,2025-06-28,1027,20161,Changed mind,263.01,Refunded
702060,529323,2024-10-07,1016,20627,Wrong item,945.51,Replaced
702061,529341,2023-09-09,1024,20717,Late delivery,46.81,Replaced
702062,529358,2025-03-22,1016,21917,Quality issue,259.8,Replaced
702063,529380,2023-09-07,1006,22229,Wrong item,161.94,Refunded
702064,529385,2025-12-08,1010,20831,Changed mind,277.42,Replaced
702065,529386,2025-03-09,1029,20784,Damaged,167.92,Refunded
702066,529408,2025-12-27,1009,21101,Quality issue,443.89,Replaced
702067,529455,2025-01-31,1029,21538,Changed mind,168.92,Replaced
702068,529470,2024-10-20,1030,21071,Wrong item,139.93,Refunded
702069,529479,2024-10-29,1033,21403,Late delivery,329.61,Refunded
702070,529496,2023-12-14,1039,21694,Quality issue,672.19,Refunded
702071,529503,2025-07-10,1009,20060,Damaged,339.12,Replaced
702072,529511,2026-01-25,1039,20282,Wrong item,338.66,Refunded
702073,529524,2023-05-12,1040,20943,Wrong item,212.87,Refunded
702074,529530,2024-03-10,1006,21423,Late delivery,161.06,Replaced
702075,529544,2025-07-30,1025,22318,Late delivery,660.12,Refunded
702076,529559,2025-05-08,1030,20417,Changed mind,76.83,Replaced
702077,529571,2024-04-01,1004,20972,Changed mind,647.63,Replaced
702078,529578,2025-09-06,1003,21605,Quality issue,577.4,Refunded
702079,529583,2025-09-26,1039,22307,Changed mind,667.99,Replaced
702080,529587,2023-12-13,1026,20690,Changed mind,231.59,Replaced
702081,529591,2025-11-07,1026,21939,Late delivery,475.32,Refunded
702082,529616,2023-02-01,1024,20445,Quality issue,47.27,Refunded
702083,529655,2023-06-09,1003,20574,Damaged,544.73,Refunded
702084,529657,2025-02-19,1018,22464,Damaged,148.99,Refunded
702085,529693,2024-01-15,1003,20062,Wrong item,457.69,Replaced
702086,529730,2025-11-16,1017,21193,Changed mind,224.03,Refunded
702087,529731,2025-09-30,1027,20335,Changed mind,82.33,Refunded
702088,529807,2024-03-05,1007,20363,Late delivery,34.22,Refunded
702089,529814,2024-01-14,1006,20463,Quality issue,103.3,Refunded
702090,529824,2025-05-09,1024,20221,Damaged,46.56,Replaced
702091,529842,2024-04-18,1024,20112,Wrong item,63.64,Replaced
702092,529874,2025-02-27,1018,20492,Changed mind,316.48,Replaced
702093,529880,2023-08-11,1005,20088,Damaged,492.88,Replaced
702094,529881,2025-02-18,1023,21171,Quality issue,112.5,Replaced
702095,529887,2024-05-24,1019,21825,Changed mind,787.88,Refunded
702096,529907,2025-09-11,1002,21179,Damaged,250.94,Replaced
702097,529912,2024-09-12,1002,20941,Wrong item,74.56,Replaced
702098,529931,2024-02-22,1013,20574,Changed mind,584.76,Refunded
702099,529936,2024-07-30,1034,20113,Late delivery,90.17,Refunded
702100,529946,2025-05-06,1038,21384,Changed mind,474.25,Refunded
702101,529967,2024-04-15,1034,20753,Wrong item,89.22,Replaced
702102,529968,2023-08-06,1019,20331,Changed mind,219.88,Refunded
702103,529991,2023-06-10,1012,20211,Quality issue,314.79,Replaced
702104,529997,2025-08-14,1017,20763,Changed mind,403.59,Refunded
702105,530000,2023-09-03,1025,22465,Quality issue,1239.87,Refunded
702106,530002,2024-02-15,1011,20577,Quality issue,285.18,Replaced
702107,530014,2024-03-15,1019,22332,Damaged,624.86,Refunded
702108,530015,2023-09-03,1022,20673,Wrong item,68.03,Replaced
702109,530024,2026-01-04,1010,21541,Wrong item,720.33,Replaced
702110,530034,2024-12-21,1035,21012,Damaged,588.49,Refunded
702111,530041,2025-08-02,1037,22195,Quality issue,1037.45,Refunded
702112,530048,2024-11-11,1014,21969,Changed mind,86.65,Refunded
702113,530069,2025-12-17,1030,21881,Late delivery,308.62,Replaced
702114,530086,2024-07-01,1010,21222,Changed mind,285.82,Replaced
702115,530096,2024-09-09,1035,20632,Damaged,435.3,Refunded
702116,530106,2025-11-19,1013,21209,Changed mind,609.63,Replaced
702117,530126,2025-07-24,1004,20240,Changed mind,325.9,Replaced
702118,530135,2023-12-24,1031,21546,Late delivery,1730.72,Replaced
702119,530145,2024-12-28,1022,22317,Damaged,294.88,Replaced
702120,530166,2024-04-03,1013,20655,Quality issue,356.96,Replaced
702121,530184,2025-02-23,1039,20340,Wrong item,299.24,Refunded
702122,530194,2026-01-23,1004,21618,Wrong item,249.34,Refunded
702123,530195,2023-07-12,1018,20735,Damaged,264.44,Refunded
702124,530198,2024-11-20,1038,20889,Changed mind,212.95,Replaced
702125,530210,2023-06-28,1024,21483,Wrong item,46.07,Replaced
702126,530215,2024-11-17,1012,21128,Late delivery,242.98,Replaced
702127,530222,2023-11-11,1030,21403,Damaged,230.0,Replaced
702128,530257,2024-06-21,1027,22189,Late delivery,93.2,Refunded
702129,530262,2023-07-13,1028,21580,Changed mind,227.12,Replaced
702130,530284,2023-11-24,1025,21237,Quality issue,199.49,Refunded
702131,530323,2023-07-31,1010,20956,Damaged,312.15,Replaced
702132,530329,2024-03-26,1014,20466,Late delivery,50.67,Refunded
702133,530380,2025-05-21,1028,20075,Late delivery,551.21,Refunded
702134,530382,2025-08-11,1027,21172,Quality issue,104.78,Refunded
702135,530384,2024-05-29,1001,20490,Quality issue,1332.25,Refunded
702136,530418,2023-04-08,1002,22331,Changed mind,219.94,Refunded
702137,530420,2025-01-29,1016,20393,Quality issue,213.89,Replaced
702138,530424,2023-05-31,1022,20609,Changed mind,178.45,Refunded
702139,530433,2023-03-08,1020,21672,Changed mind,301.92,Replaced
702140,530454,2023-08-24,1020,22287,Changed mind,504.08,Replaced
702141,530463,2023-10-24,1032,22234,Late delivery,213.26,Refunded
702142,530466,2023-01-20,1008,20262,Late delivery,429.91,Replaced
702143,530489,2024-03-31,1015,20708,Wrong item,238.64,Replaced
702144,530494,2024-08-04,1010,21937,Quality issue,613.26,Replaced
702145,530516,2025-10-28,1019,21588,Changed mind,305.25,Replaced
702146,530535,2025-02-18,1039,21885,Late delivery,375.47,Refunded
702147,530539,2025-04-20,1028,22231,Quality issue,410.12,Replaced
702148,530542,2023-10-12,1034,21672,Damaged,88.92,Replaced
702149,530560,2026-01-09,1031,21056,Quality issue,409.32,Refunded
702150,530579,2025-10-14,1039,20798,Late delivery,280.07,Replaced
702151,530582,2023-12-04,1017,21753,Wrong item,384.8,Refunded
702152,530599,2026-01-06,1028,21684,Quality issue,805.19,Replaced
702153,530617,2024-04-10,1037,21254,Damaged,259.92,Refunded
702154,530645,2025-09-15,1006,22135,Damaged,81.95,Refunded
702155,530654,2023-01-25,1020,21248,Damaged,300.16,Refunded
702156,530692,2024-02-15,1007,20924,Changed mind,83.34,Replaced
702157,530695,2025-04-07,1003,20317,Damaged,217.61,Replaced
702158,530707,2024-06-02,1026,20331,Changed mind,504.26,Refunded
702159,530710,2025-04-05,1011,20786,Damaged,319.68,Refunded
702160,530733,2023-01-19,1024,22444,Quality issue,60.06,Replaced
702161,530810,2023-08-08,1024,21147,Changed mind,42.54,Refunded
702162,530813,2025-08-07,1006,20479,Late delivery,313.16,Refunded
702163,530825,2025-03-21,1036,21110,Wrong item,194.45,Refunded
702164,530838,2024-01-14,1019,21759,Quality issue,327.72,Replaced
702165,530850,2024-08-27,1003,21817,Damaged,292.77,Replaced
702166,530867,2023-02-09,1001,21491,Wrong item,227.29,Replaced
702167,530881,2025-04-22,1019,20284,Quality issue,933.56,Replaced
702168,530900,2024-07-15,1040,22029,Wrong item,179.09,Replaced
702169,530923,2024-05-23,1013,21755,Damaged,1250.37,Refunded
702170,530935,2024-09-02,1009,20838,Changed mind,183.43,Refunded
702171,530937,2024-03-12,1031,20661,Wrong item,1413.38,Replaced
702172,530944,2023-04-14,1040,22475,Quality issue,204.78,Refunded
702173,530960,2024-01-29,1027,22017,Changed mind,447.24,Refunded
702174,530968,2024-03-06,1016,22205,Late delivery,574.25,Replaced
702175,530979,2023-10-11,1002,21951,Late delivery,117.54,Refunded
702176,530988,2025-05-11,1014,20867,Quality issue,41.09,Refunded
702177,530992,2025-02-21,1007,21084,Late delivery,25.06,Refunded
702178,531002,2025-08-27,1004,21835,Late delivery,289.38,Replaced
702179,531007,2023-12-03,1023,21142,Changed mind,110.36,Replaced
702180,531024,2023-02-04,1030,20577,Late delivery,62.12,Replaced
702181,531033,2026-01-12,1022,21307,Late delivery,359.86,Refunded
702182,531048,2024-01-17,1006,21936,Changed mind,271.7,Replaced
702183,531050,2025-07-25,1010,20810,Wrong item,344.07,Replaced
702184,531091,2025-04-16,1007,21595,Wrong item,32.52,Replaced
702185,531092,2025-01-14,1037,21816,Changed mind,332.81,Refunded
702186,531093,2024-12-20,1005,20741,Changed mind,166.62,Replaced
702187,531097,2023-06-03,1030,20481,Damaged,69.15,Replaced
702188,531113,2023-03-10,1025,21098,Damaged,846.83,Refunded
702189,531117,2025-01-22,1014,20452,Quality issue,48.67,Replaced
702190,531122,2025-06-29,1020,22085,Late delivery,275.14,Replaced
702191,531125,2023-03-26,1010,21556,Quality issue,298.53,Replaced
702192,531127,2025-11-21,1020,21850,Wrong item,291.65,Replaced
702193,531180,2023-06-28,1017,21354,Late delivery,215.69,Replaced
702194,531213,2024-06-27,1033,20859,Late delivery,786.11,Refunded
702195,531219,2024-06-01,1038,20222,Late delivery,192.42,Refunded
702196,531225,2025-08-07,1039,20635,Late delivery,310.86,Replaced
702197,531228,2025-10-31,1010,20040,Damaged,299.76,Replaced
702198,531238,2023-02-12,1016,20468,Quality issue,838.99,Refunded
702199,531250,2025-10-25,1019,21870,Changed mind,977.01,Refunded
702200,531262,2025-01-24,1023,21975,Late delivery,45.83,Refunded
702201,531286,2024-10-12,1017,21956,Wrong item,211.82,Replaced
702202,531308,2024-11-25,1011,20824,Late delivery,301.52,Refunded
702203,531320,2025-02-04,1019,21961,Damaged,268.41,Refunded
702204,531337,2023-10-07,1032,21703,Damaged,175.15,Refunded
702205,531342,2024-11-03,1004,21106,Changed mind,329.66,Replaced
702206,531346,2025-05-20,1032,20372,Damaged,204.49,Replaced
702207,531352,2024-12-02,1035,20727,Late delivery,356.17,Replaced
702208,531358,2023-05-25,1008,21898,Quality issue,221.71,Refunded
702209,531372,2024-04-19,1018,22285,Quality issue,408.64,Refunded
702210,531402,2023-11-30,1011,20529,Damaged,746.33,Refunded
702211,531405,2024-05-03,1005,21444,Changed mind,571.19,Replaced
702212,531414,2023-01-31,1026,21726,Damaged,146.3,Refunded
702213,531433,2024-09-06,1004,22000,Wrong item,608.43,Replaced
702214,531436,2023-11-16,1014,21295,Wrong item,221.74,Replaced
702215,531466,2024-05-19,1032,21808,Late delivery,622.37,Replaced
702216,531475,2023-05-09,1028,20285,Wrong item,255.97,Refunded
702217,531481,2025-04-17,1009,21646,Changed mind,179.53,Refunded
702218,531488,2024-01-26,1019,22010,Changed mind,311.9,Refunded
702219,531505,2024-06-18,1037,20102,Changed mind,735.14,Replaced
702220,531561,2025-10-15,1037,21898,Damaged,606.53,Replaced
702221,531562,2023-02-04,1021,20205,Damaged,1098.78,Replaced
702222,531567,2025-05-29,1016,20664,Quality issue,564.29,Refunded
702223,531589,2025-10-08,1037,21922,Changed mind,237.37,Refunded
702224,531592,2023-03-15,1011,21790,Late delivery,263.01,Refunded
702225,531609,2023-12-09,1034,20695,Wrong item,86.32,Replaced
702226,531617,2025-11-14,1018,20879,Changed mind,273.2,Refunded
702227,531624,2024-04-09,1005,20568,Wrong item,134.02,Refunded
702228,531625,2025-01-11,1007,20959,Quality issue,28.99,Replaced
702229,531649,2025-01-22,1017,21989,Changed mind,574.71,Replaced
702230,531656,2024-10-11,1008,22230,Late delivery,237.56,Replaced
702231,531691,2023-07-30,1011,21310,Damaged,458.23,Refunded
702232,531699,2025-03-08,1037,20225,Changed mind,302.52,Replaced
702233,531704,2024-03-25,1005,21063,Quality issue,137.82,Refunded
702234,531719,2025-07-31,1036,21938,Late delivery,158.71,Refunded
702235,531742,2025-06-07,1005,21660,Wrong item,161.02,Refunded
702236,531750,2025-01-05,1037,21291,Damaged,266.65,Refunded
702237,531769,2025-08-17,1023,20392,Late delivery,91.11,Refunded
702238,531797,2025-01-27,1026,21498,Changed mind,256.23,Replaced
702239,531812,2024-06-07,1009,22383,Changed mind,70.1,Replaced
702240,531817,2025-03-31,1033,22063,Changed mind,560.79,Replaced
702241,531873,2023-10-12,1013,22433,Wrong item,390.23,Replaced
702242,531878,2024-05-26,1040,21133,Wrong item,214.84,Refunded
702243,531888,2023-02-01,1007,22168,Wrong item,29.75,Refunded
702244,531892,2025-11-10,1031,21099,Late delivery,606.15,Replaced
702245,531898,2024-06-15,1006,20023,Quality issue,150.1,Replaced
702246,531921,2024-02-08,1036,21115,Wrong item,85.17,Replaced
702247,531929,2024-06-26,1012,21501,Damaged,120.01,Refunded
702248,531930,2023-10-02,1017,20421,Wrong item,170.38,Replaced
702249,531933,2025-03-19,1037,21771,Changed mind,522.34,Refunded
702250,531989,2023-02-25,1020,20525,Wrong item,294.93,Refunded
702251,531999,2025-05-06,1020,21005,Late delivery,1045.27,Replaced
702252,532017,2025-02-13,1029,22353,Wrong item,81.76,Refunded
702253,532018,2024-11-22,1004,21726,Quality issue,336.95,Refunded
702254,532028,2024-03-06,1029,20435,Changed mind,79.86,Refunded
702255,532048,2024-03-21,1030,21049,Changed mind,235.14,Replaced
702256,532055,2023-02-18,1020,22384,Wrong item,647.3,Replaced
702257,532060,2023-10-25,1012,22090,Late delivery,114.73,Refunded
702258,532105,2024-05-14,1040,21430,Quality issue,485.83,Refunded
702259,532106,2025-07-20,1029,21800,Quality issue,62.11,Refunded
702260,532111,2023-03-27,1001,22383,Damaged,239.69,Replaced
702261,532130,2023-03-25,1006,20435,Quality issue,105.35,Refunded
702262,532156,2023-09-24,1032,21326,Changed mind,470.46,Replaced
702263,532160,2025-09-03,1026,20265,Changed mind,104.41,Replaced
702264,532169,2024-07-15,1019,22030,Late delivery,260.51,Refunded
702265,532183,2025-12-24,1028,21245,Damaged,242.62,Replaced
702266,532242,2024-03-19,1034,21251,Damaged,247.7,Replaced
702267,532254,2024-11-27,1015,20068,Changed mind,913.43,Replaced
702268,532266,2023-07-04,1037,22492,Late delivery,255.14,Refunded
702269,532270,2023-08-11,1004,22296,Wrong item,265.96,Refunded
702270,532274,2025-10-04,1005,22198,Late delivery,134.04,Refunded
702271,532313,2023-10-09,1040,21365,Changed mind,94.47,Refunded
702272,532353,2024-03-08,1002,22468,Damaged,548.24,Refunded
702273,532358,2024-05-11,1011,21738,Quality issue,543.22,Replaced
702274,532364,2025-10-08,1009,21682,Damaged,92.99,Refunded
702275,532375,2023-03-09,1007,22085,Quality issue,115.96,Refunded
702276,532385,2024-01-15,1027,21359,Quality issue,124.4,Refunded
702277,532389,2025-05-24,1027,22153,Damaged,308.87,Replaced
702278,532397,2023-08-31,1032,20747,Damaged,180.05,Refunded
702279,532403,2025-07-21,1004,21260,Changed mind,1132.91,Refunded
702280,532416,2024-12-04,1039,20732,Changed mind,678.66,Refunded
702281,532419,2025-04-25,1037,20070,Quality issue,1108.7,Refunded
702282,532428,2024-02-22,1014,21702,Changed mind,47.49,Replaced
702283,532438,2024-08-11,1030,20189,Damaged,142.68,Replaced
702284,532453,2025-09-10,1017,21452,Quality issue,580.02,Replaced
702285,532456,2024-07-03,1040,22143,Late delivery,306.48,Refunded
702286,532469,2024-07-30,1033,20518,Changed mind,328.96,Replaced
702287,532472,2024-01-06,1019,22458,Damaged,712.55,Refunded
702288,532483,2023-08-14,1036,21267,Wrong item,154.06,Refunded
702289,532486,2025-01-24,1032,22193,Damaged,604.92,Replaced
702290,532487,2023-05-30,1001,21436,Quality issue,213.76,Refunded
702291,532496,2025-09-08,1006,20653,Changed mind,239.47,Refunded
702292,532500,2024-09-14,1028,22074,Late delivery,248.1,Replaced
702293,532514,2024-04-28,1039,20179,Damaged,1322.35,Refunded
702294,532519,2024-10-26,1030,20577,Wrong item,83.64,Refunded
702295,532535,2023-05-30,1013,20283,Wrong item,561.15,Replaced
702296,532551,2024-02-07,1011,21031,Quality issue,332.05,Replaced
702297,532560,2025-03-22,1009,21541,Damaged,309.08,Refunded
702298,532604,2023-06-27,1014,20334,Damaged,157.78,Refunded
702299,532609,2023-02-16,1020,22494,Damaged,1044.83,Replaced
702300,532611,2025-08-18,1007,20219,Quality issue,90.12,Refunded
702301,532613,2023-03-04,1013,21046,Quality issue,349.94,Replaced
702302,532626,2024-11-12,1021,21885,Damaged,198.16,Refunded
702303,532630,2023-11-15,1013,22277,Quality issue,753.89,Refunded
702304,532639,2025-09-27,1032,20302,Changed mind,244.34,Replaced
702305,532651,2023-04-15,1035,20866,Quality issue,106.67,Refunded
702306,532654,2025-06-11,1002,22376,Damaged,117.71,Refunded
702307,532667,2023-02-02,1007,21715,Quality issue,22.15,Replaced
702308,532676,2024-04-24,1027,20376,Late delivery,82.27,Refunded
702309,532678,2025-04-12,1017,20907,Changed mind,220.55,Replaced
702310,532695,2024-10-27,1025,21044,Changed mind,256.2,Refunded
702311,532713,2025-01-12,1033,21845,Quality issue,338.77,Refunded
702312,532791,2024-02-01,1013,21857,Wrong item,307.9,Replaced
702313,532795,2023-05-04,1018,22043,Wrong item,222.5,Replaced
702314,532813,2024-04-09,1012,22496,Wrong item,246.85,Replaced
702315,532816,2025-05-07,1008,21332,Changed mind,596.57,Replaced
702316,532822,2025-07-01,1015,22188,Wrong item,290.47,Refunded
702317,532830,2023-04-23,1017,20309,Damaged,392.6,Replaced
702318,532844,2024-06-03,1012,21698,Wrong item,285.74,Refunded
702319,532859,2023-11-24,1007,20926,Damaged,34.03,Replaced
702320,532865,2025-06-27,1008,21360,Late delivery,218.98,Refunded
702321,532889,2023-11-16,1036,20775,Changed mind,67.32,Refunded
702322,532892,2024-05-06,1013,21869,Changed mind,967.5,Replaced
702323,532902,2023-10-27,1009,20316,Changed mind,163.27,Refunded
702324,532969,2023-05-09,1005,20596,Wrong item,170.52,Refunded
702325,532987,2024-12-03,1021,21148,Wrong item,277.9,Replaced
702326,532989,2023-07-11,1003,22164,Wrong item,463.13,Refunded
702327,533004,2025-05-03,1039,20045,Changed mind,302.61,Replaced
702328,533008,2024-12-31,1038,21016,Changed mind,492.97,Refunded
702329,533020,2023-07-19,1029,20920,Damaged,87.49,Replaced
702330,533021,2025-02-21,1029,20168,Damaged,146.98,Refunded
702331,533054,2023-06-19,1024,20181,Wrong item,120.44,Replaced
702332,533058,2024-08-19,1019,21507,Damaged,500.96,Refunded
702333,533060,2024-07-21,1003,21438,Changed mind,532.21,Refunded
702334,533079,2023-08-30,1015,20977,Wrong item,1407.57,Replaced
702335,533116,2023-12-19,1037,21382,Wrong item,695.44,Refunded
702336,533149,2023-08-19,1018,21953,Damaged,203.76,Refunded
702337,533150,2024-12-04,1035,21227,Late delivery,105.88,Refunded
702338,533178,2024-05-05,1023,20910,Quality issue,47.0,Replaced
702339,533189,2023-02-02,1032,22009,Wrong item,225.23,Refunded
702340,533210,2024-11-22,1008,21173,Damaged,234.83,Refunded
702341,533213,2023-04-06,1002,21775,Late delivery,91.53,Replaced
702342,533225,2024-04-17,1015,20865,Quality issue,1105.21,Replaced
702343,533248,2025-07-13,1026,22165,Damaged,456.66,Refunded
702344,533268,2025-04-21,1014,21005,Damaged,141.02,Refunded
702345,533272,2025-12-08,1032,20078,Changed mind,378.8,Refunded
702346,533296,2025-07-27,1008,20356,Late delivery,442.5,Refunded
702347,533308,2025-01-01,1039,21873,Late delivery,847.33,Replaced
702348,533315,2025-09-28,1021,21552,Damaged,249.87,Replaced
702349,533318,2025-04-17,1037,21761,Wrong item,548.93,Refunded
702350,533321,2025-03-07,1029,21858,Quality issue,86.25,Refunded
702351,533347,2024-06-30,1033,22035,Late delivery,257.19,Replaced
702352,533349,2023-12-06,1021,20857,Wrong item,402.4,Replaced
702353,533351,2025-11-25,1026,20732,Changed mind,147.05,Replaced
702354,533361,2023-04-08,1016,20940,Wrong item,338.49,Replaced
702355,533363,2025-08-22,1012,21890,Wrong item,110.56,Replaced
702356,533378,2024-11-30,1034,20216,Late delivery,103.05,Replaced
702357,533388,2025-09-08,1025,20243,Quality issue,383.64,Refunded
702358,533392,2024-12-24,1027,21270,Late delivery,501.18,Refunded
702359,533429,2024-05-04,1027,22135,Damaged,95.03,Replaced
702360,533439,2025-09-07,1017,21977,Changed mind,341.01,Replaced
702361,533440,2025-10-17,1011,22174,Wrong item,886.25,Refunded
702362,533443,2024-01-05,1002,22129,Quality issue,111.78,Refunded
702363,533456,2023-07-17,1003,21173,Damaged,290.77,Replaced
702364,533479,2023-03-07,1017,21873,Damaged,218.84,Refunded
702365,533487,2025-04-10,1032,20670,Wrong item,163.45,Replaced
702366,533492,2025-05-01,1031,21223,Late delivery,374.02,Refunded
702367,533509,2023-09-12,1005,20429,Changed mind,459.42,Replaced
702368,533563,2025-08-07,1010,20937,Late delivery,841.91,Replaced
702369,533578,2023-11-01,1040,21074,Late delivery,92.32,Refunded
702370,533591,2024-10-10,1001,20661,Wrong item,204.57,Refunded
702371,533618,2023-11-28,1029,20641,Damaged,300.71,Refunded
702372,533660,2023-06-22,1028,20446,Quality issue,921.89,Replaced
702373,533675,2023-04-17,1014,21887,Wrong item,42.89,Replaced
702374,533680,2024-06-06,1002,21832,Late delivery,312.99,Replaced
702375,533691,2024-07-21,1010,21100,Quality issue,270.01,Refunded
702376,533702,2025-05-08,1004,20099,Changed mind,1310.39,Refunded
702377,533732,2023-12-30,1025,22101,Late delivery,195.64,Refunded
702378,533737,2024-10-24,1033,22328,Quality issue,274.52,Replaced
702379,533744,2023-04-13,1036,21039,Late delivery,164.55,Replaced
702380,533746,2025-08-12,1029,20222,Quality issue,74.31,Replaced
702381,533786,2023-09-27,1001,22024,Changed mind,453.39,Refunded
702382,533818,2023-01-18,1033,20808,Quality issue,225.22,Replaced
702383,533840,2024-05-25,1005,21587,Damaged,136.02,Replaced
702384,533842,2023-05-08,1035,21045,Damaged,217.52,Replaced
702385,533854,2025-09-28,1025,21446,Quality issue,406.46,Replaced
702386,533870,2023-12-30,1026,22247,Quality issue,150.62,Replaced
702387,533876,2025-06-15,1038,20005,Changed mind,911.64,Replaced
702388,533902,2025-04-12,1006,21716,Changed mind,95.39,Refunded
702389,533906,2024-12-26,1028,21866,Changed mind,749.98,Refunded
702390,533918,2023-11-06,1002,21218,Late delivery,321.72,Replaced
702391,533961,2025-02-19,1013,20940,Wrong item,1237.07,Replaced
702392,534007,2023-03-12,1037,21253,Wrong item,988.58,Refunded
702393,534018,2023-12-11,1013,21498,Damaged,284.17,Replaced
702394,534025,2023-01-26,1006,20846,Damaged,216.05,Replaced
702395,534028,2023-01-22,1014,20529,Late delivery,51.75,Replaced
702396,534071,2023-08-11,1018,21841,Quality issue,416.8,Replaced
702397,534101,2023-07-28,1038,20768,Damaged,200.73,Refunded
702398,534103,2024-10-27,1007,20268,Quality issue,25.83,Refunded
702399,534168,2023-09-05,1034,21887,Changed mind,99.57,Replaced
702400,534202,2024-02-01,1006,22004,Late delivery,279.41,Refunded
702401,534224,2023-09-25,1040,20693,Changed mind,86.93,Replaced
702402,534226,2025-02-12,1022,20438,Quality issue,77.37,Refunded
702403,534230,2024-04-30,1022,21089,Quality issue,345.29,Replaced
702404,534239,2024-01-11,1007,20191,Changed mind,24.47,Replaced
702405,534254,2024-07-26,1021,20819,Damaged,452.21,Refunded
702406,534274,2025-02-05,1037,21493,Wrong item,262.45,Replaced
702407,534276,2024-02-16,1016,22261,Late delivery,308.58,Replaced
702408,534321,2024-08-30,1029,20769,Damaged,90.06,Replaced
702409,534335,2024-06-01,1024,21206,Quality issue,214.79,Replaced
702410,534351,2024-07-19,1003,21791,Changed mind,304.32,Replaced
702411,534357,2025-12-06,1040,20001,Late delivery,127.65,Replaced
702412,534381,2023-02-06,1030,20580,Late delivery,169.2,Replaced
702413,534389,2024-07-16,1020,20919,Changed mind,272.75,Replaced
702414,534397,2023-12-15,1027,20065,Wrong item,96.12,Replaced
702415,534404,2023-08-02,1027,21702,Changed mind,157.42,Replaced
702416,534406,2024-10-01,1012,20781,Wrong item,104.05,Replaced
702417,534419,2025-11-19,1028,21274,Late delivery,221.27,Refunded
702418,534444,2025-05-04,1028,20762,Damaged,711.17,Replaced
702419,534453,2024-04-12,1030,20377,Late delivery,125.35,Refunded
702420,534465,2025-09-10,1034,21692,Quality issue,373.19,Replaced
702421,534470,2024-04-08,1025,21766,Wrong item,389.32,Replaced
702422,534498,2025-05-23,1007,22041,Damaged,27.12,Refunded
702423,534508,2025-06-27,1020,21567,Quality issue,277.08,Refunded
702424,534518,2024-01-28,1019,22379,Changed mind,587.66,Replaced
702425,534568,2024-05-03,1024,22371,Changed mind,270.82,Refunded
702426,534569,2024-05-12,1013,20473,Damaged,655.75,Replaced
702427,534574,2023-02-02,1008,21889,Late delivery,218.37,Refunded
702428,534589,2023-12-25,1007,22454,Damaged,29.66,Replaced
702429,534596,2025-04-16,1002,21653,Wrong item,311.33,Refunded
702430,534636,2023-10-12,1034,20826,Wrong item,81.32,Refunded
702431,534641,2023-11-07,1011,20261,Changed mind,342.96,Refunded
702432,534674,2024-08-05,1003,20051,Changed mind,237.42,Replaced
702433,534675,2025-08-25,1022,20456,Wrong item,182.91,Refunded
702434,534687,2025-02-06,1034,22387,Changed mind,83.62,Refunded
702435,534696,2025-03-30,1031,21325,Changed mind,1041.53,Refunded
702436,534712,2025-03-30,1009,21487,Quality issue,72.07,Refunded
702437,534718,2025-11-16,1024,22379,Damaged,103.5,Refunded
702438,534743,2024-06-18,1011,20364,Damaged,647.93,Refunded
702439,534767,2025-06-17,1034,21795,Late delivery,179.63,Refunded
702440,534857,2024-10-15,1021,21809,Damaged,238.3,Refunded
702441,534888,2024-10-05,1033,21349,Quality issue,313.46,Replaced
702442,534933,2023-06-24,1008,21349,Wrong item,685.62,Refunded
702443,534954,2024-02-02,1040,20304,Late delivery,72.74,Refunded
702444,535001,2025-06-14,1039,21582,Damaged,382.99,Refunded
702445,535009,2025-07-02,1032,20218,Late delivery,911.13,Replaced
702446,535058,2023-11-22,1017,21382,Damaged,602.77,Refunded
702447,535062,2025-09-26,1023,20508,Late delivery,85.15,Refunded
702448,535069,2024-08-29,1035,21806,Wrong item,311.97,Replaced
702449,535096,2023-02-09,1020,21234,Changed mind,287.39,Replaced
702450,535151,2023-12-18,1008,21492,Changed mind,949.8,Refunded
702451,535154,2023-05-25,1027,21303,Wrong item,240.22,Refunded
702452,535165,2023-06-12,1040,21091,Quality issue,212.75,Replaced
702453,535228,2023-06-23,1028,21737,Wrong item,1089.8,Refunded
702454,535232,2023-07-26,1024,20737,Late delivery,56.02,Refunded
702455,535235,2025-03-17,1017,22493,Damaged,220.59,Replaced
702456,535242,2025-05-21,1027,22113,Quality issue,217.98,Refunded
702457,535261,2023-06-25,1001,21623,Changed mind,271.97,Refunded
702458,535262,2025-09-04,1016,21105,Changed mind,1123.51,Replaced
702459,535266,2023-11-02,1024,22263,Wrong item,127.6,Refunded
702460,535282,2023-05-30,1013,21668,Changed mind,328.89,Refunded
702461,535297,2025-04-13,1014,22204,Wrong item,92.46,Replaced
702462,535309,2025-12-15,1033,21360,Damaged,226.57,Refunded
702463,535361,2023-03-23,1023,20662,Late delivery,39.75,Replaced
702464,535406,2023-02-03,1040,21960,Damaged,99.55,Replaced
702465,535430,2025-09-14,1037,20441,Quality issue,326.44,Replaced
702466,535446,2023-07-25,1013,22460,Wrong item,297.74,Replaced
702467,535459,2025-12-26,1024,22372,Quality issue,62.7,Refunded
702468,535496,2025-07-07,1030,20120,Damaged,63.52,Refunded
702469,535504,2024-06-04,1012,20351,Changed mind,270.45,Replaced
702470,535513,2023-07-15,1002,20601,Quality issue,123.83,Refunded
702471,535524,2023-06-23,1018,21289,Damaged,386.08,Replaced
702472,535552,2024-10-18,1040,21034,Changed mind,99.58,Replaced
702473,535553,2024-12-18,1008,22310,Quality issue,233.2,Replaced
702474,535563,2023-01-27,1031,20461,Changed mind,287.78,Replaced
702475,535578,2025-11-23,1026,20397,Wrong item,148.4,Replaced
702476,535590,2023-07-09,1011,20586,Wrong item,632.5,Replaced
702477,535592,2025-08-17,1017,22413,Changed mind,654.58,Replaced
702478,535627,2023-09-19,1010,20340,Damaged,525.76,Replaced
702479,535660,2025-10-22,1036,20111,Changed mind,301.37,Refunded
702480,535669,2025-03-15,1036,20814,Wrong item,209.5,Replaced
702481,535677,2025-11-11,1034,20120,Wrong item,80.51,Replaced
702482,535681,2025-10-08,1025,20932,Quality issue,490.46,Refunded
702483,535705,2023-08-02,1030,21381,Late delivery,66.18,Refunded
702484,535744,2024-07-04,1003,20170,Quality issue,252.93,Refunded
702485,535781,2024-10-26,1040,22383,Late delivery,626.28,Replaced
702486,535789,2025-02-07,1006,20141,Changed mind,354.2,Replaced
702487,535811,2024-06-12,1015,21367,Wrong item,262.29,Replaced
702488,535821,2025-01-30,1019,20947,Quality issue,285.27,Replaced
702489,535837,2024-06-13,1014,22153,Quality issue,108.78,Refunded
702490,535867,2024-08-19,1039,21204,Late delivery,329.08,Replaced
702491,535880,2024-10-28,1014,20069,Quality issue,46.94,Refunded
702492,535915,2025-11-07,1020,21383,Wrong item,575.6,Replaced
702493,535923,2024-01-31,1016,21064,Quality issue,282.65,Replaced
702494,535929,2024-02-07,1011,22299,Changed mind,1003.96,Replaced
702495,535969,2023-09-06,1032,21322,Late delivery,216.38,Refunded
702496,535974,2025-03-29,1023,21357,Wrong item,49.58,Refunded
702497,535982,2024-10-25,1003,20175,Damaged,227.44,Replaced
702498,535993,2024-03-06,1009,21757,Quality issue,101.64,Replaced
702499,536012,2025-03-19,1009,21392,Late delivery,100.47,Replaced
702500,536044,2023-02-21,1001,22428,Quality issue,675.05,Replaced
702501,536059,2024-09-16,1037,20799,Late delivery,347.15,Refunded
702502,536062,2025-08-12,1034,22047,Changed mind,75.42,Replaced
702503,536067,2023-11-19,1036,21669,Changed mind,86.78,Replaced
702504,536093,2023-04-27,1023,20859,Quality issue,46.52,Replaced
702505,536110,2023-06-27,1014,20746,Wrong item,57.89,Refunded
702506,536115,2024-04-13,1028,20028,Quality issue,197.73,Replaced
702507,536118,2025-04-14,1028,20353,Damaged,381.27,Replaced
702508,536130,2025-09-24,1020,20240,Quality issue,555.01,Replaced
702509,536134,2025-02-05,1038,21328,Changed mind,403.04,Replaced
702510,536167,2024-11-21,1010,22124,Damaged,776.92,Replaced
702511,536243,2025-09-03,1021,20267,Wrong item,431.24,Replaced
702512,536253,2025-06-22,1021,22126,Quality issue,540.25,Refunded
702513,536285,2024-04-18,1023,20672,Changed mind,44.45,Refunded
702514,536292,2025-02-23,1033,21049,Quality issue,913.57,Refunded
702515,536307,2025-10-16,1003,20586,Changed mind,1120.26,Refunded
702516,536310,2024-02-04,1008,20966,Late delivery,679.89,Replaced
702517,536313,2024-12-01,1033,21354,Damaged,251.43,Refunded
702518,536319,2023-02-14,1021,21909,Changed mind,635.07,Refunded
702519,536375,2023-06-27,1034,21137,Wrong item,89.16,Refunded
702520,536393,2023-09-02,1037,22164,Quality issue,668.58,Replaced
702521,536412,2025-06-14,1019,21759,Changed mind,1430.93,Replaced
702522,536413,2025-07-06,1011,21502,Quality issue,496.79,Replaced
702523,536414,2023-11-12,1024,21451,Changed mind,180.94,Replaced
702524,536420,2024-07-30,1009,22468,Wrong item,78.29,Refunded
702525,536421,2024-01-05,1029,20114,Damaged,75.4,Refunded
702526,536449,2024-10-21,1010,22389,Changed mind,460.04,Refunded
702527,536451,2025-09-11,1032,21349,Late delivery,430.96,Replaced
702528,536453,2024-07-11,1037,21260,Quality issue,277.39,Refunded
702529,536456,2025-11-13,1011,20919,Damaged,278.46,Refunded
702530,536457,2024-12-22,1040,21920,Quality issue,304.48,Refunded
702531,536469,2024-06-17,1005,20123,Changed mind,473.88,Refunded
702532,536474,2024-06-22,1036,21502,Late delivery,92.82,Refunded
702533,536480,2025-09-09,1010,21829,Quality issue,591.22,Refunded
702534,536482,2024-05-29,1023,21557,Late delivery,119.43,Refunded
702535,536499,2025-02-06,1008,22353,Late delivery,655.8,Refunded
702536,536507,2024-09-13,1004,20632,Wrong item,963.37,Refunded
702537,536517,2023-06-26,1018,22431,Quality issue,162.32,Refunded
702538,536522,2023-06-03,1008,21720,Late delivery,700.3,Replaced
702539,536543,2025-01-27,1008,21046,Wrong item,485.61,Refunded
702540,536548,2025-05-16,1028,20997,Quality issue,180.43,Replaced
702541,536554,2025-05-05,1024,20919,Damaged,119.76,Replaced
702542,536574,2024-08-10,1012,20633,Quality issue,303.74,Refunded
702543,536582,2024-12-28,1013,21832,Changed mind,977.65,Refunded
702544,536592,2025-08-30,1004,20615,Wrong item,333.05,Replaced
702545,536632,2024-03-14,1004,21185,Changed mind,763.7,Replaced
702546,536643,2024-01-01,1015,21904,Quality issue,238.66,Refunded
702547,536650,2025-12-11,1010,20550,Changed mind,260.27,Refunded
702548,536737,2025-12-25,1018,21946,Damaged,263.16,Refunded
702549,536758,2024-04-20,1023,20319,Late delivery,71.51,Replaced
702550,536765,2025-06-08,1022,20565,Damaged,97.92,Refunded
702551,536783,2023-02-04,1036,22488,Damaged,202.89,Replaced
702552,536794,2025-03-25,1013,20976,Quality issue,282.36,Refunded
702553,536828,2025-02-20,1024,21595,Changed mind,60.61,Replaced
702554,536839,2025-12-03,1001,21705,Quality issue,234.17,Replaced
702555,536864,2025-10-17,1013,22395,Changed mind,334.58,Replaced
702556,536869,2023-04-23,1005,20644,Wrong item,344.9,Refunded
702557,536885,2024-06-16,1036,21025,Wrong item,107.04,Replaced
702558,536902,2025-07-27,1016,20020,Late delivery,783.93,Refunded
702559,536905,2024-07-09,1023,22382,Wrong item,103.43,Refunded
702560,536945,2025-09-12,1027,20715,Late delivery,199.66,Replaced
702561,536946,2023-06-19,1023,20226,Wrong item,146.53,Replaced
702562,536948,2025-10-14,1026,22348,Late delivery,503.18,Replaced
702563,536955,2025-01-18,1021,20576,Quality issue,509.46,Refunded
702564,536970,2023-03-08,1018,20169,Wrong item,146.92,Refunded
702565,537027,2023-11-09,1006,22272,Damaged,170.2,Refunded
702566,537041,2025-04-06,1028,21770,Changed mind,241.3,Refunded
702567,537046,2023-05-19,1032,22183,Wrong item,178.93,Refunded
702568,537061,2025-11-09,1023,21479,Damaged,150.76,Replaced
702569,537072,2024-09-23,1015,20315,Quality issue,294.87,Replaced
702570,537087,2025-09-27,1022,21602,Quality issue,320.1,Refunded
702571,537092,2025-02-26,1026,21435,Changed mind,128.49,Refunded
702572,537095,2025-11-01,1017,20353,Quality issue,308.26,Replaced
702573,537112,2023-06-28,1012,22442,Late delivery,216.52,Replaced
702574,537114,2025-05-17,1024,20859,Changed mind,214.47,Refunded
702575,537139,2024-04-13,1001,22029,Changed mind,216.08,Replaced
702576,537169,2024-07-03,1024,22113,Damaged,51.65,Replaced
702577,537175,2024-12-24,1006,20813,Damaged,98.57,Refunded
702578,537179,2024-12-03,1010,21136,Quality issue,494.56,Refunded
702579,537180,2025-03-26,1011,20269,Late delivery,264.03,Replaced
702580,537196,2025-05-24,1026,20738,Damaged,158.29,Replaced
702581,537201,2023-04-29,1022,22327,Changed mind,85.91,Refunded
702582,537204,2023-05-18,1038,22021,Late delivery,273.5,Refunded
702583,537207,2025-04-29,1035,21106,Late delivery,289.45,Replaced
702584,537212,2023-10-29,1025,20740,Quality issue,208.04,Refunded
702585,537238,2024-04-08,1026,20052,Wrong item,116.48,Replaced
702586,537243,2023-10-27,1020,22011,Late delivery,269.4,Refunded
702587,537258,2025-03-25,1029,21627,Quality issue,71.93,Refunded
702588,537266,2023-12-17,1010,20551,Quality issue,706.42,Replaced
702589,537270,2024-05-09,1023,22190,Changed mind,148.28,Replaced
702590,537278,2023-05-11,1034,21156,Changed mind,91.23,Refunded
702591,537282,2024-01-13,1039,21339,Changed mind,268.62,Replaced
702592,537292,2025-09-27,1007,21190,Damaged,34.29,Refunded
702593,537307,2025-01-24,1037,22394,Changed mind,292.79,Refunded
702594,537376,2023-06-28,1018,20258,Changed mind,112.93,Replaced
702595,537381,2024-11-11,1001,21480,Quality issue,208.71,Refunded
702596,537384,2025-03-07,1010,22462,Late delivery,1081.47,Refunded
702597,537393,2025-12-25,1038,21972,Quality issue,242.37,Replaced
702598,537411,2024-09-15,1017,22232,Damaged,194.94,Replaced
702599,537419,2023-11-19,1032,21829,Quality issue,484.18,Refunded
702600,537431,2025-10-18,1037,20348,Damaged,292.05,Replaced
702601,537450,2023-10-01,1035,21780,Late delivery,439.58,Replaced
702602,537524,2024-10-01,1004,20498,Late delivery,278.65,Replaced
702603,537536,2023-12-06,1004,20473,Late delivery,263.75,Refunded
702604,537549,2025-09-09,1024,20979,Damaged,56.72,Replaced
702605,537584,2023-07-31,1006,21280,Late delivery,298.22,Refunded
702606,537589,2023-06-21,1022,21369,Wrong item,330.44,Refunded
702607,537629,2024-07-01,1007,20318,Late delivery,26.4,Replaced
702608,537651,2023-03-18,1036,21723,Late delivery,324.19,Refunded
702609,537664,2025-09-28,1013,21088,Damaged,306.34,Replaced
702610,537679,2023-06-25,1009,21557,Late delivery,321.3,Refunded
702611,537683,2024-05-05,1016,21612,Damaged,496.49,Refunded
702612,537686,2023-08-25,1038,21145,Quality issue,213.77,Replaced
702613,537695,2025-11-20,1014,22090,Late delivery,42.21,Replaced
702614,537696,2023-07-29,1019,22321,Late delivery,293.07,Refunded
702615,537700,2024-12-10,1035,21563,Changed mind,208.44,Refunded
702616,537732,2025-07-03,1002,20147,Damaged,223.53,Replaced
702617,537741,2023-03-17,1009,20140,Quality issue,157.14,Refunded
702618,537760,2024-01-23,1020,22442,Changed mind,301.63,Refunded
702619,537771,2025-08-07,1037,21099,Changed mind,592.94,Replaced
702620,537808,2023-02-08,1034,21935,Late delivery,454.37,Replaced
702621,537818,2024-01-11,1004,22149,Damaged,341.42,Replaced
702622,537828,2023-06-11,1039,21701,Late delivery,334.28,Refunded
702623,537867,2024-11-06,1027,22046,Wrong item,217.7,Replaced
702624,537905,2024-01-20,1030,20282,Quality issue,75.73,Replaced
702625,537912,2025-04-21,1027,20893,Late delivery,127.59,Refunded
702626,537925,2025-07-29,1026,22196,Damaged,114.66,Replaced
702627,537934,2023-09-20,1030,20899,Late delivery,75.0,Replaced
702628,537935,2025-12-30,1021,20625,Quality issue,543.32,Refunded
702629,537945,2024-07-29,1008,21121,Wrong item,199.42,Refunded
702630,537958,2024-10-08,1006,21061,Wrong item,89.49,Replaced
702631,537985,2024-07-09,1005,20676,Quality issue,378.19,Refunded
702632,537993,2023-04-23,1003,20816,Damaged,495.5,Replaced
702633,537999,2024-04-29,1020,22481,Changed mind,243.72,Replaced
702634,538017,2024-04-11,1016,20635,Wrong item,283.05,Replaced
702635,538033,2023-04-20,1026,21631,Late delivery,468.37,Replaced
702636,538039,2025-06-02,1005,22325,Damaged,133.66,Refunded
702637,538042,2023-08-01,1010,22193,Damaged,273.05,Replaced
702638,538048,2024-10-25,1034,21820,Damaged,93.31,Replaced
702639,538080,2024-06-05,1027,20586,Damaged,319.47,Refunded
702640,538081,2025-02-06,1021,21179,Late delivery,220.98,Refunded
702641,538097,2023-03-14,1018,22174,Changed mind,129.11,Replaced
702642,538107,2025-04-24,1031,21895,Quality issue,470.28,Refunded
702643,538114,2024-08-11,1026,22067,Quality issue,231.64,Refunded
702644,538134,2024-02-17,1040,21980,Late delivery,99.92,Replaced
702645,538144,2023-04-30,1036,20760,Wrong item,75.66,Refunded
702646,538152,2023-12-19,1036,20323,Damaged,155.67,Replaced
702647,538189,2025-04-29,1022,20511,Late delivery,90.84,Refunded
702648,538235,2023-10-21,1038,20442,Quality issue,245.28,Refunded
702649,538253,2024-12-13,1006,22360,Quality issue,76.98,Refunded
702650,538264,2023-12-22,1013,20775,Wrong item,1581.0,Refunded
702651,538266,2024-04-20,1034,22187,Changed mind,104.6,Refunded
702652,538268,2023-08-16,1025,21488,Late delivery,890.45,Replaced
702653,538278,2023-05-04,1005,22020,Damaged,302.53,Refunded
702654,538279,2023-06-03,1037,21061,Damaged,656.23,Replaced
702655,538280,2025-02-20,1038,21290,Quality issue,231.72,Replaced
702656,538304,2024-05-05,1035,20896,Damaged,320.12,Refunded
702657,538320,2026-01-15,1025,20419,Damaged,221.63,Replaced
702658,538359,2023-08-20,1030,20126,Late delivery,67.07,Refunded
702659,538380,2024-08-21,1027,22047,Changed mind,99.08,Replaced
702660,538419,2023-12-09,1019,21691,Damaged,274.81,Replaced
702661,538432,2023-03-07,1016,20451,Damaged,233.61,Replaced
702662,538453,2025-04-29,1013,21184,Late delivery,772.98,Replaced
702663,538470,2025-02-27,1040,20338,Changed mind,117.34,Refunded
702664,538475,2023-12-11,1016,21077,Quality issue,314.18,Refunded
702665,538479,2024-09-03,1040,21753,Quality issue,107.39,Refunded
702666,538483,2023-11-14,1033,21994,Damaged,228.69,Refunded
702667,538536,2025-06-29,1006,20658,Wrong item,104.76,Replaced
702668,538572,2024-01-20,1014,20903,Changed mind,41.34,Replaced
702669,538583,2024-07-08,1010,21992,Wrong item,297.21,Replaced
702670,538595,2024-07-22,1008,20058,Changed mind,239.59,Replaced
702671,538619,2025-04-22,1023,22489,Wrong item,38.3,Replaced
702672,538641,2025-01-29,1018,21797,Damaged,165.07,Refunded
702673,538658,2024-09-10,1019,20884,Late delivery,346.14,Refunded
702674,538659,2025-02-03,1034,20706,Damaged,74.16,Replaced
702675,538664,2024-11-13,1001,20803,Quality issue,202.19,Refunded
702676,538670,2023-09-23,1028,22288,Damaged,233.25,Refunded
702677,538672,2023-04-20,1013,21764,Changed mind,332.39,Refunded
702678,538686,2023-10-13,1028,22413,Changed mind,503.83,Refunded
702679,538693,2025-08-30,1021,21362,Late delivery,670.84,Replaced
702680,538703,2024-04-13,1003,21440,Damaged,359.03,Refunded
702681,538717,2024-01-27,1029,21455,Changed mind,154.04,Refunded
702682,538732,2025-12-29,1005,21075,Quality issue,337.37,Replaced
702683,538733,2024-05-30,1031,21260,Damaged,952.63,Replaced
702684,538738,2023-10-03,1026,21978,Changed mind,132.33,Replaced
702685,538758,2025-03-15,1026,20873,Late delivery,232.26,Replaced
702686,538773,2023-06-27,1038,21032,Wrong item,246.07,Replaced
702687,538774,2023-01-31,1008,21532,Changed mind,250.44,Replaced
702688,538776,2024-02-11,1004,21554,Damaged,890.38,Refunded
702689,538789,2024-08-12,1036,20514,Changed mind,82.28,Replaced
702690,538791,2025-08-18,1040,20266,Damaged,81.18,Replaced
702691,538834,2025-05-28,1005,20703,Late delivery,150.27,Refunded
702692,538851,2025-10-16,1023,21469,Quality issue,36.21,Replaced
702693,538854,2023-08-05,1004,22040,Damaged,332.61,Refunded
702694,538884,2023-12-09,1024,20069,Damaged,127.58,Replaced
702695,538910,2024-06-16,1039,20840,Quality issue,662.96,Refunded
702696,538955,2023-10-30,1034,21485,Wrong item,180.03,Replaced
702697,538961,2023-08-02,1008,21810,Quality issue,249.24,Refunded
702698,538969,2023-09-23,1023,20541,Late delivery,236.43,Replaced
702699,538971,2024-03-15,1038,20673,Late delivery,250.81,Refunded
702700,538988,2023-12-25,1019,21719,Late delivery,308.53,Replaced
702701,538990,2025-03-08,1021,21446,Wrong item,233.07,Replaced
702702,539011,2024-03-02,1030,20611,Late delivery,65.41,Replaced
702703,539031,2023-05-30,1039,20007,Damaged,923.11,Refunded
702704,539044,2023-04-27,1019,21969,Wrong item,274.82,Refunded
702705,539047,2023-09-28,1016,21182,Wrong item,501.64,Replaced
702706,539075,2024-05-09,1023,22105,Damaged,50.76,Replaced
702707,539092,2024-07-20,1015,21545,Quality issue,909.67,Replaced
702708,539094,2024-05-28,1010,22490,Late delivery,885.69,Refunded
702709,539100,2025-11-19,1025,22090,Late delivery,386.52,Replaced
702710,539141,2023-12-19,1009,21439,Changed mind,103.89,Refunded
702711,539143,2023-06-27,1004,21045,Late delivery,634.94,Refunded
702712,539147,2025-12-13,1001,20258,Late delivery,897.1,Replaced
702713,539156,2024-05-22,1023,22110,Late delivery,55.59,Refunded
702714,539157,2024-11-01,1023,21390,Changed mind,44.4,Replaced
702715,539182,2025-11-13,1031,20345,Late delivery,267.22,Replaced
702716,539197,2024-04-30,1014,20262,Wrong item,205.74,Replaced
702717,539211,2023-03-19,1040,21709,Damaged,326.63,Refunded
702718,539212,2024-04-10,1024,20281,Late delivery,41.86,Replaced
702719,539213,2024-08-03,1025,21440,Wrong item,221.92,Replaced
702720,539226,2023-02-12,1022,21953,Changed mind,88.33,Replaced
702721,539237,2024-08-23,1021,20290,Quality issue,208.57,Replaced
702722,539256,2024-12-05,1024,20040,Damaged,52.99,Replaced
702723,539260,2023-07-08,1004,20753,Changed mind,1147.29,Refunded
702724,539290,2025-03-03,1013,22072,Quality issue,314.16,Refunded
702725,539292,2024-08-07,1015,21714,Damaged,257.28,Replaced
702726,539295,2024-01-08,1025,20954,Quality issue,208.88,Refunded
702727,539315,2024-12-17,1024,20297,Wrong item,50.27,Refunded
702728,539319,2025-02-12,1005,21218,Wrong item,482.8,Replaced
702729,539321,2024-03-14,1014,21476,Wrong item,45.21,Refunded
702730,539332,2025-02-22,1037,20212,Damaged,334.53,Replaced
702731,539334,2023-04-26,1002,22294,Changed mind,314.8,Refunded
702732,539343,2023-09-25,1032,20426,Quality issue,208.4,Replaced
702733,539350,2024-02-11,1028,21548,Quality issue,224.21,Replaced
702734,539356,2023-02-25,1011,20080,Changed mind,968.26,Replaced
702735,539359,2023-08-06,1021,21521,Quality issue,438.65,Replaced
702736,539384,2024-06-06,1037,21250,Quality issue,339.66,Replaced
702737,539389,2023-11-23,1012,20661,Changed mind,179.8,Replaced
702738,539406,2024-07-17,1039,21971,Wrong item,682.15,Refunded
702739,539455,2023-10-11,1033,22320,Late delivery,240.22,Replaced
702740,539462,2023-06-17,1022,20737,Quality issue,75.53,Refunded
702741,539463,2024-03-31,1001,21619,Late delivery,184.69,Refunded
702742,539477,2025-06-29,1026,22442,Quality issue,143.08,Refunded
702743,539485,2023-03-05,1039,20233,Changed mind,651.23,Refunded
702744,539516,2024-09-22,1033,21060,Quality issue,789.12,Replaced
702745,539530,2023-02-19,1036,21473,Damaged,318.4,Refunded
702746,539533,2023-11-29,1033,21383,Changed mind,248.73,Replaced
702747,539535,2024-08-20,1014,21445,Damaged,45.41,Replaced
702748,539542,2023-04-05,1004,20828,Wrong item,322.67,Replaced
702749,539563,2023-04-11,1007,20220,Changed mind,59.56,Refunded
702750,539578,2023-05-20,1033,21999,Damaged,1122.93,Refunded
702751,539606,2025-05-19,1021,20265,Quality issue,245.47,Replaced
702752,539607,2024-07-18,1001,20009,Quality issue,342.35,Replaced
702753,539667,2025-01-16,1035,20470,Wrong item,146.56,Replaced
702754,539682,2023-10-15,1028,20264,Changed mind,882.3,Replaced
702755,539683,2023-06-09,1037,20318,Damaged,294.06,Refunded
702756,539687,2023-12-07,1025,22179,Damaged,506.17,Replaced
702757,539696,2025-01-05,1035,22220,Late delivery,487.33,Replaced
702758,539716,2025-01-07,1030,20931,Quality issue,83.75,Replaced
702759,539751,2024-04-20,1038,20949,Wrong item,253.12,Replaced
702760,539754,2025-07-06,1009,20207,Wrong item,386.18,Refunded
702761,539775,2025-06-29,1010,22420,Changed mind,218.44,Refunded
702762,539782,2024-08-21,1040,21535,Changed mind,93.36,Refunded
702763,539805,2024-03-07,1018,22257,Changed mind,111.45,Refunded
702764,539807,2025-04-19,1029,22228,Damaged,59.52,Replaced
702765,539819,2025-09-29,1005,20403,Late delivery,188.7,Refunded
702766,539823,2024-08-14,1032,21732,Late delivery,227.07,Refunded
702767,539857,2024-09-23,1002,20621,Changed mind,129.8,Refunded
702768,539869,2025-04-17,1036,20857,Wrong item,81.79,Refunded
702769,539897,2023-02-16,1021,20182,Damaged,289.42,Replaced
702770,539908,2024-07-09,1006,21520,Late delivery,87.3,Replaced
702771,539917,2023-04-13,1014,22379,Wrong item,103.6,Replaced
702772,539924,2025-04-02,1010,20793,Changed mind,268.53,Replaced
702773,539933,2025-12-07,1014,20917,Quality issue,116.42,Replaced
702774,539941,2025-07-07,1036,21304,Damaged,316.14,Refunded
702775,539946,2024-02-08,1034,21753,Late delivery,112.8,Replaced
702776,539974,2023-04-09,1027,22221,Wrong item,113.79,Refunded
702777,539981,2024-05-15,1011,21244,Wrong item,434.45,Replaced
702778,539985,2024-03-24,1027,22133,Damaged,82.4,Refunded
702779,540016,2025-08-11,1031,20692,Late delivery,759.23,Refunded
702780,540019,2025-06-08,1021,21238,Wrong item,256.37,Replaced
702781,540023,2025-07-23,1034,20422,Late delivery,156.39,Refunded
702782,540051,2025-12-07,1013,21559,Quality issue,548.62,Refunded
702783,540075,2023-05-02,1040,20667,Wrong item,93.95,Refunded
702784,540103,2023-06-07,1019,20172,Late delivery,234.37,Replaced
702785,540129,2023-02-17,1039,20440,Damaged,1606.84,Refunded
702786,540134,2025-08-26,1032,21231,Damaged,175.54,Replaced
702787,540161,2023-11-09,1033,21537,Changed mind,273.91,Refunded
702788,540175,2023-10-22,1021,22438,Wrong item,652.99,Replaced
702789,540212,2024-01-03,1035,21045,Late delivery,114.22,Replaced
702790,540213,2023-05-05,1002,21903,Damaged,115.77,Replaced
702791,540256,2025-04-02,1033,22054,Quality issue,610.6,Refunded
702792,540257,2024-05-26,1021,20229,Changed mind,288.43,Refunded
702793,540264,2025-08-07,1035,20225,Wrong item,103.48,Refunded
702794,540273,2023-09-17,1034,21031,Quality issue,78.07,Refunded
702795,540303,2024-10-17,1025,21093,Damaged,202.81,Refunded
702796,540304,2024-03-24,1007,20127,Quality issue,28.88,Refunded
702797,540343,2024-11-05,1017,22020,Quality issue,588.36,Refunded
702798,540351,2025-11-25,1036,20203,Changed mind,192.79,Refunded
702799,540371,2023-08-30,1024,20561,Changed mind,63.01,Replaced
702800,540377,2024-08-24,1036,21567,Quality issue,261.89,Refunded
702801,540383,2023-09-30,1012,21312,Damaged,136.93,Refunded
702802,540384,2024-01-29,1017,20976,Quality issue,449.41,Replaced
702803,540389,2024-06-15,1024,22069,Changed mind,216.98,Replaced
702804,540394,2023-08-19,1039,20803,Late delivery,275.31,Refunded
702805,540404,2025-10-19,1037,20461,Late delivery,332.95,Replaced
702806,540405,2024-08-13,1013,22312,Quality issue,1287.62,Refunded
702807,540410,2023-01-29,1022,20060,Wrong item,308.4,Replaced
702808,540426,2024-11-15,1038,20753,Changed mind,191.06,Replaced
702809,540438,2023-06-18,1028,22060,Wrong item,239.36,Refunded
702810,540450,2025-12-01,1013,20211,Changed mind,326.5,Replaced
702811,540459,2025-08-07,1021,21902,Changed mind,249.2,Refunded
702812,540468,2023-12-28,1006,21424,Late delivery,138.36,Replaced
702813,540486,2024-06-05,1029,20510,Quality issue,121.47,Refunded
702814,540515,2023-04-27,1022,20674,Quality issue,80.2,Refunded
702815,540523,2025-07-09,1025,21830,Wrong item,170.39,Replaced
702816,540556,2023-04-11,1029,22331,Quality issue,158.95,Replaced
702817,540563,2023-09-04,1023,20266,Changed mind,126.94,Refunded
702818,540569,2024-02-18,1025,21828,Wrong item,384.35,Replaced
702819,540600,2025-12-17,1038,22474,Late delivery,805.14,Replaced
702820,540609,2024-07-19,1033,22275,Late delivery,326.26,Refunded
702821,540616,2023-10-18,1039,20638,Damaged,373.61,Replaced
702822,540623,2023-06-20,1034,20677,Quality issue,83.9,Refunded
702823,540633,2023-09-02,1017,20513,Damaged,332.32,Refunded
702824,540673,2023-07-05,1020,21056,Changed mind,332.62,Replaced
702825,540715,2025-10-26,1028,21235,Quality issue,786.88,Replaced
702826,540732,2024-05-19,1009,20205,Quality issue,90.34,Refunded
702827,540740,2024-08-07,1010,21636,Late delivery,774.31,Refunded
702828,540776,2023-11-12,1014,21849,Late delivery,103.41,Replaced
702829,540783,2024-08-18,1013,22315,Changed mind,642.75,Refunded
702830,540803,2023-02-01,1023,20294,Quality issue,95.94,Refunded
702831,540815,2025-08-12,1032,21054,Changed mind,344.87,Replaced
702832,540849,2025-05-23,1034,20274,Wrong item,248.84,Replaced
702833,540874,2023-09-19,1040,20010,Wrong item,89.52,Replaced
702834,540898,2025-04-01,1036,22314,Late delivery,103.3,Replaced
702835,540922,2024-03-30,1018,20510,Late delivery,278.17,Refunded
702836,540938,2023-09-19,1014,20814,Late delivery,121.07,Replaced
702837,540942,2023-09-20,1015,20928,Wrong item,332.99,Replaced
702838,540955,2023-09-13,1036,20502,Changed mind,276.11,Refunded
702839,540963,2023-01-26,1036,20129,Damaged,89.78,Replaced
702840,540983,2024-04-01,1011,20152,Damaged,247.73,Refunded
702841,540986,2025-03-04,1024,20178,Wrong item,95.38,Refunded
702842,540988,2023-12-01,1032,20605,Damaged,222.86,Refunded
702843,540993,2024-08-14,1035,21242,Wrong item,105.86,Refunded
702844,541005,2024-05-25,1037,21173,Wrong item,290.54,Refunded
702845,541019,2023-09-16,1013,21559,Changed mind,344.7,Replaced
702846,541066,2024-08-15,1020,20732,Quality issue,532.52,Refunded
702847,541081,2025-09-04,1020,21826,Changed mind,1089.3,Refunded
702848,541086,2025-05-26,1017,20768,Quality issue,166.06,Replaced
702849,541108,2024-12-04,1023,21701,Late delivery,54.83,Refunded
702850,541110,2025-01-09,1009,20145,Late delivery,540.26,Replaced
702851,541119,2023-07-14,1004,21032,Late delivery,596.14,Replaced
702852,541121,2023-12-02,1018,21481,Quality issue,139.12,Refunded
702853,541158,2023-06-01,1025,22064,Damaged,456.8,Refunded
702854,541179,2025-12-18,1021,21661,Late delivery,242.99,Refunded
702855,541202,2023-02-10,1002,21575,Quality issue,102.45,Refunded
702856,541212,2023-03-01,1032,20518,Late delivery,351.23,Replaced
702857,541245,2023-04-19,1005,20883,Damaged,354.42,Refunded
702858,541246,2024-09-26,1015,20291,Changed mind,1065.49,Refunded
702859,541250,2025-01-05,1007,20275,Quality issue,28.34,Replaced
702860,541251,2025-09-24,1034,20508,Quality issue,88.98,Refunded
702861,541262,2023-12-23,1006,21263,Quality issue,102.79,Refunded
702862,541263,2024-06-20,1005,21755,Quality issue,151.28,Refunded
702863,541322,2025-03-25,1007,20043,Damaged,26.1,Refunded
702864,541372,2025-03-23,1028,22150,Damaged,277.36,Refunded
702865,541383,2024-03-15,1016,20414,Damaged,699.75,Refunded
702866,541384,2024-09-21,1023,21187,Wrong item,49.26,Refunded
702867,541391,2023-03-16,1015,22356,Late delivery,1032.78,Refunded
702868,541395,2023-09-14,1004,22456,Changed mind,227.15,Refunded
702869,541405,2023-08-22,1037,21169,Wrong item,307.21,Replaced
702870,541408,2023-06-02,1008,20286,Quality issue,497.36,Refunded
702871,541440,2025-03-14,1004,20618,Changed mind,567.71,Replaced
702872,541441,2025-10-10,1021,20644,Wrong item,496.94,Refunded
702873,541445,2023-02-09,1005,20205,Wrong item,149.97,Refunded
702874,541455,2024-06-16,1038,21745,Damaged,490.69,Replaced
702875,541462,2024-03-23,1028,22029,Late delivery,436.78,Replaced
702876,541472,2023-07-02,1028,20530,Quality issue,170.98,Replaced
702877,541500,2024-05-04,1035,22125,Changed mind,307.22,Replaced
702878,541505,2024-01-09,1003,20915,Damaged,544.51,Replaced
702879,541529,2023-05-31,1009,22421,Quality issue,306.49,Refunded
702880,541530,2025-11-19,1001,20772,Wrong item,208.51,Refunded
702881,541539,2024-11-10,1016,21429,Quality issue,1322.06,Replaced
702882,541569,2023-02-14,1009,21318,Changed mind,320.19,Replaced
702883,541572,2023-03-20,1029,22313,Changed mind,224.09,Refunded
702884,541592,2025-07-21,1031,21901,Changed mind,1433.36,Refunded
702885,541603,2025-06-18,1017,20439,Late delivery,644.23,Refunded
702886,541611,2026-01-03,1031,22199,Damaged,712.68,Refunded
702887,541645,2025-07-25,1002,22451,Late delivery,212.97,Refunded
702888,541647,2025-12-27,1019,20217,Changed mind,431.69,Refunded
702889,541649,2023-12-05,1023,21767,Changed mind,46.56,Replaced
702890,541652,2025-06-15,1035,20019,Quality issue,115.01,Refunded
702891,541656,2024-04-18,1030,22220,Wrong item,63.51,Refunded
702892,541663,2023-09-19,1006,20578,Changed mind,225.72,Refunded
702893,541688,2025-10-13,1008,21890,Damaged,216.65,Refunded
702894,541727,2024-06-13,1016,22424,Damaged,543.94,Replaced
702895,541735,2025-01-01,1036,22438,Damaged,70.06,Refunded
702896,541741,2023-07-01,1029,20464,Quality issue,199.48,Replaced
702897,541765,2023-11-17,1038,22036,Wrong item,224.55,Refunded
702898,541778,2025-02-26,1014,20017,Wrong item,60.3,Refunded
702899,541786,2023-11-16,1023,21230,Late delivery,74.32,Replaced
702900,541797,2025-11-30,1009,20975,Wrong item,89.83,Refunded
702901,541826,2025-08-07,1017,22417,Damaged,564.56,Refunded
702902,541840,2023-10-07,1003,20964,Damaged,1022.65,Refunded
702903,541841,2024-10-21,1007,21538,Late delivery,19.77,Replaced
702904,541842,2024-12-06,1025,22055,Quality issue,397.17,Refunded
702905,541852,2025-06-05,1025,21976,Wrong item,254.51,Replaced
702906,541885,2023-04-03,1033,21350,Late delivery,256.77,Replaced
702907,541908,2024-03-19,1035,20134,Damaged,122.78,Replaced
702908,541938,2025-03-04,1014,20895,Damaged,45.07,Replaced
702909,541986,2025-01-21,1013,20139,Changed mind,316.83,Refunded
702910,541996,2025-01-06,1021,20562,Damaged,768.97,Replaced
702911,541999,2025-12-16,1022,21000,Late delivery,69.19,Refunded
